control_number,student1,student2,student3,university,prize,
2200002,Jiaying Yin,Yingxin Liu,Zhehan Qi,BNU-HKBU United International College,Successful Participant,
2200003,Ding Xueqi,Wang Yian,Liu Yuxuan,BNU-HKBU United International College,Successful Participant,
2200004,Li Sirui,Peng Bo,Xiao Dingwen,BNU-HKBU United International College,Honorable Mention,
2200005,He Yandi,Fu Weichen,Sun Qihao,BNU-HKBU United International College,Successful Participant,
2200006,Hansheng Li,Hongx1 Zhang,Haoxuan Feng,BNU-HKBU United International College,Successful Participant,
2200007,XINYI ZHANG,Zhuoran Wang,Zhichen Huang,Maynooth Engineering,Successful Participant,
2200008,ZhiGang You,S1Yu Zhao,RunQi Chao,China University of Geosciences (wu han),Successful Participant,
2200009,Hao Qi,Yue Yang,Mingyu Jia,ChongQing University of arts and sciences,Disqualified - P,
2200010,Jialong Jiang,Han Qin,Yuanhao Liu,Shanghai University,Successful Participant,
2200011,Xu Jiayun,Hou Huantong,Chen Bingshen,BNU-HKBU United International College,Successful Participant,
2200012,Liu Yiy1,Wu Ruibing,Yu Xiaotong,BNU-HKBU United International College,Honorable Mention,
2200013,Zian Wang,Yuanx1 Peng,Teng Fei,BNU-HKBU United International College,Honorable Mention,
2200014,Fan Yuchen,Zhang Yihan,Guo Wenhao,BNU-HKBU United International College,Successful Participant,
2200015,Qian Yaqi,Huang Huiran,Wu Zhuogen,BNU-HKBU United International College,Meritorious Winner,
2200016,Zhao Zian,Zhang Yan,Yu Haoming,BNU-HKBU United International College,Honorable Mention,
2200017,Li Yifan,Fei Yue,Tang Linchuan,BNU-HKBU United International College,Successful Participant,
2200018,Zhang Le,Deng X1aoqi,Xie Suiwel,BNU-HKBU United International College,Successful Participant,
2200019,LI Xuran,SUN Xiaoxuan,LU Qianqian,BNU-HKBU United International College,Successful Participant,
2200020,Chen Yangyang,Liu Lefei,He Zhiying,BNU-HKBU United International College,Successful Participant,
2200021,Huang Chujun,Liu Anyan,Wu You,BNU-HKBU United International College,Honorable Mention,
2200023,Chen Xinming,Li Qiuxian,Ma Tiancheng,BNU-HKBU United International College,Successful Participant,
2200024,ZHENG YUHAN,XUE SHAOJIE,LIN XIAOTAO,BNU-HKBU United International College,Meritorious Winner,
2200025,ZHANG Xiaopeli,ZHANG Xueying,BI X1,BNU-HKBU United International College,Honorable Mention,
2200026,Zhang Jinwei,Xiao Lefu,Liu Xinhui,BNU-HKBU United International College,Honorable Mention,
2200027,Junhao Wu,Jiaming Zhang,qinke Wang,Shenzhen University,Successful Participant,
2200028,Hongfei Peng,Shun Jiang,Xiaoqing Liu,Wuhan University,Honorable Mention,
2200029,Zhou Shilin,Jingting Luo,Ziyue Zhang,China Jiliang University,Disqualified - P,
2200030,Wu Wei,Chen Zhenzhen,Gao Junxiu,BNU-HKBU United International College,Successful Participant,
2200031,Jiang Liyao,Jiang Guilin,Zuo Shuaitao,BNU-HKBU United International College,Successful Participant,
2200032,LIU Minghao,HUANG Zhaojia,SA Xingyun,BNU-HKBU United International College,Successful Participant,
2200033,Xiao Zhengtao,Feng Yaopeng,Chen Zhengyu,BNU-HKBU United International College,Successful Participant,
2200034,Xia Linhan,Huang Yuhao,Hou Yishi,BNU-HKBU United International College,Successful Participant,
2200035,Li Zuka1,Lin Runsheng,Xing Zehan,BNU-HKBU United International College,Meritorious Winner,
2200036,CHEN HONGXI,CHEN MEITONG,HU XINYUE,BNU-HKBU United International College,Successful Participant,
2200037,Li Mohan,Luo Meimei,Lu Chengjie,BNU-HKBU United International College,Successful Participant,
2200038,Zhang Lingshuo,Lu Hongy1,Pang Haohua,BNU-HKBU United International College,Successful Participant,
2200039,Tian Yuxin,Wang Ziyu,Yang Yu,BNU-HKBU United International College,Successful Participant,
2200041,Yibo Zhou,Yang Chen,Jinming Guo,Hainan university,Successful Participant,
2200042,Siqi Guo,Linhao Ma,Zhengyang Zhang,Tianjin University,Successful Participant,
2200044,Jiaxiang Wang,Li Wang,Northwestern Polytechnical University,Honorable Mention,
2200045,Bingchu Zhao,Han Lv,Yongkai Wang,Wuhan University,Honorable Mention,
2200046,Junwei Liu,Yangyong Deng,Hunan Normal University,Disqualified - P,
2200047,Kuinan Wang,Yongkang Yan,Rong Fan,Guizhou University,Honorable Mention,
2200049,Xin Wang,Ye Chen,Pengyu Zhang,Tianjin University,Disqualified - P,
2200050,Yigi Wang,Chengyang Liu,Xiaoli Li,University of Science and Technology of China,Successful Participant,
2200051,Tianyi Wang,Qibin Gao,Tianzhi Wang,Lanzhou University,Successful Participant,
2200052,Haitong Yang,Xiaowei Wang,China University of Petroleum,Successful Participant,
2200053,Muchen Hu,Xiaotian Liu,Peking University,Honorable Mention,
2200054,Yanxuan Yu,Yuxuan Zhang,Yuqi Li,Shenzhen University,Successful Participant,
2200055,Wen Yang,Shuy1 Cheng,Haoran Li,Jiamusi University,Unsuccessful - I,
2200056,Dacheng Yang,Hanpeng Liu,Yueyang Zheng,NortheastAgricultural University,Successful Participant,
2200057,Jiangchuan Mu,Xin Yang,Z1xu Wel,China University of Petroleum (EastChina),Honorable Mention,
2200058,Fangjun Luo,Peijia Luo,China University of Petroleum-Beiing atKaramay,Successful Participant,
2200059,Yunge Huang,Jingxin Tan,Liping Wang,Jiamusi University,Successful Participant,
2200060,Shuqi Wen,Yujian Liu,Central South University of Forestry and Technolog:,Honorable Mention,