2205001,Wetye Xiao,Li Zhou,Haojie Shen,Xuzhou Medical University,Successful Participant,
2205002,Siyu Qi,Wenhan Wang,Chen Fang,Beihang University,Honorable Mention,
2205004,Luyun Gu,Yuxing Wang,Xujin Xiang,Donghua University,Successful Participant,
2205005,Xin Gao,Yuxuan Fan,Jiaqi Zhang,Donghua University,Successful Participant,
2205006,Huanyu Lin,Xinxin Li,Tao Lin,Donghua University,Successful Participant,
2205007,Ruofeng Mei,Kun Lin,Yunzhi Yan,Donghua University,Successful Participant,
2205008,Jingru Xie,Kenan Mei,Fan Song,Donghua University,Honorable Mention,
2205009,Xiayun Xiong,Yubing Zhang,Jiajun Peng,Donghua University,Honorable Mention,
2205010,Wenchi Wan,Sihan Wei,Wenyu Qiu,Sun Yat-Sen University,Meritorious Winner,
2205011,Yiming Xiong,Butian Xiong,Zhen Tong,The Chinese University of Hong Kong  Shenzhen,Honorable Mention,
2205012,Zhongbin Pu,Yixin Sun,Jiaxin Wang,SUN YAT-SEN UNIVERSITY,Honorable Mention,
2205013,Liao Yu,Zhao Hang,Jiang Mengyuan,Inner Mongolia Normal University,Honorable Mention,
2205014,Shiyu Wang,Keyi Zeng,Tao Li,Sun Yat-Sen University,Successful Participant,
2205015,Ziyu Liu,Jinnan Sun,Yuxiao Wang,Liaoning University,Successful Participant,
2205016,Junbo Li,Haofeng Xu,Jiani Lin,Beihang University,Successful Participant,
2205017,Zijian Cui,Runfei Yi,Chenghuan Li,Beihang University,Successful Participant,
2205018,CaiZhirong,JinZiqi,ZhangDongwel,Beihang University,Successful Participant,
2205019,Yulu Yao,Rundi Liu,Jiayu Wan,Fudan University,Successful Participant,
2205020,Juny1 Chen,Yunfan Shi,Qirun Liu,Beijing Institute of Technology,Successful Participant,
2205021,Ye Liuyang,Xia Leqing,Ouyang Yuxin,China University of Petroleum(East China),Honorable Mention,
2205022,Haidong Cao,Weihao Liu,Xiaokun Huang,Harbin Institute of Technology(Shenzhen),Finalist,
2205023,Ding Jin,Tao Duhui,Meng Jialu,China University of Petroleum(East China),Honorable Mention,
2205024,Wang Sutong,Zhou Yuzhen,Hou Xu,China University of Petroleum(East China),Honorable Mention,
2205026,Yuanmeng Zheng,Peng Zhang,Ningyjie Hu,Zhengzhou University,Meritorious Winner,
2205027,Xiaoran Zhang,Chenxiao Zhang,Borui Guo,Zhengzhou university,Honorable Mention,
2205028,taohuan,zhangman,zhangzhenkun,Beithang University,Successful Participant,
2205029,Wang Xuanyao,Chen Cheng,Jiang Jinyang,Beihang University,Honorable Mention,
2205030,LiCheng Ding,Zi Xin Chen,SiHao Lin,Donghua University,Successful Participant,
2205031,Hexin Zhuang,Ruichun Zhang,Yiding Li,Xi'an International Studies University,Honorable Mention,
2205032,Yuchen Zhu,Yujia Zhao,Rui Zhang,Northwest University,Successful Participant,
2205033,Ruike Huang,Rong Hu,Yuqin Li,Xihua University,Successful Participant,
2205034,Junjie Li,HuaHuan Wang,Xingkang Zhang,Tianjin Chengjian University,Honorable Mention,
2205035,Yining Tan,Ruize Zou,Jie Rao,China University of Geosciences,Successful Participant,
2205036,HuangfuMengying,LiuChun,LiBin,Donghua University,Honorable Mention,
2205038,Keyao Li,Jiaxiao Hu,Tao Jing,Northwest University,Meritorious Winner,
2205039,Wu Yu,Chen Jiatong,Hu Zongao,Donghua University,Successful Participant,
2205040,Yifang Zhang,Qiannan Rong,Yanghua Li,Zhengzhou University,Successful Participant,
2205041,Dan Liu,Quanjingzi Yuan,Wenbin Lu,Donghua University,Disqualified - P,
2205042,Xinyue Chen,Xiaoyan Du,Rulin Huang,Shandong University of Science and Technology,Successful Participant,
2205043,Yuhan Guo,Qianwei Qu,Yanyan Liang,Tianjin University of Finance and Economics,Successful Participant,
2205044,Shuaibin Ren,Fuxin Bai,Fucai Liu,Xi'an Traffic Engineering Institute,Successful Participant,
2205045,Qianyun Shao,Wenzhe Tian,Zonghui Dai,Xi'an Traffic Engineering Institute,Successful Participant,
2205046,Zhang Qiaoying,Jia Anxuan,Chen Jialin,China University of Petroleum(East China),Successful Participant,
2205047,Wanting Zheng,Wei Zhang,Shunzhai Liu,Xi'an Traffic Engineering Institute,Successful Participant,
2205048,Qinglin Yang,Yuhao Liu,Yuxin Xie,Xi'an Traffic Engineering Institute,Successful Participant,
2205049,HuangKai,Cheng xingran,Liu yue,Yanbian University,Successful Participant,
2205050,Haojia Wang,Haobo Zhao,Yingjia Zhao,Henan University of Science and Technology,Successful Participant,
2205051,Junyuan Lu,linfeng song,Yujiao he,Zhengzhou University,Successful Participant,
2205052,Yiwen Zhong,Xiaoru Liang,Tao He,South China Normal University,Successful Participant,
2205053,Song Yue,Wang Zili,Wang Min,China University of Petroleum(East China),Successful Participant,
2205054,Yuchen HU,Xin YU,Siyu XIE,Nankai University,Honorable Mention,
2205055,Were Liu,Weiwei She,Yue Zhang,Guangdong Ocean University,Successful Participant,
2205056,Zhangyang Ge,Ruolan Wang,Shuchen Shi,Southeast University,Honorable Mention,
2205057,Qiuxian Jia,Wen Jiang,Zhen Li,Anhui Polytechnic University,Disqualified - P,
2205058,Mao Haodong,Liu Chaoxia,Chen Xiaorong,Nankai University  Binhai,Successful Participant,
2205059,Guang Lei,Zi Cheng,Yiging Zhong,Wuhan University,Meritorious Winner,
2205060,Rui Tan,Yuanli Zhai,Yufer Wu,Beijing Institute of Technology,Successful Participant,
2205061,Xiuqi Chen,Yijia Bai,Rui Xiong,Wuhan University of Science and Technology,Honorable Mention,
2205062,Chuangui Huang,Yubing Qiu, ,Donghua University,Meritorious Winner,
2205063,Sun Yanfei,Xu Minxing,Chen Xinyu,North China Electric Power University,Successful Participant,
2205065,Yun-Wei Li,Zhen- Yang Gao,Yu-Jie Shi,Beijing Institute of Technology,Successful Participant,
2205066,YILIN JU,YUCHEN ZHU,KELU WANG,Zhejiang University of Finance and economy,Disqualified - P,
2205067,Fukang Li,Siyu Li,Qifan Huang,Qilu University of Technology,Successful Participant,
2205068,Wenxuan Li,Xujie Zheng,Xiuxia Chen,South China Agricultural University,Successful Participant,
2205069,Di Sun,Xingyu Zhao,Luojin Song,Qilu University of Technology,Successful Participant,
2205070,Du Binbin,Lv Dongbao,Zhang Xianghai,China University of Petroleum(East China),Successful Participant,
2205071,Jinming Zhong,Xueli Chang,Zhizhuo Zhao,Qilu University of Technology,Successful Participant,
2205072,Xinweli Yin,Chengci Wang,Xiaoyan Chen,Qilu University of Technology,Successful Participant,
2205073,Rui Zhang,Keliang Yao,Bohan Liu,Dalian University of Technology,Successful Participant,
2205074,Yunbo Li,Rong Xu,Bin Meng,Qilu University of Technology,Honorable Mention,
2205075,Xinxin Yao,Yihan Li,Xing Xie,Yunnan Minzu University,Successful Participant,
2205076,Mengfei Ni,Mengyuan Wang,Chen Zhou,Qilu University of Technology,Successful Participant,
2205077,Haotian Wang,Xinyuan Zheng,Qinglei Cao,Qilu University of Technology,Honorable Mention,
2205078,Li Runfei,Liu Chaoyi,Liu Mengzhe,China University of Petroleum(East China),Honorable Mention,
2205079,Yue Zhao,Wenqi Zhang,Yingming Jiang,Qilu University of Technology,Successful Participant,
2205080,Yingying Sun,Xiaochan Li,Hui Ding,Qilu University of Technology,Meritorious Winner,
2205081,Jiahao Wu,Zhengyuan Li,Wenji Jia,Beihang University,Successful Participant,
2205082,Jiashuai Li,Liwen Zheng,Bohan Wu,Qilu University of Technology,Honorable Mention,
2205083,Lu Han,Guo Yulong,Zhou Wenhao,China University of Petroleum(East China),Meritorious Winner,
2205084,Jiawen Liu,Zhixiao Ni,Jiayuan Shen,Beijing Institute of Technology,Honorable Mention,
2205086,Qingao Zhao,Linzhi Li,Weixin Liu,Qilu University of Technology,Successful Participant,
2205087,Qingxuan Qu,Jixuan Duan,Zhenhao Li,Qilu University of Technology,Successful Participant,
2205089,Yuhang Zhao,Z1x1 Zhuang,Lingbo Wang,Qilu University of Technology,Honorable Mention,
2205090,Baoxiao Sui,Hong Meng,Yayun Zou,Qilu University of Technology,Successful Participant,
2205091,Yifan Xu,Zijun Xiong,Mengyuan Li,Shanghai University,Meritorious Winner,
2205092,Kong Yue,Liu Chenhui,Hua Nan,Qufu Normal University,Successful Participant,
2205093,Xin Zhu,Yulu Yang,Wenyu Zhang,China Three Gorges University,Meritorious Winner,
2205094,Tongtong Lin,Jinzhi Ping,Peng Zhang,Qilu University of Technology,Successful Participant,
2205095,Jingjing Cao,Chao Yang,Shuqi Huang,Qilu University of Technology,Meritorious Winner,
2205096,Liu Guangyin,Gou Linhan,Yin Minghao,China University of Petroleum(East China),Successful Participant,
2205097,Jiarui Yuan,Fuyu Sun,Lipeng Zhou,Northwest A&F University,Honorable Mention,
2205098,bijia Yang,jinze Yang,jiacheng Yu,King's College London,Successful Participant,
2205099,Zongyou Liu,YiMing Liu,ChengLei Wang,Shenyang Aerospace University,Successful Participant,
2205100,Xing Hu,Yongkai Ye,Xudong Jing,Northwest A&F University,Honorable Mention,
2205101,Zimo Ji,Junxiao Ma,Zhenhua He,Northwestern Polytechnical University,Successful Participant,
2205102,Caowenke Lu,Jiyuan Pang,Hongtu Dai,The Northwestern Polytechnical University,Successful Participant,
2205103,Duanping Chen,Yuan Sui,Zewei Zheng,Qilu University of Technology,Successful Participant,
2205104,He Zhou,Hang Xu,Peng Yang,North China Electric Power University Baoding,Successful Participant,
2205105,Aonan Zheng,Jinsheng Hu,Tinghui Zhao,Nanjing Tech University,Successful Participant,
2205106,Zou haoran,Yue yeshun,Wang chen,Three Gorges University,Successful Participant,
2205107,Xinwel Song,Peiyi Fang,Zuhan Wang,Southwest Jiaotong University,Successful Participant,
2205108,Nan An,Wanghui Sun,Heng Yan,China Three Gorges University,Successful Participant,
2205109,Rutye Hao,Yeheng Huang,Xiaofei Niu,Xi'an Traffic Engineering Institute,Successful Participant,
2205110,Yutao Sun,Shuangfan Zhou,Qirui Wu,Beijing University of Posts and Telecommunication,Meritorious Winner,
2205111,Xiang Gao,Leyan Xi,Gong Yiming,Xi'an Jiaotong University,Successful Participant,
2205112,Qian Zhang,Tian Xiang,Ruoxt Li,Wuhan Textile University,Disqualified - P,
2205113,Wuyie Wang,Siming Wu,Xin Shen,Huazhong University of Science and Technology,Successful Participant,
2205114,Zijie Wang,Zhule Liu,Hongfu Li,Sun Yat-Sen University,Honorable Mention,
2205115,Yuwei Liu,Yuhang Liu,Yongtong Wang,Harbin Medical University,Successful Participant,
2205116,Wenhai Deng,Jiahao Luo,Zeting Chen,Sun Yat-Sen University,Successful Participant,
2205117,Siy1 Ye,Xinyi Shen,Jiayu Long,Shanghai Jiao Tong University,Successful Participant,
2205118,Leyan Zhou,Yiru Wang,Chenjie Wang,Dalian Maritime University,Successful Participant,
2205120,Wenjing Xie,Fengxuan Luo,Yu Long,Dalian Maritime University,Successful Participant,
2205121,Mingyue Feng,Anxin Tao,Jingyu Ye,Dalian Maritime University,Meritorious Winner,
2205122,Chengyan Li,Yang Cao,Liuhua Chen,Dalian Maritime University,Disqualified - P,
2205123,Junging Chen,Shen Wang,Yao Zhao,Dalian Maritime University,Honorable Mention,
2205125,Wenxuan Guo,Fangfei Shen,Yinping Liu,Dalian Maritime University,Disqualified - P,
2205126,Pengfei Xie,Xiaopeng Guo,Kailai Wang,Dalian Maritime University,Honorable Mention,
2205127,Ziyu Wang,Chenyu Yuan,Aohan Dai,Dalian Maritime University,Successful Participant,
2205128,Hanjie Peng,Hongguang Zhan,Junren Wang,Dalian Maritime University,Successful Participant,
2205129,Chengwei Yang,Naizhi He,Yule Ding,Dalian Maritime University,Meritorious Winner,
2205130,Zile Chen,Qu Li,Tianyi Zhu,Sun Yat-Sen University,Successful Participant,
2205131,Wenhao Dong,Shuai Dang,Shiyao Cheng,X1’an Aeronautical Institute,Honorable Mention,
2205132,Yanwei DUAN,Zehao Jiang,Shile Tang,Xi'an University of Technology,Disqualified - P,
2205133,Chuankun Fang,Chuanrui Zhang,Yiyu Wang,Qingdao Agricultural University,Successful Participant,
2205134,Kailin Liang,Yong Yu,Xueqi Wang,Northwest A & F University,Successful Participant,
2205135,Zhang Chen,Qing Xu,Liyuan Liu,Changsha University of Science and Technology,Honorable Mention,
2205136,Yaxing Zhang,Wanyang Du,Nanyu Huang,China Three Gorges University,Meritorious Winner,
2205137,Fangyi Chen,Yuxin Gan,Yikai Yu,North China Electric Power University,Successful Participant,
2205138,Zihao Guo,Letao Gu,Jiquan Chen,Guilin University of Electronic Technology,Successful Participant,
2205139,Heng Tang,Xinda Sheng,Hengwei Zhang,Shandong University of Science and Technology,Honorable Mention,
2205140,Yezhen Gu,Yan Wang,Tianshu Song,Qilu University of Technology,Honorable Mention,
2205141,Feng Liu,Zaihe Yang,Hang Han,Anhui Polytechnic University,Successful Participant,
2205142,Zijie Wu,Yatao Wang,Yuanlong Zhang,Qilu University of Technology,Successful Participant,
2205143,Runming He,Shuai Feng,Meilin Meng,Dalian Maritime University,Successful Participant,
2205145,Yunhe Zhang,Ran Ji,Xinke Li,Beijing Institute of Technology,Meritorious Winner,
2205146,Zheng Mingchang,Sha Yucheng,Lu Chuanchuan,Beihang University,Successful Participant,
2205147,Shaoxi Meng,Qi Zeng,Jingi Yang,Zhengzhou University,Successful Participant,
2205148,Jinlin Tang,Hao Yin,Shengtao Gao,JiangNan University,Successful Participant,
2205149,Xu Jiexi,Tang Zhenyu,Jiang Guangqi,Sichuan University,Successful Participant,
2205150,Yanzhen Guo,Ziqi Gong,Pankun Wang,Qufu Normal University,Successful Participant,
2205151,Congqi Niu,Weixian Wang,Xiangyu Chen,Northwest A&F University,Successful Participant,
2205152,Rutyuan Ma,Jie Li,Qiyuan Sun,Northwest A&F University,Successful Participant,
2205153,Yueyao Wang,Xinyu Xie,Liuhong Yang,Dalian University of Technology,Successful Participant,
2205154,Baixuan Chen,Li Tu,Lei Liu,Dalian University of Technology,Successful Participant,
2205155,Houlin Liu,Meiling Lu,Mingzhe Feng,Dalian University of Technology,Successful Participant,
2205156,Li Lanhui,Han Shaohua,Liu Jia,China University of Petroleum(Huadong),Successful Participant,
2205157,Yukun Lin,Yuting Dong,Xing Zhuang,Zhixing College of Hubei University,Successful Participant,
2205158,Ziyue Chen,Manai Yang,Binhan Xu,Nanjing University of Science and Technology,Successful Participant,
2205159,Botao Zhen,Jianxiang Zhu,Jinyao Cai,Nanjing University of Science and Technology,Successful Participant,
2205160,Yucheng Wang,Baojun Shen,Meng Zhang,Zhixing College of Hubei University,Successful Participant,
2205161,Zhe Yuan,Xiaohao Yu,Yuze Chen,Nanjing University of Science and Technology,Successful Participant,
2205162,Tianyao Liu,Baiwei Liu,Munfei Guo,XIAN Technological University,Successful Participant,
2205163,Gaomin Peng,Yuhan Hu,Yang Heng,China Three Gorges University,Successful Participant,
2205164,Tianyu Yuan,Wei Wu,Yuanwang Yang,Hebei University of Technology,Honorable Mention,
2205165,Ruitheng Zhang,Jiaxing Zeng,Shuilian Bai,Beijing Normal University Zhuhai,Successful Participant,
2205166,Weiming Fu,Gen Zhang,Baojie Xie,KARAMAY,Successful Participant,
2205167,Aobo Deng,He Wang,Qingxuan Liu,Whuan University,Successful Participant,
2205168,Dingding Wang,He Geng,Haotian Han,China University of Petroleum-Beijing at Karamay,Successful Participant,
2205169,Aiwen Xuan,Xuanzhi Chen,Yuchen Zhang,Beijing University of Posts and Telecommunication,Honorable Mention,
2205170,Yujia Peng,Yux1 Zou,Qiny1 Liu,and Economics,Honorable Mention,
2205171,Shu Wang,Yi Tao,Yunteng Tan,Beijing Institute of Technology,Meritorious Winner,
2205172,Siyu Luo,Zhaoyuan Zhang,Shuying Sun,Zhengzhou University,Successful Participant,
2205173,Guo Xiang,Liu Ziweli,Zhang Jiayl,Capital University of Economics and Business,Successful Participant,
2205174,Yuchang Dong,Jinshui Lai,Zhou Zhou,Jiangxi Normal University,Honorable Mention,
2205175,Huafei Liu,Huang Dandan,Qiucheng Wang,China Three Gorges Univerity,Successful Participant,
2205176,Haoshen He,Kaiwen Tang,Yuqin Wei,China Three Gorges University,Successful Participant,
2205177,Jia Liu,Yu Lin,Yixin Yin,Qufu Normal University,Successful Participant,
2205178,Hao Jing,Haixin Zheng,Aman Zhou,Zhengzhou University,Successful Participant,
2205179,Yuhan Chen,Guyue,Yanzhi Wang,Liaoning Petrochemical University,Successful Participant,
2205180,Quanwei Gao,Nuo Wang,Aolin Sha,Shenyang University of Chemical Technology,Successful Participant,
2205181,Yi Sun,Shangkun Li,Haoxun Zhao,Jilin University,Successful Participant,
2205182,Yufeng Yang,Zhibin Li,Jiabin Zhang,Jinan University Zhuhai Campus,Disqualified - P,
2205183,Yetong Chang,Qian Liu,Bin He,Harbin Medical University,Successful Participant,
2205184,Donghang Wu,Haocheng Wang,Bin Wang,Beihang University,Successful Participant,
2205185,ShuqiCao,JingLi,QizhuLiu,Qufu Normal University,Successful Participant,
2205188,Ran Hua,Haitong Sun,Zhuhao Wang,Southeast University,Honorable Mention,
2205189,Kaichen Wang,Sirui Wang,Xiaoyu Qian,Southeast University,Honorable Mention,
2205190,Yunyang Qin,Zhilan Wei,Tong Su,Southeast University,Honorable Mention,
2205191,Lizhou Lin,Zihan Xu,Yijun Han,Southeast University,Successful Participant,
2205192,Tianheng Lu,Feryang Wang,Yu'ang Song,Southeast University,Honorable Mention,
2205193,Chen XING,Anlan WU,Xiangwei CHEN,East China University of Technology,Successful Participant,
2205195,Yang Liu,Xinyu Chen,Hong Wang,Qufu Normal University,Successful Participant,
2205196,XingJian Zeng,JingHao Zhou,XingKai Wang,Southeast University,Successful Participant,
2205197,Heyi You,Mingyang Li,Shufeng Zhang,Southeast University,Honorable Mention,
2205198,Yuhao Liu,Yuanxu Yang,Youhua Lin,Southeast University,Successful Participant,
2205199,LEUNG Hei Chun,XIN Jiayi,SUI Hangke,The University of Hong Kong,Honorable Mention,
2205200,Bing Zhang,Ziyin Wang,Shuo Tian,Qufu Normal University,Successful Participant,
2205201,yongyang Li,Fang Yeqi,Lihao Xu,Sichuan University,Successful Participant,
2205202,Han Zeng,Ruoxu Yang,Hongbo Mu,Southeast University,Honorable Mention,
2205203,Ren Tianhong,Chang Jingwen,Luo Xinran,Southeast University,Successful Participant,
2205204,Jiay1 Wu,Xinyue Yang,Ruixiao Chen,Southeast University,Successful Participant,
2205205,Zongjian Xiong,Shugiang Chai,Honglin Li,Beijing Institute of Technology,Honorable Mention,
2205206,Zhu Junru,Liu Kaiming,Xia Yuyang,Southeast University,Meritorious Winner,
2205207,Xi Gao,Huthuang Zhu,YuXin Cheng,Southeast University,Honorable Mention,
2205208,Wang Yan,Zhao Yaru,Cui Yuying,Qufu Normal University,Successful Participant,
2205209,Zhuhua Zhang,Chenchen Yu,Hutheng Feng,Southeast University,Honorable Mention,
2205210,Hongkun Xiong,Yuwei Wang,Hanbing Yu,1anghai University of International Business and Econ,Honorable Mention,
2205211,Peng Zhou,Shiing Ren,Haoran Liu,Qilu University of Technology,Successful Participant,
2205212,Zhengyi Tang,Wenlin Wang,Fengyuan Zhao,Qufu Normal University,Meritorious Winner,
2205213,Haobo Wang,Laixin Lu,Ao Xu,Qilu University of Technology,Successful Participant,
2205214,Ziqi Wang,Di Kan,Xiaoxuan Zhao,University of Science and Technology Liaoning,Disqualified - P,
2205215,Haoxuan Xie,Bohan Zhang,Wenbin Xu,Beijing Institute of Technology,Successful Participant,
2205216,Sen Miao,Bowen Tong,Ziqing Sun,Sichuan University,Successful Participant,
2205217,Zhuoyi Zhang,Jingze Li,Zhuo Li,Beiying University of Technology,Successful Participant,
2205219,Xie Qinghongbing,Li Jiantong,Wu Hanlin,Beijing institute of techlonogy,Successful Participant,
2205220,Qiming Zhou,Gengshuo Zhu,Heng Liu,Qilu University of Technology,Honorable Mention,
2205221,Yuhe Yang,Lingyi Yang,Tao Wang,Southwestern University of Finance and Economic:,Successful Participant,
2205222,Haoyang Liu,Youkai Qiao,Wenlan Miao,Sichuan University,Successful Participant,
2205223,Chenghan Li,Yipu Liao,Pu Lin,Zhejiang University,Successful Participant,
2205224,Lihong Wang,Qiaofeng Chen,Xiao Xia,Qilu University of Technology,Successful Participant,
2205225,Xin Tao,Zhehao Zhang,Deze Yue,Qufu Normal University,Successful Participant,
2205226,Jialiang Bian,Li Niu,Jin Xu,Inner Mongolia University,Successful Participant,
2205227,Jing Chen,Min Yang,Runmo Wang,Qilu University of Technology,Honorable Mention,
2205228,Fei Zhao,Guannan Sun,Chuankun Sun,Qufu Normal University,Successful Participant,
2205229,Kun Wang,Pan Wang,Wenhao Zou,Nanjing University of Science and Technology,Honorable Mention,
2205230,Ziyi Wang,Jiaxin Lu,Fuxing Chu,Qufu Normal University,Meritorious Winner,
2205231,Mianfeng Zhang,Juncan Wang,Baole Xue,Qilu University of Technology,Successful Participant,
2205232,Jinx1 Chen,Hong Yu,Liping Gong,Qufu Normal University,Honorable Mention,
2205233,Yuhao Wang,Li Wang,Junyu Ge,Nanjing University of Science and Technology,Honorable Mention,
2205234,Zile Zhou,Yuhao Song,Chunhan Wang,Nanjing University of Science and Technology,Successful Participant,
2205235,Xiaohan Li,Yue Li,LiQiang Zheng,Qilu University of Technology,Honorable Mention,
2205236,Yu Zhang,Xingyu Zhou,Yilu Chen,Nanjing University of Science and Technology,Honorable Mention,
2205237,Beini Cheng,Yutong Liu,Renyu Zhou,North China Electric Power University,Successful Participant,
2205238,Shidong Hong,Teng Lu,Kai Zhang,North China Electric Power University,Successful Participant,
2205239,Rui Cai,Jiayi Lu,Sihan Ye,North China Electric Power University,Successful Participant,
2205240,Gongsen Wang,Zeyu Shi,Meng Zhou,Nanjing University of Science and Technology,Successful Participant,
2205242,Pingjiang Yu,Yi Jiao,Jiaxin Zhong,Nanjing University of Science and Technology,Honorable Mention,
2205243,Jingjing Lao,Henglong Li,Caiqi Wu,WUYI University,Successful Participant,
2205244,Dan Liu,JingYi Li,YiHan Fu,South China Normal University,Successful Participant,
2205245,Shaoning Jin,Yuting Lv,Deming Huang,Peking University,Meritorious Winner,
2205246,Kun Wang,Xiaokang Guo,Min Xu,Zhengzhou University,Successful Participant,
2205247,Xiang Zhang,Chenxi Xu,Yipeng lei,Zhengzhou University,Honorable Mention,
2205248,Licong Tong,Yaqi Liu,Yaoyu Chen,Nanjing University of Science and Technology,Successful Participant,
2205249,Guangbo Wang,Longcan Li,Shuting Guo,Tianjin University of Technology,Honorable Mention,
2205250,Da Wang,Zhonzhen Ouyang, ,University of Liverpool,Successful Participant,
2205251,Jianlong Zhu,Meng Wang,Zhiqi Xie,Nanjing University of Science and Technology,Successful Participant,
2205252,Yuhang Zhou,Jinjing Tu,Yongzhen Pan,Nanjing University of Science and Technology,Honorable Mention,
2205253,Chuanqi Tang,Ying Liu,Chuling Chen,Jiangnan University,Honorable Mention,
2205254,Mengxu Zhang,Yuhao Shi,Jinghong Qiu,Nanjing University of Science and Technology,Successful Participant,
2205255,Yi Wu,Anqi Chen,Yubo Wang,Hubei University of Arts and Science,Honorable Mention,
2205256,Yizhou Luo,Zheng Yuan,Yubei Xiao,Shanghai University,Finalist,
2205257,Yufei Nai,Liuting Lu,Jiantao Chen,Jiangnan University,Successful Participant,
2205259,Hongbin Rao,Longxiang He,Jiayi Lu,Jiangnan University,Successful Participant,
2205260,Xianyu Wang,Annan Xie,Cheng Zheng,Nanjing University of Science and Technology,Successful Participant,
2205261,Xinyue Dong,Yufei Qian,Shiyu Peng,Nanjing University of Science and Technology,Honorable Mention,
2205262,Shiyun Liu,Jiayin Wei,Shiyuan Liu,Jiangnan University,Honorable Mention,
2205263,Qishuai Mi,Yunqiu Li,Chan Wang,Nanjing University of Science and Technology,Honorable Mention,
2205264,Syie Yu,Yuchen Zhou,Ningyuan Zhao,Nanjing University of Science and Technology,Successful Participant,
2205265,Wenyan Zhao,Zan Fang,Liangjian Lu,Nanjing University of Science and Technology,Successful Participant,
2205266,Hongjin Chen,Yi Hu,Dang Ding,Nanjing University of Science and Technology,Successful Participant,
2205267,Yan Lu,Senmao Li,Bin Chen,Jiangnan University,Successful Participant,
2205268,Hanjia Tian,Jiaying Yao,Yuling Zou,Jiangnan university,Successful Participant,
2205269,Boyu Li,Zhenghan Fang,Junzhe Shen,Jiangnan University,Honorable Mention,
2205270,Binhao Gu,Yaoyao Pan,Boxuan Dong,Jiangnan University,Honorable Mention,
2205271,Jiajun Xing,Xuancheng Shen,Zhihao Xu,Jiangnan University,Successful Participant,
2205272,Jingyuan Fan,Yangxiu You,Yuruo Zhang,Jiangnan University,Honorable Mention,
2205273,Junzhe Zhao,Hancheng Hu,Linlin Luo,Jiangnan University,Successful Participant,
2205274,Shuo Zhang,Junan Zhu,Xuan Qiu,Jiangnan University,Successful Participant,
2205275,Jianpeng Mao,Yiwen Huang,Yiyuan Chen,Jiangnan University,Meritorious Winner,
2205276,Chen Lou,Luyun Shi,Kailin Liu,Jiangnan university,Meritorious Winner,
2205277,Junchao Yao,Yue Shen,Chao Chen,Jiangnan University,Honorable Mention,
2205278,Nuoyan Li,Wenjyie Liu,Zhonghan Tao,Jiangnan University,Honorable Mention,
2205280,Jinzhe Ruan,Wenhui Yu,Cheng Wang,Jiangnan University,Successful Participant,
2205281,Zhikun Zeng,Sichang Yang,Wenze Liu,Jiangnan University,Honorable Mention,
2205282,Wenlong Zhu,Qian Zhang,HuiFang Chen,Jiangnan university,Honorable Mention,
2205283,Yi Li,Menghan Li,Yue Wang,Jiangnan university,Successful Participant,
2205284,Dongliang Guo,Kun Wang,Chuang Liang,Jiangnan University,Successful Participant,
2205285,Jindi Ji,Quan Wang,Yongkang Yang,Jiangnan University,Unsuccessful - I,
2205286,Yahong Yuan,Mengdi Cheng,Xiangyu Wu,Jiangnan University,Successful Participant,
2205287,Sihang Yu,Congxuan Liu,Yu Ma,Jiangnan University,Honorable Mention,
2205289,Linhong Xiong,Tiangqing Ren,Yifeng Guo,Jiangnan University,Successful Participant,
2205290,Xiaolu Sun,Jiachen Wu,Haoyu Guo,Jiangnan University,Successful Participant,
2205291,Yu Zhu,ChenXi Zhu,ShaoCong Chen,Jiangnan University,Successful Participant,
2205292,Xinrul Huang,Xi Liu,Kunlin Liu,Nanjing University of Science and Technology,Successful Participant,
2205293,Zhaoyuan Chen,Yixuan Tong,Jinfei Wang,Jiangnan university,Successful Participant,
2205294,Yong Wang,Ruoyu Zha,Hui Yang,Nanjing University of Science and Technology,Successful Participant,
2205296,Donglin Yan,Chenjiong Wang,Kepei Li,Jiangnan University,Disqualified - P,
2205297,Sixian Li,Jianyu Chen,Qi Kuang,Jiangnan University,Honorable Mention,
2205298,Jiayi Li,Haojie Zheng,Yadong Zhao,Jiangnan University,Honorable Mention,
2205299,Junchi Li,Yarou Zhang,Yimeng Wang,Jiangnan university,Disqualified - P,
2205300,Tianao Shen,Hongye Wang,Yi Wang,Jiangnan University,Successful Participant,
2205301,Wenqing Zhu,Wenhao Wang,Xianglong Wu,Jiangnan University,Successful Participant,
2205302,Xigian Guo,Yi Lei,Daqi Hu,Hebei University of Technology,Successful Participant,
2205303,Peiqiang Li,Xinlong Wang,Jingwen Deng,Jiangnan University,Successful Participant,
2205305,Nanshun Jiang,Yichi Yao,Zhangchen Liu,Jiangnan University,Honorable Mention,
2205306,CaiY1 Chen,Wen Yue Wu,YiPeng Zhu,Jiangnan university,Honorable Mention,
2205307,Xinyue Tao,Yu Peng,Zhenwei Liang,Jiangnan University,Successful Participant,
2205308,Yiming YU,Zhenxing Li,Zhenxing Li,Jiangnan University,Successful Participant,
2205309,Jiafeng Lu,Zijie Deng,Wenzhe Xie,Jiangnan University,Disqualified - P,
2205310,Jian Chen,Jinglong Hao,Kaiwen Lin,Jiangnan university,Honorable Mention,
2205311,Jiuquan Sun,Qixing Wan,Zhengfang Mei,Jiangnan University,Honorable Mention,
2205312,Tongyun Zheng,Jiaye Li,Qian Lan,Jiangnan University,Successful Participant,
2205313,Qiwei Pan,Jianxin Yin,Jianglong Zhou,Jiangnan university,Successful Participant,
2205314,Qi Sun,Ningna Hu,Tianyu Chen,University of Bristol,Successful Participant,
2205315,Kai Q),Fuyuan Xie,Shiyi Zhu,Jiangnan University,Successful Participant,
2205316,Quan Gu,Jiajun Jiang,Wenjun Zhang,Jiangnan University,Successful Participant,
2205317,Tingfen Du,Yuting Yu,Linlong Jiang,Jiangnan University,Successful Participant,
2205318,Zhixiang Xu,Jichang Hu,Jiaze Lv,Jiangnan University,Successful Participant,
2205319,Shenxi Hu,Biao Dong,Yaobo Xue,Jiangnan University,Successful Participant,
2205320,Wangshihan,Lironghuan,Chenweijie,Jiangnan University,Successful Participant,
2205321,Xinyang Zhang,Yiwen Zhang,Zhiguo Lu,Nanjing University of Science and Technology,Honorable Mention,
2205322,Xi Wu,Tao Ma,Boliao Lu,Jiangnan University,Successful Participant,
2205323,Runheng Huo,Shirou Fan,Shengdi Zeng,Shenzhen MSU-BIT University,Successful Participant,
2205324,Yajie Xu,Jinming Shao,Yanqing Liu,Jiangnan University,Successful Participant,
2205325,Yuanqing Jiang,Chenxi Tao,Yan Huang,Jiangnan University,Successful Participant,
2205326,Pengfei Zhang,Zhenkai Wu,Weizhe Liu,Jiangnan University,Successful Participant,
2205327,Xianwei Lai,Fengchen Li,Shuang Ji,Jiangnan University,Honorable Mention,
2205328,Yingying Luo,Wenqian Xie,Ying Wang,Nanjing University of Science and Technology,Successful Participant,
2205329,Siying Chen,Hongjia Liu,Haohan Chen,Jiangnan University,Finalist,
2205330,Jiepeng Li,Meilin Li,Yao Wu,Jiangnan University,Meritorious Winner,
2205331,Wu Depeng,Su Chunbao,Chen Junlin,Jiangnan University,Successful Participant,
2205332,Jiaxuan Liang,Dachuan Liu,Lihui Han,Nanjing University of Science and Technology,Disqualified - P,
2205333,Long Chen,Jiaqi An,Xinyu Dong,Jiangnan University,Honorable Mention,
2205334,Xu Yuanhao,Yu Zhuozheng,Li Chenzejia,Beijing institute of techlonogy,Successful Participant,
2205335,Jinghui Li,Wei Jiang,Yuqi Liao,Nanjing University of Science and Technology,Successful Participant,
2205336,Tianting Huang,Zexi Li,Chenyang Xue,Shanghai University of Finance and Economics,Honorable Mention,
2205337,Yuhang Zhang,Yushu Liu,Haoyan Zhong,Jiangnan University,Successful Participant,
2205338,Yi Hu,Fan Luo,Xianwei Xiong,Jiangnan University,Successful Participant,
2205339,Yang Wang,Xinyu Ma,Yuey1 Zhang,Nanjing University of Science and Technology,Meritorious Winner,
2205340,Shuaiting Xu,Renjie Jin,Shutong Ran,Nanjing University of Science and Technology,Successful Participant,
2205341,Sun Y1,Meng Yan,Yu Xinyu,North China Electric Power University,Honorable Mention,
2205342,Yijia Tao,Linzhe Du,Yiting X1,Jiangnan University,Honorable Mention,
2205343,Yutong Ke,Minglong Zhang,Yuhang Gu,Southwest Jiaotong University,Meritorious Winner,
2205344,Au Yang,Jinze Zhao,Yimeng Zhong,Nanjing University of Science and Technology,Successful Participant,
2205345,Junbin Chen,Huaicheng Wang,Jie Li,Nanjing University of Science and Technology,Successful Participant,
2205346,Kunying Li,Hantao Hua,Xiang Ji,Jiangnan university,Successful Participant,
2205347,Yaotang Chen,Yangguang Ou,Bohong Lai,North China Electric Power University,Disqualified - P,
2205348,Yin Li,Zhiy1 Xu,Yuhan Dai,Nanjing University of Science and Technology,Honorable Mention,
2205349,Di Xin,Xinbo Yuan,Renhan Xie,Nanjing University of Science and Technology,Successful Participant,
2205350,Liang Zhang,Gang Wang,Ruixiang Yin,China Three Gorges University,Successful Participant,
2205351,Yilan Xu,Yingying Zhang,Mingyang Hu,Nanjing University of Science and Technology,Successful Participant,
2205352,Haojyun Zhang,Ce Chen,Yixu Che,Beijing Institute of Technology,Successful Participant,
2205354,Chun Geng,Keying Zhu,Huan Ji,Nanjing University of Science and Technology,Finalist,
2205355,Jieqiong Ma,Junshuo Yang,Zhongyu Feng,Jiangnan University,Successful Participant,
2205356,Zeng Yuzhao,Lv Huajie,Pan Erya,North China Electric Power University,Honorable Mention,
2205357,Xinyu Han,Hao Sun,Junfeng Ren,Nanjing University of Science and Technology,Successful Participant,
2205358,Hui Wang,Chengbin Nie,Zewen Bian,North China Electric Power University,Successful Participant,
2205359,LiZhihao,ZhuZhangyu,Liduan,North China Electric Power University,Honorable Mention,
2205360,Zhang Chi,Chen Yujie,Jia Jiyu,North China Electric Power University,Successful Participant,
2205361,Shiyi Zhang,Yuhang Song,Tao Ma,Nanjing University of Science and Technology,Honorable Mention,
2205362,TangMingxuan,WangKunyu,PanKaize,North China Electric Power University,Successful Participant,
2205363,Dongheng Hou,Yaohui Fang,Haizhou Zhao,Jiangnan University,Successful Participant,
2205364,Xu Yiping,Cai Daihuan,Yang Di,Jiangx1 University Of Finance and Economics,Successful Participant,
2205365,Xingbing Chen,Lin Zhuo,Gongxiang Shi,Yanbian University,Successful Participant,
2205366,Yan Chen,Rihui Chen,Youhao Tan,Zhuhai College of Science and Technology,Successful Participant,
2205367,Jinao Zhang,Jingwen Zhang,Haoyu Chu,Tianjin University of Technology,Successful Participant,
2205368,Zhou Qianzi,Jing Jiaqi,Liu Yumeng,Beiying University of Technology,Successful Participant,
2205369,Renpin Huang,Baihui Quan,Xingyu Zhou,Jiangnan University,Unsuccessful - I,
2205370,Jiayuan Wen,Yuqing Wang,Aruhan,Inner Mongolia University,Successful Participant,
2205371,Yiheng Li,Yanhong Chen,Yumiao Yong,Nanjing University of Science Technology,Successful Participant,
2205372,Zhenpeng Hu,Yuqi Han,Junwei Zhang,Nanjing University of Science & Technology,Successful Participant,
2205373,Zhanbo Ye,Jingzhi Lin,Xuanzi Tang,Northwest University,Successful Participant,
2205374,Huang Huang,Qing-Rong Zhang,Di-Yun Xie,Huaqiao University,Disqualified - P,
2205375,Zhekang Zhang,Yuchen Shi,Bo Shao,Jiangnan University,Honorable Mention,
2205377,An Li,Ping Yang, ,Yunnan University of Finance and Economics,Honorable Mention,
2205378,Yu Zhong,Liang Zhu,Fan Zhang,Nanjing University of Science & Technology,Successful Participant,
2205379,Ziyin Xu,Haojie Dai,Minyun Cao,Nanjing University of Science & Technology,Successful Participant,
2205380,Wang Xu,Wang Ziquan,Wang Zixuan,Beihang University,Honorable Mention,
2205381,Liu Yong,Guo Longx1,Ma Junfan,Northwest University,Honorable Mention,
2205382,Jiamu Li,Jinze Han,Ziqi Yan,Nanjing University of Science & Technology,Disqualified - P,
2205383,Jinyi Xu,Shanyu Huang,Siya Wang,Nanjing University of Science & Technology,Successful Participant,
2205384,Xiang Li,Yanxuan Wang,Zheng Li,Nanjing University of Science and Technology,Successful Participant,
2205385,Jingyu Wang,Yingchuan Zhang,Heao Lei,Nankai University,Honorable Mention,
2205386,Hongfan Ji,Ke Lv,Tiany1 Gou,Jiangnan University,Successful Participant,
2205387,Zhichao Xu,Chi Cao,Lei Wang,Nanjing University of Science and Technology,Successful Participant,
2205388,Yanlong Lin,Yuxuan Chen,Junfeng Cu,Jiangnan University,Successful Participant,
2205389,Zhanpeng Qiu,Qinchen Peng,Huanghuang Jiang,Jiangxi Normal University,Honorable Mention,
2205390,Yuxin Ou,Xiang Long,Chunlin Li,Jilin University,Successful Participant,
2205391,Jin Qinghan,Liang Hongwei,Geng bo,Shenyang Aerospace University,Successful Participant,
2205392,Peiwen Xia,Yife1 Gao,Chen Li,Nanjing University of Science and Technology,Honorable Mention,
2205393,Xiaodan Zhang,DongChi Huang,Xiao Zhang,Nanjing University of Science and Technology,Successful Participant,
2205394,Zhaoqing Liu,Junyu Li,Moran Li,Nanjing University of Science and Technology,Honorable Mention,
2205395,Xuyang Chen,Yuhao Chen,Chuanyu Gu,Nanjing University of Science and Technology,Successful Participant,
2205396,Yashu Zhang,Chengrui Zhang,Yixin Liu,Nanjing University of Science and Technology,Successful Participant,
2205397,Keke Zhou,Junjie Zhu,Guanting Zhou,Nanjing University of Science and Technology,Successful Participant,
2205398,Yuchen Ma,Han Nan,Yang Liu,Nanjing University of Science and Technology,Honorable Mention,
2205399,Hang Wu,Yang Guo,Mingwei Du,Nanjing University of Science and Technology,Successful Participant,
2205401,Ran Tian,Shunan Wel,Chunyao Xin,Qufu Normal University,Successful Participant,
2205402,Ziyang Zhou,XiningLv,JundiJjiang,Shenyang aerospace university,Successful Participant,
2205403,Juny1 Qiao,Zhou Li,Licheng Zheng,Shanghai University,Successful Participant,
2205404,Jie Li,Xiaolong Li,Qing He,China Three Gorges University,Finalist,
2205405,Ruochen Wang,Haoxue Cut,Chang Gao,Capital University of Economics and Business,Successful Participant,
2205406,Yang Cai,Jiangwei Lou,Dehui Pu,East China University of Science and Technology,Honorable Mention,
2205407,Jiayi Sun,Mingyang Li,Jialin Chen,Qufu Normal University,Successful Participant,
2205409,Yijun Dong,Haoran Wei,Yihui Zhang,Shandong University of Finance and Economics,Successful Participant,
2205410,Zhouhang Huang,JiaYao,Yuxuan Zhang,Southwestern University of Finance and Economics,Successful Participant,
2205411,Yuankang Zhai,Mingze Yang,Yangkun Wang,Jiangnan University,Successful Participant,
2205412,Zhao Zichang,Liu Zijian,Jiang Yiming,Shandong University,Successful Participant,
2205413,Qingxuan Yu,Hui Li,Xiaochi Yan,X1’an International Studies University,Honorable Mention,
2205414,Zilin Yang,Bingzheng Yan,Qiming Liu,Dalian Maritime University,Honorable Mention,
2205415,Qingru Chen,Zirui Zhang,Zijian Gu,X1’an Shiyou University,Successful Participant,
2205416,Ying Wang,Haoyue Zhuang,Xin Xia,Xi'an International Studies University,Successful Participant,
2205417,Yi Zhao,Jinghan Wen,Bowen Han,Zhengzhou University,Honorable Mention,
2205418,Wang Shuxin,Wang Wenjing,Wang Jiayun,Qufu Normal University,Successful Participant,
2205419,Qi Xue,Jiaxi Li,Zihui Tian,Qufu Normal University,Honorable Mention,
2205420,Chenyang Wang,Erhao Zhang,Weijian Hua,Dalian University of Technology,Successful Participant,
2205421,Sun Shuwei,Can Cul,Chengcheng Jin,Xi'an Jiaotong University,Honorable Mention,
2205423,Cong Chen,Junting Chen,Bochao Tian,Northeast Normal University,Successful Participant,
2205424,Xianghe Gao,Jialong Chen,Xuanming Zhang,Xidian University,Meritorious Winner,
2205425,Jingchi Fu,Haolin Wang,Renzhi Jiang,Renming University of China,Successful Participant,
2205427,Hanging Mu,Zheming Zuo,Zilong Guo,Beiing University of Posts and Telecommunication:,Honorable Mention,
2205428,Liang Risheng,Rui Zeng,Yuan Peng,Jilin University,Successful Participant,
2205429,Xiangyu Meng,Zhe Liu,Zixu Zhao,Jiangnan University,Successful Participant,
2205430,Zhenwen Ye,Xinru Jiang,Fetyue Ning,Xi'an University of Technology,Successful Participant,
2205431,Xue Wei,Jiangyu Long,Qinling Xie,Southwest Jiaotong University Hope College,Successful Participant,
2205432,ZhouJun Cao,ChengLin Leng,Yihang Huang,University Of Shanghai For Science And Technolog,Successful Participant,
2205433,Xincheng Lin,Yingbo Xu,Zimeng Zhou,Shandong University,Successful Participant,
2205434,Zhong Hao,Li Xin,Zuo Kangyjia,Shandong University,Meritorious Winner,
2205435,Yu Haibo,Wei Zhaolin,Zhou Shikun,Shandong University,Successful Participant,
2205436,Yingshi Chen,Chengjia Peng,Jiucai Zhan,Zhuhai College of Science and Technology,Successful Participant,
2205437,Yinkai Guo,Shiqi Liu, ,Zhuhai College of Science and Technology,Successful Participant,
2205438,Jianing Tian,Yaoran Wang,Ziyi Gai,Liaoning Normal University,Unsuccessful - I,
2205439,Lanxin Hu,Zijing Chen,Fan Xiong,Zhuhai Institute of science and technology,Successful Participant,
2205440,Yuanyu Liao,Shengyie Chen,Yiran Wang,Shandong University,Honorable Mention,
2205442,Yifan Wu,Nan Zhang,Fetyan Li,Dalian University of Technology,Successful Participant,
2205443,Yikai Jiang,Hao Zhou,Wentao Zhang,Zhuhai College of Science and Technology,Successful Participant,
2205444,Huyongze Shen,Yingkui FU,Zhiqiang Hu,Shandong University,Successful Participant,
2205445,Jiaxin Li,Jiali Liang,Baoyi He,Zhuhai College of Science and Technology,Successful Participant,
2205447,zhinan wang,nan yan,Zhental xie,Shandong University,Successful Participant,
2205448,Wang Muyuan,Han Zengzhao,Wang Chaoyu,Yantai University,Unsuccessful - I,
2205449,Xiaoyang Lv,Jingyi Qin,Yixiao Lu,Inner Mongolia University,Successful Participant,
2205450,Wenwen Zhang,Junrui Lu,Pengcheng He,Shenzhen University,Meritorious Winner,
2205451,Nan Hu,Mingxuan Deng,Zhouchen Dai,Beijing Institute of Technology,Successful Participant,
2205452,Weida Lin,Deang Li,Fuyun Gao,Shandong University,Meritorious Winner,
2205453,He Sun,Ying Sun,Xiaohui Liu,China University of Geosciences  Beijing,Honorable Mention,
2205454,Ziyun Min,Renjie Zheng,Haoshan Zhang,Xiamen University,Finalist,
2205455,Shixin Liu,Yongle Ji,Zixuan Wang,Jiangxi Normal University,Honorable Mention,
2205456,Dongyu Liao,Zhihong Xu,Xinyue Kang,Jiangxi Normal University,Successful Participant,
2205457,Hengguo Du,Yinuo Zhang,Xiny1 Cheng,Jiangxi Normal University,Successful Participant,
2205458,Rui Wang,Shiyi Chen,Junjie Zeng,Jiangxi Normal University,Successful Participant,
2205459,Yuchen Luo,Jiangmei Li,Jiawen Xiong,Jiangxi Normal University,Successful Participant,
2205460,Yufan Wang,Jun Yuan,Jiwen Lin,Ningbo University,Successful Participant,
2205461,Yuxuan Tan,Yanhan Zhang,Qi Wang,Jiangxi Normal University,Honorable Mention,
2205462,Yu'ang Cao,Renzhi Yu, ,Beijing Institute of Technology,Successful Participant,
2205463,Yaoqi Wang,Ye Liu,Xulang Luo,Jiangxi Normal University,Successful Participant,
2205464,Xiaofang Nie,Wei Xiong,Lei Chen,Jiangxi Normal University,Successful Participant,
2205465,Zhaolong Cheng,Yizhe Wu,Xinyu Xu,Ningbo University,Finalist,
2205468,Zheng han,Hu Yuyi,Shi yun,Wuhan University,Successful Participant,
2205469,Chenyu Huang,Xiny1 Zhou,Xiao Yu,Shanghai University,Successful Participant,
2205471,Tao Wang,Hutyang Liu,Xiaoduo Zhang,Yunnan University of Finance and Economics,Honorable Mention,
2205472,Chenxi Weng,Cai Deng,Jiabei Lu,Jiangnan University,Successful Participant,
2205473,Lanx1 Zhang,Tao Zhang,Shutong Wang,China Three Gorges University,Successful Participant,
2205474,Peng Xia,Kaide Zeng,Siyu Hu,SOOCHOW UNIVERSITY,Successful Participant,
2205475,Siqi Li,Fanhuang Deng,Yuping Liu,China University of Political Science and Law,Successful Participant,
2205476,Guoyu Yang,Yi Zhu,Xinfang Duan,Jiangnan University,Successful Participant,
2205477,Yanli Zheng,Linxuan Qiu,Yutong Ye,China Three Gorges University,Successful Participant,
2205478,Siyuan Zhao,Lihua Que,Zhibo Shan,Nanjing University of Science and Technology,Successful Participant,
2205479,Chenyu Jiang,Xiquan Deng,Xinyu Zhang,Hebei University of Technology,Successful Participant,
2205480,Ma Kehao,Liu Sihan,Zhao Xinyu,Shandong University,Honorable Mention,
2205481,Jiayou Zheng,Yuekai Zhang,Jingian Han,Beijing University of Posts and Telecommunication,Honorable Mention,
2205482,Hui Wang,Minghui Wang,Zuwang He,Northwestern Polytechnical University,Successful Participant,
2205484,Yuyue Hu,Runjing Liang,Yizhuo Zhu,Northeast Electric Power University,Successful Participant,
2205485,ChangJiang Liu,XinWei Guo,JiaXin Yang,Qufu Normal University,Successful Participant,
2205486,Shitong Zhu,Jifeng Xu,Bo Yan,Beijing University of Posts and Telecommunication,Successful Participant,
2205487,Tianbao Zeng,Hailun Guo,Xinyan Xia,Jiangnan University,Successful Participant,
2205488,Dengyie Jin,Zhiyi Wen,Wenshu Li,China Three Gorges University,Successful Participant,
2205489,Yiming Ma,Yixuan Gao,Wendi Dai,X1’an International Studies University,Successful Participant,
2205490,Haidong Zheng,Bingge Du,Pengtao Li,Hebei Agricultural University,Successful Participant,
2205491,Longhao Zhang,Runzhe Xie,Wu Wen,University of Science and Technology Beting,Successful Participant,
2205492,Rui Yang,Jianlu Shen,Qianhao Gao,Jiangnan University,Honorable Mention,
2205493,Jie Cao,Jinghang He,Zhipeng Xiao,Harbin Institute of Technology  Shenzhen,Successful Participant,
2205494,Yuhao Wang,Chenxi Sun,Junce Feng,China agricultural university,Honorable Mention,
2205495,Yibei Li,Siyang Wei,Tuo Xiang,Guizhou University,Successful Participant,
2205496,Xi Yang,Yunze Xue,Lu Meng,Zhengzhou University,Honorable Mention,
2205498,Zhijie Yao,Hao Wen,JiaXin Guo,Civil Aviation University Of China,Successful Participant,
2205499,Yunlong Li, , ,Huainan Union University,Successful Participant,
