2215501,Yating Qu,Qiyu Wang,Jiwei Liu,Huazhong University of Science and Technology,Successful Participant,
2215502,Xiaoshan Li,Styuan Liu,Zhiai Liu,Chang'an University,Successful Participant,
2215503,HAN SI QI, , ,North China Electric Power University,Successful Participant,
2215504,Yu Jingbo,Li Xiaotian,Liu Jinsheng,Xi'an University of Posts and Telecommunications,Successful Participant,
2215505,Fengshuo Zhang,Tengda Zheng,Zetao Deng,Hebei Finance University,Honorable Mention,
2215507,Ma Wentao,Xu Ruixiao,Wu Jiaxuan,Beihang University,Honorable Mention,
2215508,Jiachen Liu,Zhanshan Zhang,Zhicheng Li,Xi'an Jiaotong University,Successful Participant,
2215509,Yicheng Wang,Feiming Xu,Yuxiang Cheng,XIDIAN UNIVERSITY,Honorable Mention,
2215510,Xinjing Lv,Hany Fu,Xiongwen Guo,Renmin University of China,Successful Participant,
2215511,Tianwen Xuan,Haolan Lan,Jiahui Ma,Hebei University,Successful Participant,
2215512,Jiewen Shen,Qianwei Yin,Jiawen Wang,China Three Gorges University,Successful Participant,
2215513,Deng Runzi,Xiao Yingchao,Wang Zhe,Hebei University,Honorable Mention,
2215514,Cao Haichao,Li Mingrui,Zhu Shilong,Soochow University,Successful Participant,
2215515,Chen Yife1,Guo Hanweli,He Xiangning,Xi'an Jiaotong University,Successful Participant,
2215516,Zhang Chenruo,Gao Zimeng,Bi Yuchen,Central University of Finance and Economics,Successful Participant,
2215517,Yang Liu,Zhenxu Mao,Yaoyao Wang,Shanghai Jiao Tong University,Successful Participant,
2215518,Isaac Venegas Macevschi,Joseph Richey,Kevin Park,Weber State University,Successful Participant,
2215519,Xiaofei Wang,Lefan Yu,Menghan Zhou,Donghua University,Honorable Mention,
2215520,Zhou Li,Keying Jiang,Zhixiang Zhang,Fujian University of Technology,Successful Participant,
2215521,Qian Liu,Xin Li,Changming Cheng,Chongqing University of Science and Technology,Successful Participant,
2215522,Ziyan Feng,Yinyue Zhao,Yanping Zhong,Chongqing University of Science and Techology,Successful Participant,
2215524,Li Jieru,Qiu Chicheng,Jin Yuxuan,XIDIAN UNIVERSITY,Successful Participant,
2215525,Chao Li,Yongying Wu,Jichang Wu,Fujian University of Technology,Successful Participant,
2215526,Kun Lin,Chenlei Liu,Shengfan Wang,Zhejiang University of Science and Technology (ZUS,Successful Participant,
2215527,Jianhong Yang,Jihan Wu,Xiting Zheng,Fujian University of Technology,Finalist,
2215528,Yixin Chen,Guocai Huang,Miaolan Zhou,Fuzhou University,Successful Participant,
2215529,Liwen Zhang,Yuxi Li,Yuying Zhang,Fujian University of Technology,Honorable Mention,
2215530,Li Junkai,Tan Siqi,Chen Hao,Beihang University,Honorable Mention,
2215531,Yifeng Zheng,Xiao Lin,Benhua Zhao,Fujian University of Technology,Successful Participant,
2215532,Xiaoyuan Liu,Junda Xu,Chenxu Shen,Fujian University of Technology,Successful Participant,
2215534,Zhiqing Zeng,Meyun Luo,Yuanyuan Chen,Guangdong University of Foreign Studies,Successful Participant,
2215535,Weiqiang Hong,Xuanxuan Chen,Jinkun Feng,Fujian University of Technology,Successful Participant,
2215537,Riiang Zhou,Haiqiang Liu,Jiahao Sun,Fujian University of Technology,Successful Participant,
2215538,Lihong Zhang,Aixin Wang,Xiaomin Huang,Fujian University of Technology,Successful Participant,
2215539,Mingkun Li,Jialong Li,Zhuohao Gao,XIDIAN UNIVERSITY,Successful Participant,
2215540,Xiaomeng Gao,Yuxin Chen,Xiaoqging Jiang,Fujian University of Technology,Disqualified - P,
2215541,Yueyao Wang,Ruifeng An,Junsen Lao,Northeastern University,Honorable Mention,
2215542,Junmiao Wang,Songyuan X1ao,Weiping Huang,Fujian University of Technology,Disqualified - P,
2215543,Zhipeng Hu,Wuaqiang Zeng,Shipeng Liu,Fujian University of Technology,Successful Participant,
2215544,Yingfeng Li,Shaokun Zeng,Yang Yang,Fujian University of Technology,Successful Participant,
2215545,Hongyu Zeng,Kai Wang,Xinzhuo Y1,Fujian University of Technology,Honorable Mention,
2215546,Shengxuan Fan,Xinyu Tao,Yimin Wang,South China University of Technology,Successful Participant,
2215547,Yanhong Liu,Shining Ru,Yufeng Fan,Fujian University of Technology,Successful Participant,
2215548,Boyin Li,Petying He,Jinhong Wu,Fujian University of Technology,Disqualified - P,
2215549,Tongze Xu,Zhiwei Zhang,Wenjun Zhang,Fujian University of Technology,Successful Participant,
2215550,Ziyu Zeng,Pufan Li,Yuanzhong Tu,Peking University,Successful Participant,
2215551,Zhan Shu,Yujie Wu,Luhuan Shu,Fujian University of Technology,Successful Participant,
2215553,Yuhao Huang,Haoyang Huang,Yuxin Zuo,Northeastern University(China),Successful Participant,
2215554,Zhixian Zheng,Chengji Huang,Han Peng,Fujian University of Technology,Disqualified - P,
2215556,Yuting Gao,Xiaobin Wu,Shaopeng Qian,Fujian University of Technology,Successful Participant,
2215557,JI Shengpeng,KOU Huyuan,LI Jiabo,Jilin University,Finalist,
2215559,YANG Zekun,YU Bo,CHEN Xingyu,Jilin University,Meritorious Winner,
2215561,ZOU Tianyu,MA Tianhua,SUN Jiakai,Jilin University,Disqualified - P,
2215562,LIU Chuanshi,ZHENG Wenfang,ZHANG Chi,Jilin University,Disqualified - P,
2215563,ZHOU Zheng,WEI Jiahang,LEI Zixing,Jilin University,Successful Participant,
2215564,FAN Xiaohui,ZHANG Zihao,CHEN Yifei,Jilin University,Unsuccessful - I,
2215565,MA Zhao,LIN Kexu,GUO Jiyao,Jilin University,Successful Participant,
2215566,ZHANG Zeqian,SHANG Baitong, ,Jilin University,Successful Participant,
2215567,QIU Yifan,JIN Gengrui,GONG Xintian,Jilin University,Successful Participant,
2215568,LUO Xiangyu,LV Zhuoyang,ZHANG Runkun,Jilin University,Successful Participant,
2215569,SHEN Meiing,ZHANG Jingwen,ZHOU Keren,Jilin University,Successful Participant,
2215570,WANG Yudi,XU Ketong,LI Changfe1,Jilin University,Successful Participant,
2215571,JIN Dongaqi,MIAO Huiming,YAO Yifan,Jilin University,Successful Participant,
2215572,ZHANG Yuxuan,LIU Shuaicheng,JIANG Zheng,Jilin University,Successful Participant,
2215573,ZHANG Yuxia,HUANG Xuefang,CUI Minghiang,Jilin University,Successful Participant,
2215574,CHENG Zhiyuan,ZHANG Yuhe,LIU Ziqi,Jilin University,Successful Participant,
2215575,Hu Xuge,Li Huitong,Liu Ruoning,Jilin University,Successful Participant,
2215576,WANG Yuetong,ZHAO Xinyu,YANG Yize,Jilin University,Successful Participant,
2215577,ZHAO Yuesong,JI Ming,DUAN Xtyu,Jilin University,Successful Participant,
2215578,XI Zitian,CHEN Yiming,FENG Mingxin,Jilin University,Meritorious Winner,
2215579,YANG Fengchao,ZHAO Huilin,WANG Shiying,Jilin University,Successful Participant,
2215580,SHA Qihao,WANG Yushu,ZHANG Wenging,Jilin University,Honorable Mention,
2215581,WANG Lingyu,PENG Hao,ZHU Huiling,Jilin University,Successful Participant,
2215582,HAN Zetao,LIN Hui,ZHOU Sirui,Jilin University,Successful Participant,
2215583,LIU Jiaqi,LIANG Yi,WANG Yuke,Jilin University,Successful Participant,
2215584,JIAO Mengmeng,WANG Jiawei,FAN Weizhe,Jilin University,Successful Participant,
2215585,CHEN Chen,JIANG Zhiou,LIU Huilin,Jilin University,Successful Participant,
2215586,DUAN Kaifu,GAO Weize,CHEN Baihui,Jilin University,Successful Participant,
2215587,XIE Xinran,BAO Hanaqi,WANG Bo,Jilin University,Successful Participant,
2215588,LI Jinghang,CHEN Wentao,YANG Bing,Jilin University,Successful Participant,
2215589,ZHAO Xing,WU Qianhui,ZHANG Chang,Jilin University,Honorable Mention,
2215590,WANG Chenlu,WANG Siqi,ZHONG Keyang,Jilin University,Honorable Mention,
2215591,ZHANG Weisong,CHEN Shuting,CHEN Xinran,Jilin University,Meritorious Winner,
2215592,LI Chenxu,XU Yilin,MENG Xintian,Jilin University,Successful Participant,
2215593,RAN Xiyang,SHI Panzhuo,CHEN Xiaohong,Jilin University,Honorable Mention,
2215594,ZHANG Yinghao,LIU Zhixin,CHEN Yuzhan,Jilin University,Successful Participant,
2215595,LI Guanwu,GUO Mingxin,YAN Zhen,Jilin University,Honorable Mention,
2215596,WEN Chenx1,HU Renjie,CHEN Xueyi,Jilin University,Honorable Mention,
2215597,WANG Shuo,WANG Kun,LOU Zhanchuang,Jilin University,Honorable Mention,
2215598,Dong Jinshuo,Chang Jiaqi,Han Haochi,Jilin University,Successful Participant,
2215599,HE Yueyang,YAO Kuo,LI Wenqian,Jilin University,Successful Participant,
2215600,YE Chengjiao,DONG Ziyi,TANG Jiaqi,Jilin University,Successful Participant,
2215601,ZHU Yunqiang,JIN Peigen,XU Yang,Jilin University,Successful Participant,
2215602,WANG Tianxin,LIU Quanqi,HUANGFU Haotian,Jilin University,Honorable Mention,
2215603,WU Libin,WU Wanlin,LI Liuyi,Jilin University,Successful Participant,
2215604,JIAO Yiheng,YUAN Jianqing,LI Zenghan,Jilin University,Disqualified - P,
2215605,DING Yanbin,SUN Jingfu,GU Xuncheng,Jilin University,Successful Participant,
2215606,LI Jun,TAN Xin,SUN Jiechen,Jilin University,Honorable Mention,
2215607,HU Yuanyun,JIA Linge,LIU Yi,Jilin University,Successful Participant,
2215609,LIAO Bowen,LI Yetong,WU Linfeng,Jilin University,Successful Participant,
2215610,TAO Zhonghong,ZHONG Cheng,ZHANG Xiruo,Jilin University,Finalist,
2215611,JIANG Xiaotong,LI Boyu,XU Wanying,Jilin University,Honorable Mention,
2215612,ZHOU Yuqi,JIN Ziyu,ZHANG Menegdi,Jilin University,Successful Participant,
2215613,SUN Zhaoqian,HUA Chendong,ZHANG Pengge,Jilin University,Successful Participant,
2215614,HU Xueyan,TONG Dong,ZHANG Xinyu,Jilin University,Successful Participant,
2215615,HAO bowel!,MENG xiangyanxiao,MA pengfei,Jilin University,Successful Participant,
2215616,XUE Zhiheng,QIAN Fengqi,ZHANG Zhe,Jilin University,Successful Participant,
2215617,HUANG Wentao,YU Xiaoze,Al Zekai,Jilin University,Meritorious Winner,
2215618,SHI Haolin,LI Luyao,MI Jiatong,Jilin University,Successful Participant,
2215619,WANG Xi,GUO Xiaozhe,LI Mingze,Jilin University,Successful Participant,
2215620,YANG Yang,GUO Ziyi,LI Junran,Jilin University,Meritorious Winner,
2215621,MA Xing,GUO Zhengjie,ZHENG Yi,Jilin University,Successful Participant,
2215622,LIU Runze,YANG Jing,TIAN Zhuoya,Jilin University,Successful Participant,
2215623,ZHANG Luwei,LU Yi,MAO Bingyjie,Jilin University,Successful Participant,
2215624,LI Boyuan,LIN Zihan,GONG Wenjie,Jilin University,Successful Participant,
2215625,LIU Zhihan,FENG Wenxu,WAN Zhigian,Jilin University,Successful Participant,
2215626,WANG Yueyang,YANG Zhiwei,ZHOU Yifan,Jilin University,Honorable Mention,
2215627,ZHANG Chenrut,ZHANG Yuteng,WANG Lekai,Jilin University,Meritorious Winner,
2215628,YANG Ting,LIU Yang,WANG Yucheng,Jilin University,Successful Participant,
2215629,HUANG Jingya,ZHAO Andi,ZHAO Jiasiyu,Jilin University,Honorable Mention,
2215630,QIANG Zekai,ZHENG Shijie,HAN Ce,Jilin University,Honorable Mention,
2215631,WANG Liangyu,QU Ruiqi,ZHAO Miaomiao,Jilin University,Honorable Mention,
2215632,HE Guanming,ZHANG Congwei,REN Hongy1,Jilin University,Successful Participant,
2215633,DU Jiawei,LI Yudan,ZHAO Shuyan,Jilin University,Successful Participant,
2215634,XU Wenbo,JI Guancheng,ZHAO Yu,Jilin University,Honorable Mention,
2215635,JIA Yiyi,ZHOU Wenjing,WANG Meng,Jilin University,Successful Participant,
2215636,HUI Yuhang,TENG Yuhan,LI Jiarui,Jilin University,Successful Participant,
2215637,DAI Jialin,REN Wendi,LU Yanlin,Jilin University,Successful Participant,
2215638,DI Fanghao,WANG Feizhou,CHU Pengyu,Jilin University,Successful Participant,
2215639,FENG Nannan,GU Haoyuan,DONG Zhichong,Jilin University,Successful Participant,
2215640,ZHAO Xuesong,ZHENG Zhengke,HAN Yuanbo,Jilin University,Successful Participant,
2215641,LI Xiang,TONG Chengchang, ,Jilin University,Successful Participant,
2215642,HONG Ruljun,SU Ruo,NONG Jida,Jilin University,Honorable Mention,
2215643,LIANG Jiawei,WANG Songlei,MA Runqi,Jilin University,Meritorious Winner,
2215644,MA Qichang,CAI Xuxin,LI Xiaohong,Jilin University,Successful Participant,
2215645,ZHANG Yibo,ZHU Qiankun,WU Yuanfe1,Jilin University,Successful Participant,
2215646,LIANG Jiaxi,LIU Chang,YU Shengtang,Jilin University,Successful Participant,
2215647,WEI Zitao,HU Daqi,ZHOU Chen,Jilin University,Honorable Mention,
2215648,FAN Chenyang,DENG Zihao,XU Xinyue,Jilin University,Successful Participant,
2215649,WANG Zhaoy1,LIU Chenyang,ZHANG Bozhi,Jilin University,Honorable Mention,
2215651,JIAO Siwen,ZHANG Jie,WANG Xiean,Jilin University,Successful Participant,
2215652,FAN Dongxuan,WU Yuan,MAT Jingyang,Jilin University,Honorable Mention,
2215653,WANG Hongjie,TANG Xiaowu,CAO Xin,Jilin University,Honorable Mention,
2215654,REN Xuebo,WANG Qiyu,YU Jingwen,Jilin University,Successful Participant,
2215655,XU Haoran,HU Chenyu,LIU Zhe,Jilin University,Honorable Mention,
2215656,WEI Yanchong,ZHANG Heran,CHEN Yanying,Jilin University,Honorable Mention,
2215657,LUO Xinlong,ZAN Yihao,ZHANG Qimeng,Jilin University,Honorable Mention,
2215659,WANG Yitong,JIN Jimin,LI Haoze,Jilin University,Successful Participant,
2215661,LI Xinfei,QIN Yujia,YU Ming,Jilin University,Honorable Mention,
2215662,MA Zhouyuan,FENG Hanru,SUN Ziyu,Jilin University,Successful Participant,
2215663,YAN Yang,DENG Wen,SUN Haolin,Jilin University,Successful Participant,
2215664,DONG Yunan,YAO Xinyi,LIU Yan,Jilin University,Successful Participant,
2215665,TAN Zhilang,TANG Zhengweli,MENG Xianlong,Jilin University,Unsuccessful - I,
2215666,WANG Xian,QUAN Qingge,QUAN Zhicong,Jilin University,Successful Participant,
2215667,JIA Kunxi,KONG Mengfan,WANG Yubo,Jilin University,Successful Participant,
2215668,LIU Haonan,WANG Huilong,FAN Yuze,Jilin University,Successful Participant,
2215669,WANG Jiayi,ZHANG Zhixiao,XIE Linxiao,Jilin University,Successful Participant,
2215670,DENG Linbang,ZHANG Haopeng,ZHENG Haowen,Jilin University,Successful Participant,
2215671,LI Jiawen,LV Yang,ZHANG Guozheng,Jilin University,Honorable Mention,
2215672,ZHANG Jiuzheng,LI Mingxuan,YANG Shuang,Jilin University,Honorable Mention,
2215673,XU Ziyin,LI Xinhang,LIU Junyang,Jilin University,Successful Participant,
2215674,OU Xiaonan,YU Peize,YAN Qingyi,Jilin University,Successful Participant,
2215675,ZHAO Aosai,ZHANG Naiqian,ZHENG Wanying,Jilin University,Successful Participant,
2215676,LI Heng,YANG Lying,WANG Wanying,Jilin University,Honorable Mention,
2215677,LIU Zhengao,TIAN Runheng,YANG Shuangjia,Jilin University,Successful Participant,
2215678,AN Endan,WEI Kexin,KANG Jiale,Jilin University,Successful Participant,
2215679,LING Tong,LIU Chuanpu,SUN Qianhui,Jilin University,Successful Participant,
2215680,XU Yuxin,LONG Kewang,WANG Zhanyi,Jilin University,Successful Participant,
2215681,ZHANG Shurui,LI Xinyao,TIAN Xiaozong,Jilin University,Successful Participant,
2215682,WANG Shiyao,PEI Zhenyu,HU Yingxue,Jilin University,Meritorious Winner,
2215683,YU Yang,CAO Wenging,LIANG Shaokang,Jilin University,Successful Participant,
2215684,LI Jiaming,YU Fetyang,HU Renkai,Jilin University,Disqualified - P,
2215685,GAO Zhuowel,XU Jing,SHI Haoyuan,Jilin University,Successful Participant,
2215686,LIU Tonggqing,LI Mingyang,LI Mengdi,Jilin University,Successful Participant,
2215687,SUN Meng,LIU Zhuyun,CUI Yunyjiu,Jilin University,Successful Participant,
2215688,LI Weny1,SONG Shaolin, ,Jilin University,Successful Participant,
2215689,XIONG Mengxiang,LIU Jihui,LIANG Zhenxing,Jilin University,Honorable Mention,
2215690,WANG Jiaxin,LI Muyan,GUO Kenan,Jilin University,Honorable Mention,
2215691,SUN Jiax1,CHEN Shaohan,CAO Siyu,Jilin University,Honorable Mention,
2215692,MA Xinjie,CHEN Yanjiao,LI Yize,Jilin University,Successful Participant,
2215695,FAN Yizhe,LIU Sen,QIN Jiafu,Jilin University,Successful Participant,
2215696,LUO Zhen,YUAN Li,QIN Lingwei,Jilin University,Successful Participant,
2215697,ZHANG Jiaqi,LI Heng,CHEN Weiming,Jilin University,Successful Participant,
2215698,WANG Jinbing,TANG Xingyu,WANG Zunshuo,Jilin University,Honorable Mention,
2215699,SHAO Xiaolong,TIAN Xiaoyang,SUN Meng,Jilin University,Successful Participant,
2215700,HAN Jiatong,SU Qing,FENG Zhanbo,Jilin University,Meritorious Winner,
2215701,SUN Yanbo,YANG Yuheng,CHEN Qi,Jilin University,Successful Participant,
2215702,WU Ruyun,ZENG Jichang,LIU Shuying,Jilin University,Successful Participant,
2215703,LIU Pengcheng,XIONG Huapeng,NIU Jin,Jilin University,Successful Participant,
2215704,ZHAO Wenhua,WANG Kejia,HE Juwel,Jilin University,Honorable Mention,
2215705,XIN Haodong,FENG Shuchang,XU Tonglin,Jilin University,Successful Participant,
2215706,PANG Yutong,LI Yuzhen,CAI Xinyi,Jilin University,Meritorious Winner,
2215707,TIAN Yunge,LI Mufeng,YIN Qianlin,Jilin University,Successful Participant,
2215708,LI Shiyao,YANG Zhenkai,GU Xiang,Jilin University,Successful Participant,
2215709,WANG Ziyi,XIE Qianyu,BI Donghui,Jilin University,Successful Participant,
2215711,HUANG Rui,GAO Bohan,MA Kangzhe,Jilin University,Unsuccessful - I,
2215712,WANG Jingyi,ZHAO Ruoren,TENG Huthua,Jilin University,Successful Participant,
2215713,LI Kefan,JU Changyi,CHAO Haibo,Jilin University,Successful Participant,
2215714,MA Yanwen,CHEN Xiaoyu,XIE Wencan,Jilin University,Honorable Mention,
2215715,ZHANG Chaohui,ZHANG Xiang,CHENG Chijitai,Jilin University,Successful Participant,
2215716,LI Han,MI Yangtian,ZHANG Shuyuan,Jilin University,Honorable Mention,
2215717,MENG Xinyu,LU Xinyu,LIU Xiaoxuan,Jilin University,Successful Participant,
2215718,XIA Yang,YIN Xin,ZANG Zhixian,Jilin University,Successful Participant,
2215719,LI Jingyun,LIU Zixuan,LIU Mengting,Jilin University,Successful Participant,
2215720,ZHAO Tianyu,WAN Qingbo,ZHU Liangkang,Jilin University,Successful Participant,
2215721,ZHAO Changchang,LIU Jingyao,LI Yumo,Jilin University,Successful Participant,
2215722,LI Kerui,XU Yuheng,QU Kunying,Jilin University,Successful Participant,
2215723,WANG Yipin,LIU Guantong,HUAI Zezheng,Jilin University,Honorable Mention,
2215724,LIU Peiran,SHI Yifan,WU Zepeng,Jilin University,Meritorious Winner,
2215725,ZHANG Zhixing,WANG Yuxi,XIAO Dianze,Jilin University,Successful Participant,
2215726,TONG Xinhang,PAN Chengyu,YU Yue,Jilin University,Successful Participant,
2215727,WANG Tuo,YANG Yuehan,DENG Zihe,Jilin University,Successful Participant,
2215728,ZHANG Zhidong,LU Wanli,HE Xinyu,Jilin University,Honorable Mention,
2215730,YANG Jinyu,LIU Yifan,LIANG Zhaoyu,Jilin University,Successful Participant,
2215731,QIAO Yu,ZHANG Xinglong,HAN Xvyang,Jilin University,Successful Participant,
2215732,ZHU Jing,LI Shibo,ZHANG Wen,Jilin University,Successful Participant,
2215733,WANG Qi,YU Hatyue,JU Chen,Jilin University,Successful Participant,
2215734,DONG Zhengxian,ZHANG Tianze,SI Hexiang,Jilin University,Successful Participant,
2215735,Zhang Yichi,Zheng Shunyu,Huang Zhenyu,Jilin University,Honorable Mention,
2215736,LV Zhongfu,WANG Yue,SONG Zihan,Jilin University,Honorable Mention,
2215737,CHEN Qiyu,CHENG Yu,ZHOU Hanyu,Jilin University,Honorable Mention,
2215738,CHEN Jinhan,XIE Zhiwei,YU Chengbin,Jilin University,Successful Participant,
2215740,WANG Ziyi,WAN Jiahui,WEN Chengyan,Jilin University,Honorable Mention,
2215741,HU Xianmei,WANG Ziyang,ZHANG Bingqian,Jilin University,Honorable Mention,
2215743,DING Jiaqi,SUN Xinyue,WU Hutyun,Jilin University,Meritorious Winner,
2215744,AN Xihua,LIU Shiwei,ZHENG Yapeng,Jilin University,Successful Participant,
2215745,JIANG Xi,LI Xuanru,CHEN Dian,Jilin University,Honorable Mention,
2215746,ZHOU Xinyi,XU Peidong,YAO Zihao,Jilin University,Honorable Mention,
2215747,LIU Guofan,LIU Jingyu,LIN Jiaen,Jilin University,Honorable Mention,
2215748,MENG Fanru,LIN Jianhan,HU Kunshen,Jilin University,Successful Participant,
2215749,YANG Jiaxiu,LIN Jiahao,WANG Wenyu,Jilin University,Successful Participant,
2215750,HE Qtyue,ZHOU Dudu,BING Chukun,Jilin University,Successful Participant,
2215751,JIANG Hailan,KOU Qingyun,DAI Xianying,Jilin University,Honorable Mention,
2215752,HAN Ruize,SUN Yilin,SHI Yuzhuo,Jilin University,Successful Participant,
2215753,DONG Xuwen,YUAN Yifu,YE Yunlin,Jilin University,Successful Participant,
2215754,ZHANG Yuhao,SUN Lanbo,WU Guoliang,Jilin University,Successful Participant,
2215755,YANG Weihao,CHEN Guanyu,ZHAO Xiaohui,Jilin University,Successful Participant,
2215757,ZHENG Haotian,CHENG Guoyao,LI Junzhu,Jilin University,Successful Participant,
2215758,WANG Xu,ZHANG haotian,ZHU xingyjian,Jilin University,Successful Participant,
2215759,LIU Syin,WANG Huanyu,HAO Ziqi,Jilin University,Successful Participant,
2215760,WU Wenbo,MA Mingzhou,JU Yunhe,Jilin University,Successful Participant,
2215762,CHE Wenbo,CHEN Aolei,WANG Ku,Jilin University,Successful Participant,
2215763,ZHANG Shuyuan,NIU Jiaye,WANG Duoduo,Jilin University,Successful Participant,
2215764,CUI Lingyan,LI Hongmet1,TIAN Chenlu,Jilin University,Successful Participant,
2215765,WANG Kun,ZHANG Shaoqi,SUN Ruiting,Jilin University,Successful Participant,
2215766,ZHANG Zhongnan,YANG Yanqian,ZHAO Jiayin,Jilin University,Successful Participant,
2215767,ZHOU Yuhang,LI Quanzhong,ZHOU Yuchen,Jilin University,Honorable Mention,
2215768,HE Ziqi,WANG Min,YANG Chuang,Jilin University,Successful Participant,
2215769,GAO Hongbo,QIAN Siying,ZHU Yifei,Jilin University,Successful Participant,
2215770,LI Zhanxiao,XIE Xiaoyl,MA JiZheng,Jilin University,Successful Participant,
2215771,ZANG Wei,ZHANG Xiang,GUO Mingze,Jilin University,Successful Participant,
2215772,DAI Xindi,GENG Chenlu,LIU Rongxi,Jilin University,Honorable Mention,
2215773,LI Shuyue,CHEN Xiumei,LIN Qiqi,Jilin University,Honorable Mention,
2215774,SUN Hao,BAI Ang,LI Jushang,Jilin University,Successful Participant,
2215775,XU Puhong,WANG Shuai,CUI Liyuehong,Jilin University,Successful Participant,
2215776,FANG Tingrui,ZHANG Jing,ZHU Yongji,Jilin University,Honorable Mention,
2215777,YAN Mingrui,ZHONG Lixian,CHEN Shaoyuan,Jilin University,Successful Participant,
2215778,ZHU Wanying,Yan Shihang,ZHANG Hongming,Jilin University,Successful Participant,
2215779,KANG Xin,GONG Haoran,JI Di,Jilin University,Honorable Mention,
2215780,ZHOU Xiaoning,ZHU Peiwu,LAN Xingyu,Jilin University,Successful Participant,
2215781,LI Jiasong,WANG Xinyu,WANG Yuhang,Jilin University,Successful Participant,
2215782,ZHAO Jiawei,SHANG Jianing,LIU Bo,Jilin University,Honorable Mention,
2215783,YING Jiaxuan,WANG Weijian,ZHANG Boxin,Jilin University,Successful Participant,
2215784,LI Wanting,ZHOU Yunpeng,CHEN Hongbo,Jilin University,Successful Participant,
2215785,DING Shiyi,ZHU Yuting,SUN Jiayang,Jilin University,Successful Participant,
2215786,CHEN Zeyuan,HONG Yanwen,YANG Xinhang,Jilin University,Disqualified - P,
2215787,SUN Kaifeng,XU Yibo,BAI Yingqi,Jilin University,Successful Participant,
2215788,LI Kang,WANG Chunyu,WANG Beige,Jilin University,Successful Participant,
2215789,YAN Ao,WANG Shiwen,DONG Yiyang,Jilin University,Successful Participant,
2215790,Liu Yunjia,Li Yuhang,Zhu Xinran,Jilin University,Successful Participant,
2215791,LIANG Silong,LI Chunxiao,SUN Haowen,Jilin University,Successful Participant,
2215792,LIU Jiachen,CAI Desen,ZHANG Yu,Jilin University,Successful Participant,
2215793,ZHENG Fuhua,SHANG Chenxu,MU Xiaodie,Jilin University,Successful Participant,
2215794,CHEN Siyuan,ZHANG Han,LIU Zewen,Jilin University,Successful Participant,
2215795,GUO Weizhuo,ZHOU Xinyu,ZHAO Yian,Jilin University,Successful Participant,
2215796,SONG Xingkai,WANG Gexin,JIAN Yumeng,Jilin University,Successful Participant,
2215797,SONG Hongweli,DENG Xin,YANG Yuxin,Jilin University,Honorable Mention,
2215798,WANG Shiyan,LI Yi,CHEN Jingjing,Jilin University,Successful Participant,
2215799,PEI Yuerou,LI Sitong,SONG Jiazhe,Jilin University,Successful Participant,
2215800,LI Xinrui,WU Shangze,LI Zhenghua,Jilin University,Honorable Mention,
2215801,PAN Yihang,CAO Zhiyuan,LI Runfei,Jilin University,Successful Participant,
2215802,WANG Hanlin,LI Xueqing,YE Huanyi,Jilin University,Successful Participant,
2215803,FANG Yangy1,PENG Yuanhuan,CHENG Yuhan,Jilin University,Meritorious Winner,
2215804,YI Weiyun,JIN Zhipeng,CHEN Jiahao,Jilin University,Successful Participant,
2215805,LIU Yuhan,HUANG Haoxuan,ZHANG Jiahui,Jilin University,Successful Participant,
2215806,ZHANG Zitong,MENG Fanquan,REN Zhenmin,Jilin University,Successful Participant,
2215807,WANG Yanghao,MENG Xingyu,LIU Junxin,Jilin University,Successful Participant,
2215808,BAO Sudan,CUI Hang,ZHANG Donghang,Jilin University,Successful Participant,
2215809,FAN fengrui,DAI rongyu,LU guanpu,Jilin University,Honorable Mention,
2215810,TONG Guangy1,WANG Haojie,CUI Xiaochuang,Jilin University,Successful Participant,
2215811,GAO Yichen,LIU Jinxu,ZHANG Yixian,Jilin University,Successful Participant,
2215812,YI Fenghao,WANG Han,XUE Yonghe,Jilin University,Successful Participant,
2215814,TIAN Kai,ZUO Xuhui,YANG Sa,Jilin University,Meritorious Winner,
2215815,YUAN Feng,YUAN Xinran,LIU Tao,Jilin University,Successful Participant,
2215816,WANG Zhilin,ZHENG Chengyu,GAO Jun,Jilin University,Successful Participant,
2215818,LIANG Zhongxian,YIN Hongyin,XU Jiahao,Jilin University,Honorable Mention,
2215819,LIANG Shuhan,YE Jiliang,WANG Yuncong,Jilin University,Successful Participant,
2215820,MA Hongze,CHEN Liangyu,TU Qizhou,Jilin University,Honorable Mention,
2215821,JIN Yifei,WEN Ying,ZHANG Di,Jilin University,Successful Participant,
2215822,MENG Ximing,ZHU Xiangda,ZHANG Jingming,Jilin University,Successful Participant,
2215823,YANG Zhenyang,LIU Kaiwen,HE Jinglei,Jilin University,Successful Participant,
2215824,LI Dongyu,LI Zhengkun,CHEN Siye,Jilin University,Successful Participant,
2215825,LIANG Xiatong,ZHOU Jing,HU Ruojie,Jilin University,Successful Participant,
2215826,PAN Yanjiang,WU Yuning,TAI Yinglian,Jilin University,Successful Participant,
2215827,LUO Yingmao,HUANG Hatyang,TANG Zhiyu,Jilin University,Honorable Mention,
2215828,ZHAO Datying,ZHANG Lei,LV Jiayi,Jilin University,Successful Participant,
2215829,XU Mingrun,CHEN Boyu,WANG Mengyao,Jilin University,Successful Participant,
2215830,CHEN Ziqi,SHAO Mingaqing,LV Fetyang,Jilin University,Successful Participant,
2215831,WEN Yuhang,ZHAI Jianbin,HAN Xiao,Jilin University,Successful Participant,
2215832,LI Hao,SHI Yaqian,PENG Hao,Jilin University,Successful Participant,
2215834,MENG Yifan,ZHAO Xiaofei,SHANG Jieya,Jilin University,Meritorious Winner,
2215835,MA Jin,JIANG Jie,GAO Xiaohang,Jilin University,Successful Participant,
2215836,YAN Jiyu,DING Jiashuo,LI Qixuan,Jilin University,Successful Participant,
2215837,LOU Gangning,QIN Sitao,LIU Weijun,Jilin University,Successful Participant,
2215838,WANG Ziyi,GAO Mingyue,YANG Shanglin,Jilin University,Successful Participant,
2215839,WANG Qi,ZHANG Zhiyong,ZHONG Qinhan,Jilin University,Successful Participant,
2215840,LIU Shiru,WU Fangyv,LI Mao,Jilin University,Successful Participant,
2215841,SHEN Jie,YANG Tongzhou,ZHOU Ruining,Jilin University,Successful Participant,
2215842,CAI Hongpeng,DU Xinhui,TAN Haohan,Jilin University,Successful Participant,
2215843,SHAO Hui,WANG Meltyu, ,Jilin University,Successful Participant,
2215844,SHI Ruojue,XU Rufei,XIE Weizhou,Jilin University,Honorable Mention,
2215846,LI Haoyuan,SONG Yangx1ao,PAN Ting,Jilin University,Honorable Mention,
2215847,ZHOU Wenbo,ZHANG Guojuan,WANG Junhao,Jilin University,Successful Participant,
2215848,ZHANG Tianyi,DU Haolun,XU Penghang,Jilin University,Successful Participant,
2215849,ZHANG Qixuan,PU Boyu,YUAN Wenhui,Jilin University,Successful Participant,
2215850,WU Hongjian,XU Xiaotong,NA Hengyuan,Jilin University,Successful Participant,
2215851,OUYANG Xin,ZHOU Yuqian,XIAO Churou,Jilin University,Successful Participant,
2215852,ZHAI Shuaiyu,YUAN Yizhe,LIU Xuanzhang,Jilin University,Successful Participant,
2215853,XUE Haowen,LI Hongy1,YU Zhiyan,Jilin University,Honorable Mention,
2215854,SONG Weinan,LI Yilin,LIU Xinjing,Jilin University,Successful Participant,
2215856,HU Mengyuan,GUO Xinru,ZHENG Xiaoshi,Jilin University,Successful Participant,
2215857,MA Hui,LI Xiaoli,CHU Shengyu,Jilin University,Successful Participant,
2215858,GONG Dixiang,HUANG Yidong,CAO Rui,Jilin University,Successful Participant,
2215859,LI Jianbin,GE Xiang,GUO Yali,Jilin University,Successful Participant,
2215860,SHI Yujiang,LV Hongze,ZHOU Xin,Jilin University,Honorable Mention,
2215861,GAO Huayou,HE puyi1,HU Chengying,Jilin University,Successful Participant,
2215862,XIN Cheng,SUN Xueru,HU Rui,Jilin University,Honorable Mention,
2215863,SONG Zehua,ZHANG Jiasheng,ZHOU Xiwang,Jilin University,Successful Participant,
2215864,YANG Xinyue,BIAN Guangyu,WANG Yuting,Jilin University,Successful Participant,
2215865,WU Guangyi,LIU Yingxu,GUO Jinhao,Jilin University,Successful Participant,
2215866,LI Andong,LIN Dekai,QIAO Xinghan,Jilin University,Successful Participant,
2215867,LIANG Xinyu,HAO Junyi,LI Mingze,Jilin University,Disqualified - P,
2215868,ZHAO Lin,AIKEBAIER Miurizhati,CHEN Runwen,Jilin University,Meritorious Winner,
2215869,YANG Fan,LIU Jiahan,XU Yayue,Jilin University,Successful Participant,
2215871,LIU Zhixuan,ZHAO Xinyu,LU Dingy1,Jilin University,Successful Participant,
2215872,LIU Yuchen,XU Yifan,WANG Siyang,Jilin University,Successful Participant,
2215873,WU Jianxing,ZHOU Yiping,YOU Shanhui,Jilin University,Honorable Mention,
2215874,PENG Bingsheng,ZHANG Yuxuan,SHEN Sangyuan,Jilin University,Successful Participant,
2215875,BAIT Yunxiao,CAO Huixin,LUO Yi,Jilin University,Successful Participant,
2215876,SONG Bingxuan,LUO Xinyue,ZHANG Yugqing,Jilin University,Successful Participant,
2215877,YANG Junjie,FU Xiaogqian,OUYANG Anqi,Jilin University,Honorable Mention,
2215878,YUAN Yapeng,LI Liang,YAN Yun,Jilin University,Honorable Mention,
2215879,ZHANG Guoging,HU Xuesong,YANG Xu,Jilin University,Honorable Mention,
2215880,SU Guangshuo,WANG Bo,LIU Huayang,Jilin University,Successful Participant,
2215881,DUAN Bingyu,LIU Yinghao, ,Jilin University,Meritorious Winner,
2215882,ZHENG Jinpo,MA Guanghui,LIU Keyang,Jilin University,Successful Participant,
2215883,ZHANG Xiaoning,TAO Wei,HU Shenghao,Jilin University,Successful Participant,
2215884,SHI Bort,WU Ran,FU Huiting,Jilin University,Successful Participant,
2215885,CHEN Zheng,SONG Zhenyu,LI Qingyu,Jilin University,Honorable Mention,
2215886,YANG Yunfan,WEI Jiahao,CHAO Xiaoqian,Jilin University,Successful Participant,
2215887,TIAN Jiaxiao,LIN Wenjyun,QI Chao,Jilin University,Honorable Mention,
2215888,HUANG Yuzhong,CHEN Kefeng,WANG Yixiang,Jilin University,Successful Participant,
2215889,LI Xingchen,YUAN Juanxin, ,Jilin University,Honorable Mention,
2215890,LI Pengcheng,LIU Tianyou,ZHU Hongrui,Jilin University,Successful Participant,
2215891,LU Xingyu,YANG Zhaoxin,XIAO Wel,Jilin University,Successful Participant,
2215892,YANG Ziteng,GUO Fengwei,LIU Ze,Jilin University,Successful Participant,
2215893,YIN Hongxiang,TANG Jiazhu,DAT Yina,Jilin University,Successful Participant,
2215894,CHEN Wenhao,MENG Xianghao,ZHANG Nairen,Jilin University,Successful Participant,
2215895,ZHAO Yuehang,JU Xinge,WANG Zhuoyu,Jilin University,Successful Participant,
2215896,YANG Ziyi,ZHANG Jianchen,WANG Xintong,Jilin University,Meritorious Winner,
2215897,WANG Ziyi,MA Qianhe,HE Ziqi,Jilin University,Successful Participant,
2215898,GUO Hanefei,MIAO Jiaming,ZHANG Yi,Jilin University,Successful Participant,
2215899,ZHENG Wenzhe,ZHANG Jintao,GAO Jie,Jilin University,Successful Participant,
2215900,LANG Qiwei,ZHOU Jingbo,DU Yixuan,Jilin University,Successful Participant,
2215901,MIAO Ningde,LI Chengkun,ZHAO Zhiqiang,Jilin University,Successful Participant,
2215902,ZHANG Jiye,WANG Xuyang,WANG Yu,Jilin University,Successful Participant,
2215903,TAI Yaozhi,DONG Linxuan,YANG Yiting,Jilin University,Successful Participant,
2215905,ZHANG Zhiqi,LIU Houde,KONG Xiangmeng,Jilin University,Successful Participant,
2215906,WANG Zhongrui,WANG Siqi, ,Jilin University,Successful Participant,
2215907,CHENG Jingyie,WANG Xiny1,SUN Yingqi,Jilin University,Successful Participant,
2215908,DUAN Xubo,JIANG Linyi,ZHU Jixiang,Jilin University,Successful Participant,
2215909,ZHANG Mingxu,JING Ruonan,DAI Yuxin,Jilin University,Honorable Mention,
2215910,LI Zhaoyang,JIA Yuhao,ZHANG Yiduo,Jilin University,Honorable Mention,
2215911,GUO Yue,ZHANG Minghao,LIU Shuaiqi,Jilin University,Successful Participant,
2215912,WU Jiaxin,LAI Baoran,XU Kangyjia,Jilin University,Successful Participant,
2215913,LIU Hanze,WU Yugian,DONG Zhizhuo,Jilin University,Successful Participant,
2215914,KONG Yiyang,LIN Chuanhao,MENG Fanqi,Jilin University,Successful Participant,
2215915,PENG Cheng,HUA Xin,HE Pan,Jilin University,Honorable Mention,
2215916,SHAN Lianze,YUAN Haoran,YANG Zenglin,Jilin University,Successful Participant,
2215917,LIU Gengyuan,CHEN Yue,DU Haorui,Jilin University,Successful Participant,
2215918,ZHANG Dan,WANG Ruoxuan,LI Ning,Jilin University,Successful Participant,
2215919,XU Mingyue,DONG Ziyu,QIAO Tong,Jilin University,Successful Participant,
2215920,LUO Wei,LIU Yingqi,LI Zimu,Jilin University,Successful Participant,
2215921,ZHANG Jiachen,HOU Yudan,LI Yingrui,Jilin University,Successful Participant,
2215922,SONG Yuxuan,WU Haonan,LIU Can,Jilin University,Honorable Mention,
2215923,HAO Jingyue,ZHANG Haoran,LI Xindi,Jilin University,Finalist,
2215924,LI Qinghua,SUN Aotong,ZHANG Yumeng,Jilin University,Honorable Mention,
2215925,GUO Haonan,ZHA Yaxuan,YIN Mengzhang,Jilin University,Honorable Mention,
2215926,YE Junyan,SUN Shihao,LIU Haomin,Jilin University,Successful Participant,
2215927,XIU Jiakai,DONG Haoran,QI Haoran,Jilin University,Honorable Mention,
2215928,WANG Yifan,LI Chenlong,LI Changcheng,Jilin University,Successful Participant,
2215929,TANG Binhan,YANG Haoqi,ZHAO Yang,Jilin University,Honorable Mention,
2215930,CHU Bingfei,LI Pushuang,LI Zetang,Jilin University,Disqualified - P,
2215931,LIU Yushan,WANG Chengyu,ZHENG Jingy1,Jilin University,Successful Participant,
2215932,LV Jiayu,WEN Zhigi,ZENG Tao,Jilin University,Successful Participant,
2215933,MA Enze,PANG Xinpeng,PAN Zhenghao,Jilin University,Successful Participant,
2215934,ZHANG Peiru,HU Jiyuan,WANG Chenwel,Jilin University,Successful Participant,
2215935,SUN Yuxuan,CHEN Yan,GAO Xi,Jilin University,Successful Participant,
2215936,SHAO Ruocheng,GAO Jiating,WANG Yuhang,Jilin University,Successful Participant,
2215937,Fan Yuzhe,Wu Ziyi,Liang Shuo,Jilin University,Successful Participant,
2215938,WANG Luqi,MENG Zhidian,WANG Yukai,Jilin University,Successful Participant,
2215940,WANG Jiahui,LV Wanli,SHEN Fangfe1,Jilin University,Successful Participant,
2215941,WANG Kunpeng,ZHAO Yuyang,FAN Junheng,Jilin University,Successful Participant,
2215942,XU Weizhen,DONG Xinyu, ,Jilin University,Successful Participant,
2215943,GAO Xinchao,CHEN Pengyu,QIAO Yutong,Jilin University,Successful Participant,
2215944,FENG Yuyuan,WANG Ze,CHEN Mengai,Jilin University,Successful Participant,
2215945,DAI Zhihe,WANG Qingyuan,ZENG Qingxin,Jilin University,Successful Participant,
2215946,Wang Hanyun,ZHU Rutyi,YANG Zhaohui,Jilin University,Honorable Mention,
2215948,LIN Wenhong,YANG Tong,WANG Jingsheng,Jilin University,Successful Participant,
2215949,CHANG Yiting,LIU Yuheng,CHEN Keyjia,Jilin University,Successful Participant,
2215950,LI Xuanxuan,WANG-YU Xinyi1, ,Jilin University,Successful Participant,
2215951,JIANG Tingge,XU Ruixue,LIN Shiyian,Jilin University,Honorable Mention,
2215952,QIN Huayuan,WANG Zhixin,YAN Jiaxi,Jilin University,Honorable Mention,
2215953,QIAO Senyao,GU Jizhan,WU Jianghang,Jilin University,Successful Participant,
2215954,YIN Ailing,ZHU Xiangxu,ZHAO Zhuang,Jilin University,Successful Participant,
2215955,LI Baole,CUI Yunlong,LIANG Xujia,Jilin University,Successful Participant,
2215956,WANG Xupeng,WANG Yuting,WANG Yiming,Jilin University,Successful Participant,
2215957,JIANG Yutian,ZHANG Yiru,WU Kegiang,Jilin University,Honorable Mention,
2215959,WU Dianzhuo,ZHOU Chenlin,FU Yukai,Jilin University,Successful Participant,
2215960,ZHU Bozhou,HUANG Jiahui,JIANG Huachang,Jilin University,Honorable Mention,
2215962,LIU Yunjian,MA Shang,ZOU Nan,Jilin University,Honorable Mention,
2215963,LI Tinghao,ZHANG Keye,XU Shenggiang,Jilin University,Successful Participant,
2215965,PAN Shuyu,GAO Liumiao,LIU Xiaowei,Jilin University,Disqualified - P,
2215966,TENG Ziming,LI Fumin,SHI Jiayun,Jilin University,Successful Participant,
2215967,SHI Yigi,DENG Mingyli,LIU Tengjun,Jilin University,Successful Participant,
2215968,SONG Jianhui,GAO Zhan,LI Zihan,Jilin University,Meritorious Winner,
2215969,Qu Yuanqing,Wang Peiyan,Guo Yuhan,Jilin University,Successful Participant,
2215970,XU Jinguo,ZHANG Xiaohan,WANG Yajie,Jilin University,Honorable Mention,
2215971,ZHOU Jiaxu,WEI Yudong,WANG Pinhuan,Jilin University,Unsuccessful - I,
2215973,ZHANG Yi,RUAN Kun,DING Hongyun,Jilin University,Honorable Mention,
2215974,YUAN Cai,DAI Minghao,WU Zijia,Jilin University,Honorable Mention,
2215975,SHEN Junyi,LI Nuo,WANG Yixuan,Jilin University,Successful Participant,
2215976,GENG Xiaohui,LEI Ting,SU Zihang,Jilin University,Successful Participant,
2215977,YUE Junxin,ZHANG Huajin,LIU Yutong,Jilin University,Successful Participant,
2215978,LIANG Zhaoyu,WANG Siyu,FU Xuanxuan,Jilin University,Successful Participant,
2215979,WANG Jingsong,HU Xiaowen,WANG Fangchen,Jilin University,Successful Participant,
2215980,YI Jinzhou,CHEN Kaiwen,JIAO Leqi,Jilin University,Successful Participant,
2215981,ZANG Lizhuo,LIU Yufan,TIAN Peiyu,Jilin University,Disqualified - P,
2215982,LI Jiaying,SHI Hongyu,DU Zhiyuan,Jilin University,Successful Participant,
2215983,LIU Yiyang,CHANG Guidong,HU Xianjue,Jilin University,Honorable Mention,
2215984,ZHANG Shaojia,WANG Jing,YANG Binyu,Jilin University,Disqualified - P,
2215985,CHEN Yingying,LEI Ruisi,LONG Siyu,Jilin University,Honorable Mention,
2215986,QI Chengrui,JIANG Jingting, ,Jilin University,Successful Participant,
2215988,DONG Jing,CHAI Dongbo,YAO Shengrong,Jilin University,Successful Participant,
2215989,YUAN Zhiyi,SUN Hongzheng,ZHANG Y1,Jilin University,Honorable Mention,
2215990,AN Zitong,ZHENG Jiace,WANG Xueyan,Jilin University,Honorable Mention,
2215991,Ma Yunhan,Li Haoyan,Chen Yijing,Jilin University,Successful Participant,
2215992,SUN Tong,DU Dongao,XIONG Hao,Jilin University,Successful Participant,
2215993,YI Qihui,YUAN Qiaoqiao,LI Xiang,Jilin University,Successful Participant,
2215994,XING Yidan,LI Bingyu,JIA Zongru,Jilin University,Successful Participant,
2215995,ZHAO Ruibo,ZHAO Yuxin,SHENG Zixuan,Jilin University,Finalist,
2215996,HUANG Zihan,SONG Mingyang,SUN Jianyi,Jilin University,Successful Participant,
2215997,ZHAI Zhenyv,LI Zhihui,ZHENG Shuyi,Jilin University,Honorable Mention,
2215998,JI Shanning,CHENG Haiwei,LIU Xiwen,Jilin University,Successful Participant,
2215999,SONG Wenda,MIAO Tianyi,ZHA Wengiang,Jilin University,Successful Participant,
