2214501,Xiao Liu,Hexiang Ma,Zhe Yang,Northeastern University(CN),Disqualified - P,
2214502,Xiaotong Bu,Xiaochen Wang,Xincheng Wang,National University of Defense Technology,Honorable Mention,
2214503,Tianni Yao,Bing Han,Zhibo Zhang,Hainan University,Successful Participant,
2214504,Xucong Bian,Xingpo Qiu,Tianyu Li,National University of Defense Technology,Honorable Mention,
2214505,Yunxiao Guo,Runhao Zhao,Xiaying Ma,National University of Defense Technology,Successful Participant,
2214506,Hanxun Li,Hengrui Cui,Texu Liu,National University of Defense Technology,Successful Participant,
2214507,Zhitao Long,Chen Feng,Yuke Song,National University of Defense Technology,Successful Participant,
2214509,Rui Zhu,Hongyun Yu,Mingkai Chen,National University of Defense Technology,Honorable Mention,
2214510,Yi Liu,Bin Hu,Zijie Wang,Hunan Normal University,Successful Participant,
2214511,Chenglong Dong,Zihang Chen,Yuxuan Zhong,National University of Defense Technology,Honorable Mention,
2214512,Maoyuan Li,Houcheng Xu,Linghao Chen,National University of Defense Technology,Successful Participant,
2214513,Liu Jiaming,Shen Yewel,Wen Rui,Northwestern Polytechnical University,Successful Participant,
2214515,Xiaojiang Yu,Qiuyi Yang,Jiawei Yao,Zhejiang University of Finance and Economics,Successful Participant,
2214516,Sen Zhao,Biao Wu,Mingxiang Xiao,Hunan Normal University,Successful Participant,
2214517,ZhangTongbo,Runze Li,Yuanjiang Zhang,Northeastern University(CN),Honorable Mention,
2214518,Junxi Peng,Ke Y1,Jianyong Xiang,Hunan Normal University,Successful Participant,
2214519,Jingyi Shi,Xinyue Chen,Haomiao Jin,Hangzhou Normal University,Successful Participant,
2214520,Congyu Wen,Yihan Xing,Fei Du,Northeastern University,Successful Participant,
2214521,Dian Zheng,Wanghao Yu,Chenchen Wang,Zhejiang University of Finance and Economics,Successful Participant,
2214523,Chenru Wang,Yuer Wang,Lifan Xuan,Ocean University of China,Successful Participant,
2214524,Jiayang Wang,Jian Zhao,Yuxin Zhou,Zhejiang University of Finance and Economics,Unsuccessful - I,
2214525,Haocheng Li,Siyu An,Xinghao Qin,Tiangong University,Successful Participant,
2214526,Jiang Zhengxiang,Liu Yinting,Tian Xiyu,XIDIAN UNIVERSITY,Successful Participant,
2214527,Peishan Sun,Xiaoying Luo,Siqi Cai,South China Normal University,Honorable Mention,
2214528,Shaoping Hu,Yaoming Fu,Jikun Wan,Jiangxi Normal University,Successful Participant,
2214529,Xiangbo Yin,Rui Wang,Zhiqiang Wang,Kunming University of Science and Technology,Successful Participant,
2214530,Cong Haoyang,Wang Danyang,Xu Dongming,Northeastern University(CN),Honorable Mention,
2214531,Yide Zhao,Hao Yuan,Fu Zhao,Jiangxi Normal University,Successful Participant,
2214532,Zhangchen Ye,Leting Wu,Yife1 Chen,Jiangxi Normal University,Successful Participant,
2214533,Wanqiu Cheng,Yixuan Han,Jiawei Fu,Chongqing University,Successful Participant,
2214534,Yiwen Shi,Jiayi Xu,Haigqing Li,Fudan University,Successful Participant,
2214535,Wei He,Yitong Han,Ting Zhang,South China Normal University,Successful Participant,
2214536,Kun Jin,Bo Wu,Xu Fan,National University of Defense Technology,Honorable Mention,
2214537,Xinyu Ren,Peng Qiao,Wenbo Wang,Sichuan University,Successful Participant,
2214538,Zhaomei Yu,Runhao Wang,Yu Zhang,X1’an International Studies University,Successful Participant,
2214539,Shuting Qiu,Jia Zhang,Junze Lu,Chongqing University,Honorable Mention,
2214540,Zhang Yunru,Xiao Nana,Lu Jingwen,X1’an University of Finance and Economics,Successful Participant,
2214541,Yuyang Zhao,Junjie Zheng,Zhe Liu,PRA HK HAS,Successful Participant,
2214542,Zhijie Wu,Qingxuan Wang,Yongcheng Tang,Renmin University of China,Honorable Mention,
2214543,Junquan Zhou,Yuling Luo,Yang Yang,South China Normal University,Successful Participant,
2214544,Guo Enming,Wang Yike,Geng Jinjin,Northeastern University,Disqualified - P,
2214545,Zhaotong,Weichengxuan,Wumengyu,HALAS,Successful Participant,
2214546,Peihui Liang,Lihao Chen,Siyuan Liao,National University of Defense Technology,Honorable Mention,
2214547,Ke Ding,Zheyu Lu,Fangxiny1 Zhou,National University of Defense Technology,Successful Participant,
2214548,Zhanghan Lin,Xinrui Luo,Wenjie Wei,Sun Yat-Sen University,Successful Participant,
2214549,Zexuan Qi,Caimiao Wang,Yuning Lin,Hebei University of Technology,Honorable Mention,
2214550,Haihui Ren,Rongrong Hu,Gongxian Zhang,Northeastern University,Honorable Mention,
2214551,Xingrui Xie,Jianing Li,Yihan Li,National University of Defense Technology,Successful Participant,
2214552,Luofu Wu,Shuai Zhang,Chengyun Xiong,National University of Defense Technology,Successful Participant,
2214553,Yingwei Li,Yinting Zheng,Yue Yin,Sun Yat-Sen University,Honorable Mention,
2214554,JunHao Ruan,Tianyun Feng,Zhuochen Wang,Wuhan Institute of Posts and Telecommunications,Successful Participant,
2214555,Wangying Yang,Fanglong Bao,Kun Zhang,Beijing University of Posts and Telecommunication,Honorable Mention,
2214556,Haoyu Zhang,Xinyu Tang,Yuetian Lu,National University of Defense Technology,Meritorious Winner,
2214557,Hailu Xin,Xing Wang,Ziyu Zhang,National University of Defense Technology,Successful Participant,
2214558,Donglai Jiao,Yulin Guo,Zechang Wang,National University of Defense Technology,Successful Participant,
2214559,Jinlong Tian,Fei Zhang,Dashan Tian,SEU,Successful Participant,
2214560,Du Yang,Zheng Hongyu,Wang Zeyu,Northeastern University,Meritorious Winner,
2214561,Xinjie Ju,Guning Wang,Zhaoxuan Zhang,National University of Defense Technology,Honorable Mention,
2214562,Cu1Xidan,LiuZiyuan,Liu Yuzhou,Jilin University,Successful Participant,
2214563,Rui Pan,Zhiqiang Jiang,Xingyu Duan,National University of Defense Technology,Successful Participant,
2214564,Shuliang Zhan,Yu Zhou,Zhuofeng Zhu,National University of Defense Technology,Honorable Mention,
2214565,Junzhi Wang,Shengtao Qiao,Pengyu Chen,National University of Defense Technology,Successful Participant,
2214566,Zhichong Feng,Xiang Li,Ting Mei,Wuhan University of science and technology,Successful Participant,
2214567,Zilong Tian,Haoming Wang,Xuan Meng,National University of Defense Technology,Meritorious Winner,
2214568,Haowen Tan,Wanying Xu,Yutong Dai,SiChuan University,Meritorious Winner,
2214569,Dexin Li,Jishuai Miao,Yilong Xu,Shandong University,Successful Participant,
2214570,Zhenfeng Wang,Katyuan Feng,Maochu Li,National University of Defense Technology,Meritorious Winner,
2214571,Bingting Du,Shaowen Hou,Yunchang Wang,education,Meritorious Winner,
2214572,Haowen Gao,Yinuo Xu,Jiyuan Wang,National University of Defense Technology,Successful Participant,
2214573,Mengyang Fan,Siy1 Peng,Qinhui Peng,National University of Defense Technology,Honorable Mention,
2214574,Fetyang Yu,Jiawen Zhong,Aue Wang,Chengdu University of Technology,Successful Participant,
2214575,Wentai Guo,Hui Shu,Mengyjia Yang,Chengdu University of Technology,Successful Participant,
2214576,Xiang Li,Yue Wang,Jincheng Liao,Xi'an Jiaotong University,Honorable Mention,
2214577,Xiaorong Zheng,Fangrui Cui,Wenjie Lan,East China Normal University,Successful Participant,
2214578,Shiging Guo,Zhiyuan Ding,Lipeng Lian,National University of Defense Technology,Honorable Mention,
2214579,Xuqin Zhang,Peiwei Cai,Siwen Chen,Nanjing University,Successful Participant,
2214580,Zhanglongyao,mozifan,wangyingda,Shandong University,Successful Participant,
2214581,Chengjun Xu,Siyuan Zhou,Yuhe Ruan,Northeastern University,Successful Participant,
2214582,Wang Haoyu,Zhu Wenjing,Lei Zhenxin,XIDIAN UNIVERSITY,Successful Participant,
2214583,Muyu Zuo,Hongfei Liu,Xinxin Liu,Nanjing University of Posts&Telecommunications,Successful Participant,
2214584,Shenao Wang,Yalong Wang,Qianxu Wang,XIDIAN UNIVERSITY,Meritorious Winner,
2214585,Hongyu Wei,Chenyang Li,Yan Luo,Beijing Normal University,Honorable Mention,
2214586,Xirui Kao,Wenrui Cui,Difu Zhu,Northwestern Polytechnical University,Finalist,
2214587,Ziyang Wang,Cheng Guo,Ningna Liu,XIDIAN UNIVERSITY,Successful Participant,
2214589,Jun Pan,Yongfe1 Huang,Yihui Zhang,Beihang University,Honorable Mention,
2214590,Chenyu Song,Jiajie Shan,Ze'an Feng,China University of Petroleum-Beiing,Honorable Mention,
2214591,Yuqi Qin,Xiangjian Hou,Xiaoyan Yin,Huazhong University of Science and Technology,Successful Participant,
2214592,Zehui Wang,Zhenyang Du,Zheming Bao,Northeastern University,Successful Participant,
2214593,Wang Xuaner,He Yinkai,Jiyuan Ma,Central University of Finance and Economics,Successful Participant,
2214594,Auan Ye,Luanwei Wang,Jingxian Xu,China University of Mining and Technology,Successful Participant,
2214595,Yiheng Chen,Huize Zhou,Cheng Chang,China University of Mining and Technology,Successful Participant,
2214596,Ximeng Yu,Songchen Dai,Chenjie Lin,Chongqing University,Successful Participant,
2214597,Liu Yixuan,Zhao Fangrui,Liu Yingda,Beijing University Of Technology,Successful Participant,
2214598,Xiaohan Li,Yingqi Liu,Jingyi Zhang,China University of Mining and Technology,Successful Participant,
2214599,Xiangchao Fan,Jingy1 Lei,Zhengze Zhang,Northeastern University,Honorable Mention,
2214601,Chenxi Sun,Long Gao,Yve Fu,China University of Mining and Technology,Honorable Mention,
2214602,Guanbo Wang,YiWei Xu,Chaoyang Fu,Wuhan University,Honorable Mention,
2214603,Jinghua Zhao,Shan Zhang,Xin Chen,China University of Mining and Technology,Successful Participant,
2214604,Yi Zhang,Yuanging Dong,Zhiwei Wang,Tianjin University,Honorable Mention,
2214605,Jiyuan Wang,Liyun Sun,Jie Cui,Liaoning Petrochemical University,Successful Participant,
2214606,Xue Gaocheng,Jiao Boru,Ye Zhencheng,Zhejiang University of Science and Technology,Successful Participant,
2214607,Zhaoming Pang,Fang Zhou,Yu Cao,Huazhong University of Science and Technology,Finalist,
2214608,Xingli Du,Jin Xing,Zenan Bai,Xi'an University of Posts and Telecommunications,Meritorious Winner,
2214609,Xuan Li,Yudong Li,Zhichao Cui,Xiamen University,Disqualified - P,
2214610,Qiluan Yang,Yida Yang,Yingdong Xu,China University of Petroleum,Disqualified - P,
2214611,Ya Luo,Xiang Li,Haolan Zuo,Sichuan University,Honorable Mention,
2214612,Xinyu Liu,Tianjyun Cheng,Junging Liu,University of International Business and Economic:,Successful Participant,
2214613,Yanshuo Jia,Zhitong Tian,Miaoling Wu,Wuhan University,Successful Participant,
2214614,Kexin Luo,Hanbing Liu, ,Renmin University of China,Successful Participant,
2214615,Yueke Yang,Sujia Wang,Ziyuan Wang,Northeastern University,Honorable Mention,
2214616,Katyue Wang,Ziying Guo,Syin Zhang,Renmin University of China,Successful Participant,
2214617,Kexin Ji,Jintao Tian,Zhenwei Wang,Wuhan University,Successful Participant,
2214618,Yaotong Liang,Jiechao Zhou,Zhicheng Zhu,Nanjing University,Honorable Mention,
2214619,Shihao Tang,Xudong Zheng,Qiang Wel,Xi'an University of Posts and Telecommunications,Successful Participant,
2214620,Hongmei Tang,Baoy1 Wang,Yuening He,Huazhong University of Science and Technology,Honorable Mention,
2214621,Jun Ma,Kuan Li,Hang AN,Southeast University,Honorable Mention,
2214622,Sicheng Y1,Zimeng Wang,Zhen Huang,education,Successful Participant,
2214623,Hanbo Zhang,Jiarui Luo,Yexiang Yang,Tiangong University,Successful Participant,
2214624,Tian Yunxiao,Shi Zhengliang,Yu Yongcan,Shandong University,Honorable Mention,
2214625,Wenjie Zhu,Ping Zhuang,Feng Yu,Nankai University,Successful Participant,
2214626,Zhiyuan Yang,Zezheng Qin,Jingjie Tan,Tianjin University of Commerce,Successful Participant,
2214627,Sisi Chen,Xiaochun Chen,Zhixue Chen,SUN YAT-SEN UNIVERSITY,Successful Participant,
2214628,XAupeng Wu,Ruimin Zhang,Zunnan Xu,Sun Yat-Sen University,Successful Participant,
2214629,Kechao Lu,Haoyang Yu,Junhao Zhang,Duke Kunshan University,Successful Participant,
2214630,Hanchi Chu,Dingkun Han,Yijia Zheng,Taiyuan University of Technology,Successful Participant,
2214631,Kuangyu Zhu,Zi Huang,Zehao Li,Sun Yat-Sen University,Successful Participant,
2214633,Wanqi Hu,Xinran Wang,Yijia Xue,Duke Kunshan University,Honorable Mention,
2214634,Yuan Xu,Ebadat Kurban,Yaxin Wang,Tiangong University,Disqualified - P,
2214635,Xuanang Zhou,Hao Mel,Yuan Shan,Duke Kunshan University,Finalist,
2214636,Zhejian Zheng,Nan Xue,Lianhao Fu,XIDIAN UNIVERSITY,Honorable Mention,
2214637,Zhewen Huang,Zhengjun Shen,Heye Xie,Xi'an University of Posts & Telecommunications,Disqualified - P,
2214638,Jiaheng Zhang,Yifan Li,Huangrui Chu,Duke Kunshan University,Successful Participant,
2214639,JiaWen Yu,Lei Liu,YaTing Zhu,Nanchang Institute of Technology,Successful Participant,
2214640,Zilin Jiang,Weihang Zhang,Zehao Wang,Duke Kunshan University,Successful Participant,
2214641,Youzhang He,Ruiqi Chen,Yike Guo,Duke Kunshan University,Successful Participant,
2214642,Jingwei Li,Ruitian Wu,Chenyu Wang,Duke Kunshan University,Honorable Mention,
2214643,Zhou Yingx1,Gu Xiaodan,Wu Shuang,Tianjin University,Honorable Mention,
2214644,Runkun Guo,Yueci Sun,Dongyang Guo,Duke Kunshan University,Successful Participant,
2214645,Li Quushi,Deng Lixiao,Zhang Desheng,Northeastern University(CN),Successful Participant,
2214647,Yining Han,Boran Cao,Silu Wang,Tianjin University,Successful Participant,
2214648,Jiajun Chen,Junzhou Zhang,Xinyu Li,Sun Yat-Sen University,Successful Participant,
2214649,Zhuocheng He,Yiming Tang,Yisheng Fu,Tianjin University,Successful Participant,
2214650,Hang Xu,Xin Yi Luo,HaiLong Zhu,Nanchang Institute of Technology,Successful Participant,
2214651,Lu Wang,Jiaying Li,Yingwei Ma,Xi'an University of Posts and Telecommunications,Successful Participant,
2214652,Long Qian,Chen Yiran,Zeng Sisi,Renmin University of China,Meritorious Winner,
2214653,Qiyan Luo,Yuzhen Xie,Feiran Wel,Sun Yat-sen University,Successful Participant,
2214654,Runze Chen,Yichen Ding,Yuang Yan,Nanjing University of Science and Technology,Successful Participant,
2214655,Tianhao Shi,Lai Wei,Derong Jin,The Chinese University of Hong Kong  Shenzhen,Honorable Mention,
2214656,Yongyu Long,Yifan Hu,Yaqi Yan,Xiamen University,Successful Participant,
2214657,Xiangyu Zhao,Tiancong Han,Yan Zhao,Tiangong University,Honorable Mention,
2214658,Menghua Li,Jun Hao Zhao,Xuyun Liao,Nanchang Institute of Technology,Honorable Mention,
2214659,Qiyu Gu,Bokun Ma,Xiangchen Xu,XIDIAN UNIVERSITY,Successful Participant,
2214660,Yanan Li,Yichen Guo,Jiajun Zhang,Qinghai University,Finalist,
2214661,Yongqu Zhuang,Yifan Wu,Xun You,Tiangong University,Honorable Mention,
2214662,Yuefen Ai,Lina Wang,Chuchu Zhang,Nanchang Institute of Technology,Meritorious Winner,
2214663,Pengyjie Zhang,Werye Liu,Jiayue Xu,Northwestern Polytechnical University,Successful Participant,
2214664,Mengle1 Zhang,X1 Chen,Chenchen Pei,Xi'an University of Posts and Telecommunications,Successful Participant,
2214665,Ruoyu Tian,Shizhuo Long,Wenbo Li,Tianjin University,Successful Participant,
2214666,Baoyi Shou,Yi Yu,Jiacui Huang,Donghua University,Honorable Mention,
2214667,Haochen Deng,Junji Zhou,Siyuan Wang,Xi'an Jiaotong University,Meritorious Winner,
2214668,Xiaorul Ding,Ke Ding,Shuting Zhang,Tianjin University,Meritorious Winner,
2214669,Kangxin Zheng,Chaojing Lei,Hao Wu,East China Normal University,Successful Participant,
2214670,Wanli Ye,Jingtao Liu,Conghao Shen,Nanchang Institute of Technology,Successful Participant,
2214671,Zhao Quan,Chen Jiaolong,Ma Pengxuan,Northeastern University,Honorable Mention,
2214672,Yuantao Sun,Hongyang Wang,Deng Ken,Tianjin University,Successful Participant,
2214673,Yuhan Zhu,Zirui Xia,Boting Zhou,Jinan University,Disqualified - P,
2214674,Chen Sun,Yiming Zhao,Weida Liu,Shenyang Aerospace University,Successful Participant,
2214675,Yuping Wang,Yansheng Zhu,Yongshuo Zhang,Xi'an University of Posts & Telecommunications,Honorable Mention,
2214676,Mingyang Li,Wenkai Li,YuHao Liu,Northeastern University,Successful Participant,
2214677,Han Shi,Peihan Zhao,Chiyu Hou,Renmin University of China,Honorable Mention,
2214678,Zuxun Huang,Bo Lin,Tao Liu,Tiangong University,Successful Participant,
2214679,Jinghao Qiu,Nan Jiang, ,Wuhan University,Disqualified - P,
2214680,Jinyu Fu,Mi Hao,Jiazheng Yang,Xi'an Jiaotong University,Honorable Mention,
2214681,Shengkai Yang,Qiuhao Pang,Yuxiaoyu Zhang,Tiangong University,Successful Participant,
2214682,Jikun Yu,Hao Xia,Yufan Zhao,Tiangong University,Successful Participant,
2214683,Liu Chengyan,Zhao Xinyan,Chen Mengyan,Southwestern University of Finance and Economic:,Successful Participant,
2214684,Changyuan Yu,Yang Zheng,Enshu Wang,NorthEastern University,Successful Participant,
2214685,Zihong Li,Zexuan Zhang,Yixuan Chen,Shenzhen University,Honorable Mention,
2214686,Feng He,Yuxiang Ren,Zhigiang Yang,Tiangong University,Successful Participant,
2214687,Zhao Dongyjie,Li Pengpeng,Lu Yuntian,Beihang University,Honorable Mention,
2214688,Zhaoyang Chao,Qian Zhang,Ziying Yu,Xi'an University of Posts & Telecommunications,Successful Participant,
2214689,Keying Zhu,Hongliang Luo,Haohan Zheng,XIDIAN UNIVERSITY,Successful Participant,
2214690,Ruotong Wang,XihuaLiu,JiaxinLian,University of Science and Technology Beting,Honorable Mention,
2214691,Yi Huang,Yi Wang,Chang Zhao,Northeastern University,Meritorious Winner,
2214692,Wei Guo,Yanshuang Liu,Songchen Sui,Northeastern University,Disqualified - P,
2214693,Liyutong,yangge,Guo Chang,China University of Mining and Technology,Successful Participant,
2214694,Yihang Guo,Chenxin Yang,Xingfu Fu,Northwest A&F University,Honorable Mention,
2214695,Ruilin Luo,Wenjie Zeng,Zhengyang Zhang,Huazhong University of Science and Technology,Finalist,
2214696,Wei Wang,Qiwei Zhu,Ying Yu,China University of Mining and Technology,Successful Participant,
2214697,Jingjing Feng,Zewei Liu,Wanyu Li,Qutfu Normal University,Meritorious Winner,
2214698,Weixuan Zhang,Xinyu Hao,Jingyang Wang,Ocean University of China,Honorable Mention,
2214699,LI LITIAN,HUANG TIANLI,ZHOU BOCHU,XIDIAN UNIVERSITY,Honorable Mention,
2214700,Shao Yuming,Yixing Guo,Xu Yue,Nanjing Audit University,Successful Participant,
2214701,Yicheng Pan,Ning Jiang,Ke Dong,Qingdao University of Technology,Meritorious Winner,
2214702,Xuny1 Ma,Jialu Zhang,Liuyue Zhang,Nanjing Agricultural University,Successful Participant,
2214703,Quan Yuan,Yu Geng,Yang Da,Huazhong University of Science and Technology,Successful Participant,
2214704,Haotian Zhu,Kongze He,Hongy1 Jia,Huaqiao University,Honorable Mention,
2214705,Binzhu Xie,Hongcheng Gao,Tingtong Zhu,Chongqing University,Honorable Mention,
2214706,Jingwen Hu,Bochun Cao,Hongwen Zhou,Shandong Normal University,Successful Participant,
2214707,Kailai Wang,Siyuan Chen,Feifan Lei,Northwest A&F University,Successful Participant,
2214708,Liang yonggang,Ting Song, ,Sichuan University and Xihua University,Successful Participant,
2214709,Zhe Hu,Zhongyjie Cul,Zujing Liu,Wu Han University,Successful Participant,
2214710,Mingyjie Li,Xingzhi Ji,Zhepeng Dong,Chang'an University,Honorable Mention,
2214711,Haoran Liu,Xin Wang,Chenglin Li,Northeastern University,Successful Participant,
2214712,Zheng Luo,Yuxuan He,Zhongbo Xu,Chang'an University,Successful Participant,
2214713,Zhirong Chen,Zicheng Ma,Ziyuan Chen,ZJU-UIUC Institute  Zhejiang University,Finalist,
2214714,Ligian Ma,Nian Zhao,Peng Wel,Chang'an University,Successful Participant,
2214715,Juanyu Wang,Haulin Shi,Shuo Wang,Chang'an University,Honorable Mention,
2214716,Liao Chao,Cui Zhongjian,Wang Hequan,Northeastern University(CN),Honorable Mention,
2214718,Xinyu Zhao,Siyu Tian,Yan Zhao,Northwest A&F University,Successful Participant,
2214719,Rutyan Li,Zihang Chen,Ruping Yang,Chang'an University,Meritorious Winner,
2214720,Liu Shuo,luo x1,feng yiming,Northeastern University,Successful Participant,
2214722,Ziging Ma,Haoran Li,Songbo Lin,Northwest A&F University,Successful Participant,
2214723,Siyu Ye,Fengting Zhong,Yunfei Hao,Chang'an University,Successful Participant,
2214725,Yuyan Huang,Jianing Wang,Haobo Zhang,Chang'an University,Honorable Mention,
2214727,Yanjie Zhang,Hatyang Zhang,Yulin Chen,Chang'an University,Successful Participant,
2214729,Benze Sheng,Hao L1,Yuwei Yao,Ocean University of China,Successful Participant,
2214730,Yiran Hou,Boxing Yan,Qiulu Li,Chang'an University,Successful Participant,
2214732,Jiali Su,Bei Ye,Shuang Chen,Chang'an University,Successful Participant,
2214733,Hang Ci,Huawei Ji,Yuxin Zhang,Chongqing University,Honorable Mention,
2214734,Yanbo Wang,Yingchang Xiong,Jiaming Sun,Chang'an University,Meritorious Winner,
2214735,Ruixiao Li,Yang Cheng, ,Fudan University,Successful Participant,
2214736,Zhongtfeng Zhao,Yongwei Zhu,Jiangchun Mou,Northeastern University(CN),Successful Participant,
2214737,Wenyjing Duan,Yuntao Li,Yanchao Ma,Northeastern University at Qinhuangdao,Successful Participant,
2214738,Moyan Chen,Yining Zhu,Chunyi Zhang,Sun Yat-Sen University,Successful Participant,
2214739,Chengying Zhu,Jinyao Zheng,Lanqi Feng,University of International Business and Economics,Successful Participant,
2214740,Yu Gao,Wen Gu,Shuo-Yu Dang,Northwest A&F University,Successful Participant,
2214741,Tingyi Zhu,Ruiting Hu,Mengqi Wang,Northwest A&F University,Honorable Mention,
2214742,Ying Lu,Haiman Liang,Auanya Lu,Hangzhou Normal University,Successful Participant,
2214743,Yuxuan Cao,Yueting Li,Nan Fang,Northwest A&F University,Successful Participant,
2214744,Chenyang Liu,Lihang Sun,Zhicheng Shi,Xi'an Jiaotong University,Successful Participant,
2214745,Chenrui Liu,Haojiang Tang,Junhao Cai,Yanbian University,Successful Participant,
2214746,Boyang Liang,Kedian Luo,Jiabao Wang,Chang'an University,Successful Participant,
2214747,Zhiqi Lin,Jixing Tu,Kailong Deng,Chang'an University,Successful Participant,
2214748,Xinze Zeng,Wenxin Gong,Dingrong Wang,Northeastern University at Qinhuangdao,Honorable Mention,
2214750,Zihan Cui,Yixing Dou,Zijian Niu,Chang'an University,Honorable Mention,
2214751,Kejia Chan,Hanhan Xie,Ziying Ma,Jinan University,Successful Participant,
2214752,Ziyi Han,Ziteng Wang,Yuting Cu,Chang'an University,Successful Participant,
2214753,Hezhi Zhang,Guohui Zhang,Haijian Wang,Chang'an University,Successful Participant,
2214754,Yueqiao Yang,Yunhan Zhang,Hongxuan Guo,Renmin University of China,Honorable Mention,
2214755,Wenze Chen,Yixin Hou,Yuhuan Niu,Chang'an University,Honorable Mention,
2214756,Zhaowei Han,Zhikai Ling,Zulong Liu,Chang'an University,Meritorious Winner,
2214757,Xu chenyang,Yue Shuai,Liu Danle1,XIDIAN UNIVERSITY,Successful Participant,
2214758,Xibao Teng,Haoyu Shi,Tianci Ma,Chang'an University,Successful Participant,
2214759,Li Jianying,Liu Tao,Miao Yifan,Jniversity of Electronic Science and Technology of Cl,Successful Participant,
2214760,Qian Zhou,Shangyu Li,Werjie Guo,Chang'an University,Honorable Mention,
2214761,Huiyie Zhang,Yuanjun Huang,Xinyu Wu,Nanjing University of Science and Technology,Successful Participant,
2214762,Biao An,Jinying Ye,Ziquan Zhang,Chang'an University,Honorable Mention,
2214763,Chen Jikai,Xue Ruoxin,Zhou Yuqi,Shanghai University,Successful Participant,
2214764,Zefan Zhang,Kaiyuan Meng,Zengzhi Zhang,Chang'an University,Finalist,
2214765,Jiapeng Li,Keda Chen,Zhiyao He,Chang'an University,Honorable Mention,
2214766,Auemeng LU,Yi JIANG,Xinyao WANG,Beiying University of Technology,Successful Participant,
2214767,Haopeng Chen,Haorui Li,Zhihua Zhang,Nanjing University of Science and Technology,Honorable Mention,
2214768,Yu Liu,Junjie Mai,Zhaobo Zhang,Guangdong University Of Technology,Successful Participant,
2214769,Gebei En,ShiJia Kang,PinDuan Hu,North China Electric Power University,Meritorious Winner,
2214770,Wuxi cheng,Zhikai zhou,Zhuolin zhang,Wuhan University of Science and technology,Successful Participant,
2214771,Yingtao Wu,Xuehuan Pan,Huolin Liao,Guangdong Pharmaceutical University,Successful Participant,
2214772,Yuyan Li,Zhifei Yang,Jiali Guo,Chang'an University,Successful Participant,
2214773,Jiajing Zhuang,Haosen Zhang,Hucheng Bai,Hebei University of Technology,Honorable Mention,
2214774,Bingke Wu,Yifei Tian,Jiaqi Wang,Nanjing University of Science and Technology,Successful Participant,
2214775,Zhiyao Wang,Ziyu Zhang,Yuheng Zhang,Tianjin University,Successful Participant,
2214776,Jiexin Zheng,Dongrui Xu,Hengjie Zhu,Chang'an University,Successful Participant,
2214777,Zejun Fan,Zihao Huang,Tian Qin,Huazhong University of Science and Technology,Honorable Mention,
2214778,Lin Yi,Jiayi Wang,Qingxuan Li,XIDIAN UNIVERSITY,Honorable Mention,
2214779,Chenhui Yu,Jingqi Yang,Zhaolong Wang,Qingdao University of Technology,Successful Participant,
2214780,Jiaying Shi,Xinyue Zhang, ,Chongqing University of Posts and Telecommunicatic,Honorable Mention,
2214781,Zhen Ma,Jianhao Bin,Caiwen Ning,Chang'an University,Successful Participant,
2214782,Zhihan Xu,Xinhong Wan,Yutong Wu,Renmin University of China,Successful Participant,
2214783,Ziqi Zhu,Huan Cao,Weiyi Meng,Chang'an University,Meritorious Winner,
2214784,YUAN CHEN,YUXUAN ZUO, ,Hunan University,Disqualified - P,
2214785,Changlin Yin,Xiangyu Chen,Yunxin Min,Sichuan University,Honorable Mention,
2214786,Siyao Zhong,Zhuoquan Yang,Chukun Huang,South China Normal University,Successful Participant,
2214787,Jiahao Niu,Minggqiang Shao,Feife1 Xiao,Sun Yat-sen university,Honorable Mention,
2214788,Shuyu Zhang,Guangze Liu,Lei Liu,Chengdu University of Technology,Successful Participant,
2214789,Yajing Liu,PeiXuan Chen,Yunyao Zhang,XIDIAN UNIVERSITY,Successful Participant,
2214790,Xuan Chen,Likai Zhao,Kaiqi Huang,Soochow University,Finalist,
2214791,Zhao Xinke,Shi Zihan,Zhang Yanhao,Northwest A&F University,Successful Participant,
2214792,Gengchen Xu,Kai Wang,Peijian Zhang,Ocean University of China,Honorable Mention,
2214793,Yayu Zhu,Ivan Li,Tu Lei,Northeast Normal University,Honorable Mention,
2214794,Jingran Gao,Wenzhuang Zhu,Hao Meng,Chang'an University,Successful Participant,
2214795,Lv Haodong,Cheng Ziqiu,Feng Jingran,Northeastern University,Successful Participant,
2214796,Qiyun Huo,Auwen Peng,Siqi Li,Chengdu University of Technology,Successful Participant,
2214797,Decheng Meng,Yuanyuan Liu,Wenhao Zhang,Qingdao University of Technology,Successful Participant,
2214798,Erda Zhou,Yingxuan Ren,Quyang Pan,XIDIAN UNIVERSITY,Honorable Mention,
2214799,Yuanwei Li,Sikui Zhang,Yixing Dai,Chengdu University of Technology,Honorable Mention,
2214801,Ren Zihao,Zou Yuantian,Lin We1,Northeastern University(CN),Successful Participant,
2214802,Xin Huang,Yulin Zhao,Yuqing Xie,Chang'an University,Honorable Mention,
2214803,FuRui Feng,YuHao Shi,Can Peng,Shanghai Normal University,Successful Participant,
2214804,Daohong Liu,Wei Tang,Zhenkun Duan,Chengdu University of Technology,Successful Participant,
2214805,You Weijie,Duan Wei,Yang Zheng,Northeastern University(CN),Successful Participant,
2214806,Song Mingyuan,Zeng Yuxiang,Zeng Chenlu,Yunnan University,Successful Participant,
2214807,Xin Deng,Yi Chen,JiaHao Sun,Chengdu University of Technology,Successful Participant,
2214808,Chenglin Liu,Xiangting Chen,Xiuwen Xu,Northeastern University,Successful Participant,
2214809,Yating Wang,Maoliang Li,Lianjie Guo,Northwestern Polytechnical University,Successful Participant,
2214810,PeiCun Lin,Keer Lei,Liqun Chen,South China Normal University,Successful Participant,
2214811,Jiaqi Wang,Zizhuang Yang,Katyuan Tian,Chang'an University,Successful Participant,
2214812,Li Wenwen,Li Hanyue,Ye Shiwen,Si Chuan University,Successful Participant,
2214813,Jilin Sun,FangCheng,Zilong Kan,Qingdao University of Technology,Successful Participant,
2214814,Yuxin Huo,Zeming Liu,Jin Zeng,Chengdu University of Technology,Successful Participant,
2214815,Yaxin Zhao,Minghui Zhang,Yihong Zhao,Chang'an University,Successful Participant,
2214816,Cheng Zhang,Kexiong Cheng,Ying Zhou,Chengdu University of Technology,Honorable Mention,
2214817,Yuxuan Lin,Di Xue,Yue Wang,Civil Aviation University of China,Successful Participant,
2214818,Siyuan Wu,Yushan Tang,Chenyang Wang,Northeastern University,Successful Participant,
2214819,Jiayu Xie,Yongzheng Ren,Wenjuan Li,Chang'an University,Successful Participant,
2214820,Shiwan Zou,Jiaen Shen,Binghui Chen,Northeastern University,Successful Participant,
2214821,Liyuan Jin,Dao Zhou,Yunlong Xia,ll Rise,Successful Participant,
2214822,Long Xu,Jiayi Li,Qian Hu,Chang'an University,Honorable Mention,
2214823,WangJunxiang,NiuJingyao,TianHaichen,Northeastern University,Successful Participant,
2214824,Huayang Li,Renbo Zhang,Jingyang Huang,Northeastern University(China),Successful Participant,
2214825,Dingkang Hu,Jiawei Fan,Jinjie Tan,Chang'an University,Honorable Mention,
2214826,Depeng Wang,Chunhui Wu,Chen Ding,Nanjing University of Science and Technology,Successful Participant,
2214827,Anhui Shen,Aoyue Zhang,Hongquan He,Henan University,Honorable Mention,
2214828,Da Liu,Zeren Chen,Heshan Huang,Chang'an University,Successful Participant,
2214829,Song Jianbo,Yang Zhongzhi,Kang Yongshuo,North China Electric Power University,Successful Participant,
2214830,Mingxia Li,Yifang Sun,Yanlian Chen,University of International Business and Economic:,Successful Participant,
2214831,Xia Li,Meng Yuan,Baiwei Li,Nanjing University of Science and Technology,Successful Participant,
2214834,Jingchen Li,Ruibin Wang,Shengkai Wang,Nanjing University of Science and Technology,Successful Participant,
2214835,Sying Lei,Maiqian Lv,Longbo Han,Xi'an University of Posts & Telecommunications,Successful Participant,
2214836,Gan Lingyun,Zhang Chenyu,Ding Ruohan,Beijing Normal University,Successful Participant,
2214837,Jiachi Pang,Jiachen Tao,Ziceng Zhang,Nanjing University of Posts and Telecommunication,Successful Participant,
2214838,Kaixuan Yin,Yuxin Ye,Yu Xie,University of Science and Technology Beting,Successful Participant,
2214839,Hatyang Huo,Xiaojyun Wu,Zhifan Zhang,Chang'an University,Successful Participant,
2214840,Sutong Liu,Jiayi Xiong,Huan Liu,Nanjing University of Science and Technology,Honorable Mention,
2214841,Shuangyue Zhang,Xiaoyu Mu,Xinyi An,Beiing University of Technology,Successful Participant,
2214842,Lingyun Wel,You Huang,Yawen Chen,Gannan University of Science and Technology,Successful Participant,
2214843,Junwen Tong,Zhibin Wang,Zhaohui Gong,Gannan University of Science and Technology,Successful Participant,
2214844,Zheng Li,Xiaoman Zhou,Cuicui Zhan,Gannan University of Science and Technology,Successful Participant,
2214845,Xinmiao Zuo,Fumin Guo,Xiang Huang,Gannan University of Science and Technology,Successful Participant,
2214846,Ruini Jiang,Xiaochen Shi,Juling Zhou,Chengdu University of Information Technology,Successful Participant,
2214847,fuchao yang,yufu li,zining huang,Northeastern University,Successful Participant,
2214848,Jiyue Dong,Shuting Liu,Jianhong Wang,University of International Business and Economics,Honorable Mention,
2214851,Yizhe Zhang,Xiaohui Zhong,Haoyang Wu,Chang'an University,Meritorious Winner,
2214852,Chenghan Lin,Bairong Liu,Rui Chen,Northeastern University,Successful Participant,
2214853,Sun Mingkai,Zhang Yuwen,Lu Xiaoman,Northeastern University(CN),Honorable Mention,
2214854,Yan Wei,Li Dan,Jiang Fuyang,Jiangxi University of Finance and Economics,Honorable Mention,
2214855,Runyu Zhang,Yurui Kang,Xiaoqi Cheng,Chang'an University,Honorable Mention,
2214856,Jiangxiu Guo,Chenyi Shen,Zhibo Ling,East China University of Political Science and Law,Successful Participant,
2214857,Chenshu Liu,Kang Li, ,Xi'an Jiaotong University,Honorable Mention,
2214858,Tianjun Bu,Yichi Zhang,Qiuye Zhao,Nanjing University of Posts and Telecommunication,Meritorious Winner,
2214859,Haonan Han,Bangxiang Lan,Shiwen Zhang,XIDIAN UNIVERSITY,Finalist,
2214860,Li Wenru1,Ye Zhongyu,Chen Junlin,BNU-HKBU United International College,Successful Participant,
2214861,Qiming Zhu,Zhequn Zhou,Bo Chen,Xi'an Jiaotong University,Successful Participant,
2214862,Zhang Yuchuang,Chen Haotian,Chen Xiao,Jiangxi University of Finance and Economics,Honorable Mention,
2214863,Jian Wang,Aoyu Wang,Zhuojun Wang,Chengdu University of Technology,Successful Participant,
2214864,Zheng Yiqiao,Wang Wenxin,Xiong Wanxin,Jiangxi University of Finance and Economics,Successful Participant,
2214866,Hanging Yang,Yilun Yang,Tianji Wang,Duke Kunshan University,Successful Participant,
2214867,Chuan Luo,De Fen Chen,Xian Mei Tang,Chengdu University of Technology,Honorable Mention,
2214868,Hong Chen,Ying Yan,Chenjie Gong,Chengdu University of Technology,Successful Participant,
2214869,Chunzhao Ye,Huabei Zhao,Wei Li,Chengdu University of Technology,Successful Participant,
2214870,Chang Junhao,Chen Bowen,Yang Aoling,Northeastern University,Disqualified - P,
2214871,Xinchao Zhou,Renlong Guo,Zikun Feng,Northeastern University(CN),Successful Participant,
2214872,Menghan Qin,Yunfei Lu,Xuzhe Zhao,XIDIAN UNIVERSITY,Meritorious Winner,
2214873,Xian Lai,Kun Wang,Yi Chen,Chengdu University of Technology,Successful Participant,
2214874,Shiying Jiang,Yunping Wang,Shihui Nie,Chengdu University of Technology,Successful Participant,
2214875,Linjun Li,RuiXiao Yang,Fetyan Jiang,Chengdu University of Technology,Successful Participant,
2214876,Xiaoning Yang,Da Lei,Yingchi Yu,Chengdu University of Technology,Successful Participant,
2214877,Sty1 Wang,Chuhao Tang,Liyun Feng,South China University of Technology,Successful Participant,
2214878,Jiali Lu,Binchi Zhang,Yuhan Huang,Xi'an Jiaotong University,Honorable Mention,
2214879,Liang Wenshu,Zhao Yong,Liu Lu,Northeastern University(CN),Honorable Mention,
2214880,Boqi Chen,Chaoyue Wu,Jiaze Wang,South China University of Technology,Successful Participant,
2214881,Zhou Peiyao,Chen Yiqun,Wang Xvguang,Jiangxi University of Finance and Economics,Honorable Mention,
2214882,Shuo Cao,Mengzhu Sun,Xiting He,China University of Petroleum-Beiing,Successful Participant,
2214883,Ke Qiaoyun,Guo Yaxin,Wang Xilin,Jiangxi University of Finance and Economics,Honorable Mention,
2214884,Shirui Zeng,Kui Ma,Han Wang,South China University of Technology,Honorable Mention,
2214885,Ruifeng Ren,Penghui Wang,Xixian Yong,Jniversity of Electronic Science and Technology of Cl,Finalist,
2214886,Jiayi Wang,Ruiheng Xu,Xiaoyuan Wang,Duke Kunshan University,Successful Participant,
2214887,Tianyu Wang,Fanqi Meng,Xiangyu Meng,Tianjin University,Successful Participant,
2214888,Au Tan,Zhicheng Nie,Ziran Yang,South China University of Technology,Successful Participant,
2214889,Yizhuo Ai,Fangyan Hu,Wenqiang Zhou,Chengdu University of Technology,Honorable Mention,
2214893,Huiwen Zheng,Jiahui Qin,Shuo Yu,Guangdong University of Foreign Studies,Honorable Mention,
2214894,Wentao Deng,Xuhan Lang,Yingrui Wang,South China University of Technology,Successful Participant,
2214895,Shuying Fan,Yue Li,Zipeng Guo,South China University of Technology,Honorable Mention,
2214896,Bryuan Zhou,Ying Liu,Wenting Wu,Nankai University,Honorable Mention,
2214897,Haoyuan Tan,Guangjie Xu,Yanqi Lyu,South China University of Technology,Successful Participant,
2214898,Zhenwei Huang,Yuting Liu,Han Han,South China University of Technology,Successful Participant,
2214899,Jian Gao,Jingwen Zhang,Yixian Mao,Northwest University,Honorable Mention,
2214900,Jiang Yufeng,Zhang Libin,Wang Yuqin,XIDIAN UNIVERSITY,Finalist,
2214901,Huo Chunlin,Tian Liuyang,Ren Guanyu,Beihang University,Successful Participant,
2214902,Yang Rao,Zhan Ma,Shuailong Wu,South China University of Technology,Successful Participant,
2214903,Yao Yue,Du Manru,Zhang Yuxin,East China University of Political Science and Law,Successful Participant,
2214904,Yupeng Jiang,Yuanyun Ma,Lan Wang,South China University of Technology,Honorable Mention,
2214905,JiajingLi,Shipeng YU,JialeHuang,Chengdu University of Technology,Successful Participant,
2214906,Yao Huang,Yutong Ji,Wanlin Jiang,South China University of Technology,Successful Participant,
2214907,Yuqing Lin,Zuguang He,Junlin Chen,South China University of Technology,Meritorious Winner,
2214908,RuiZhe Li,Lian Yang,ShanLi Tan,Beiing University Of Posts and Telecommunication,Disqualified - P,
2214909,Guohao Liu,Qing Dong,Zhipeng Liao,South China University of Technology,Successful Participant,
2214910,Sihan Wu,Ze Lin,Yiyang Shou,South China University of Technology,Successful Participant,
2214911,Tingwei Hu,Ziyi Shangguan,Yunyi Guo,Hangzhou Normal University,Honorable Mention,
2214912,Junluo Chen,Labin Wang,Hatyue Chen,South China University of Technology,Honorable Mention,
2214913,Jiacan Fu,Gaojian Luo,Xingpeng Li,South China University of Technology,Successful Participant,
2214914,wenjun wang,yanfeng tan,lisheng wang,South China University of Technology,Successful Participant,
2214915,Jiawei Li,Ming Yue,Kai Xing,Northeastern University,Honorable Mention,
2214916,Feilidun Abudurupu,Dan Bai,Pengbo Zhang,East China University of Political Science and Law,Honorable Mention,
2214917,aiping zhong,wanling lv,yixuan xie,South China University of Technology,Meritorious Winner,
2214918,Du JiaMing,Shi bo chuan,peng zhe dong,Northeastern University(CN),Successful Participant,
2214919,Chen Xinyl,Ye Hengkang,Liu Yanrui,Northeastern University(CN),Successful Participant,
2214920,Yuechen Shen,Yirong Jing,Zhou Zhou,East China University of Political Science and Law,Successful Participant,
2214921,Hou Zhilei,Xie Dihong,Ping Zheng,Xi'an University of Posts and Telecommunication,Successful Participant,
2214922,Wansheng Gao,Changhao Qiu,Shuxun Feng,East China University of Political Science and Law,Successful Participant,
2214923,Changyi Liu,Jiabao Cai,Fansijia Ye,Beijing Forestry University,Successful Participant,
2214924,Ji Yurui,Xie Xinying,Zeng Ruoheng,East China University of Political Science and Law,Honorable Mention,
2214925,yanyu li,zeying zheng,linxi liu,South China University of Technology,Meritorious Winner,
2214926,Yuqing Jiang,Linging Yuan,Weijie Peng,South China University of Technology,Successful Participant,
2214927,Yuhan Zhu,Yiwei Xing,Zherui Zhang,South China University of Technology,Honorable Mention,
2214928,Chenhang Ye,Zixuan Ju,Ting Zhang,East China University of Political Science and Law,Successful Participant,
2214929,Liu Guoy!1,Wang Yulu,Xiao Jun Yuan,Northeastern University,Successful Participant,
2214930,Wang Shubin,Zhang Zhen,Hu Hatyang,Tianjin University of Commerce,Honorable Mention,
2214931,Xintian Wang,Ruoyu Ji,Wenxuan Zhang,Tianjin University,Honorable Mention,
2214932,Yuhang He,Jiaxi Huang,Le1yuan Tian,Zhejiang University,Successful Participant,
2214933,Mengyuan Pei,Hui Yao,Mingyang Bi,Southern University of Science and Technology,Successful Participant,
2214934,Tynan McGee,Thomas Luong, ,Western Washington University,Successful Participant,
2214935,Mayla Ward,Jupiter Grant, ,Western Washington University,Successful Participant,
2214937,Haotong Wang,Haoyu Li,Jiayin Xu,Renmin University of China,Honorable Mention,
2214938,Amelia Whitehead,Yuyao Wang,Neel Patel,Virginia Tech,Successful Participant,
2214939,Wen Li,Baoyi Xie,Huanhuan Chen,Guangdong Polytechnic Normal University,Successful Participant,
2214941,Shiang Gao,Jiabei Fang,Xiny1 Hou,Northeastern University,Successful Participant,
2214942,Hengjia Bao,Yi Zhou,Zhicheng He,Anhui University,Honorable Mention,
2214944,Shanshan Liu,Fan Wu,Keyue Gao,Nanjing University of Posts and Telecommunication,Meritorious Winner,
2214945,Rui Sun,Mingzhuo Cai,Jianan Gu,Nanjing University of Posts and Telecommunication,Successful Participant,
2214946,Ziye Huang,Yanwen Ding,Cheng Liu,Nanjing University of Posts and Telecommunication,Successful Participant,
2214947,Linglin Ma,Chenzi Kang,Yanrong Qin,Nanjing University of Posts and Telecommunication,Honorable Mention,
2214948,Xu Zhixuan,Zhang Yongyue,Chen Jie,Nanjing University of Posts and Telecommunication,Meritorious Winner,
2214949,Chengyang Huo,Keliang Song,Chengxu Yao,Nanjing University of Posts and Telecommunication,Meritorious Winner,
2214950,Bian Yongcheng,Zhou Chengyie,Li Zexu,Nanjing University of Posts and Telecommunication,Successful Participant,
2214951,Yao  Yu,Huang Pei,Gao  Yunfel,Nanjing University of Posts and Telecommunication,Successful Participant,
2214952,Hanchen Qiu,Chen Yang,Mingyuan Xie,Nanjing University of Posts and Telecommunication,Honorable Mention,
2214953,Runpeng Zhang,Gaoang Chen,Jingru Chen,Nanjing University of Posts and Telecommunication,Successful Participant,
2214954,JiYi,Shi Pingjie,Dong Zhihao,Nanjing University of Posts and Telecommunication,Successful Participant,
2214955,Yinge Long,Ying Liu,Xinchen Zhang,Nanjing University of Posts and Telecommunication,Honorable Mention,
2214956,Jing Yulei,Bian Jiyi,Lu Jixi,Nanjing University of Posts and Telecommunication,Honorable Mention,
2214957,Xu Shouyao,Yang Chang,Chen Xinzhi,Nanjing University of Posts and Telecommunication,Successful Participant,
2214958,Zihao Li,Yife1 Song,Zitai Kong,University of Illmois at Urbana-Champaign,Meritorious Winner,
2214959,Yinka Yang,Jinyu Huang,Qingyu Ma,Nanjing University of Posts and Telecommunication,Successful Participant,
2214960,Yujie Wang,Qianlin Lu,Tao Wen,Nanjing University of Posts and Telecommunication,Successful Participant,
2214961,Zhen Qiao,Jialing Li,Jiale Ding,Nanjing University of Posts and Telecommunication,Meritorious Winner,
2214962,Yixuan Shi,Hutya Wang,Yunjie Yang,Nanjing University of Posts and Telecommunication,Meritorious Winner,
2214963,Huiting Gao,Shiie Huang,Yuyang Bian,Nanjing University of Posts and Telecommunication,Honorable Mention,
2214964,Xu Chao,Zhao Weihao,Li Yihan,Nanjing University of Posts and Telecommunication,Honorable Mention,
2214965,Yin Ruoging,Lu Gejiacheng,Dai yixin,Nanjing University of Posts and Telecommunication,Honorable Mention,
2214966,Di Yuan,Xinyl Yao,Xudong Tan,Nanjing University of Posts and Telecommunication,Successful Participant,
2214967,Xuhan TONG,Ferya SUO,Zhuoying YUAN,BNU-HKBU United International College,Successful Participant,
2214968,Yuchen Mu,Auanyao Huang,Jiangyuan Ma,Nankai University,Honorable Mention,
2214969,Kaiting Zhou,Haoxian Wu,Yichun Wang,Nanjing University of Posts and Telecommunication,Honorable Mention,
2214970,Huaguan Chen,Ning Lin,Lingyan Li,Renmin University of China,Honorable Mention,
2214971,Cheng Wang,Licheng Du,Xinyue Shen,Nanjing University of Posts and Telecommunication,Honorable Mention,
2214972,Zhang Chuanming,Chen Shichu,Li Yan,Shandong University,Successful Participant,
2214973,Pengcheng Hao,Qixin Sun,Rui Ling,Beihang University,Successful Participant,
2214974,Baoqin Qi,Peng Huang,Haoxuan Wu,Xi’an Jiaotong University,Successful Participant,
2214975,qizhang Gu,xin Liang,maozhu Wang,Nanjing University of Posts and Telecommunication,Successful Participant,
2214976,Yifan Chang,Weijian Huang,Xin Shen,Nanjing University of Posts and Telecommunication,Meritorious Winner,
2214977,Qiyao Ke,Fengyuan Wang,Jingyun Mai,South Normal China University,Honorable Mention,
2214978,Zihan Wu,Yuan Gao,Yifan Jin,Nanjing University of Posts and Telecommunication,Honorable Mention,
2214979,Ziwei Hu,Minzhi Liang,Zezhong Zhou,Nanjing University of Posts and Telecommunication,Meritorious Winner,
2214980,Xingyu Li,Qier An,Qingzhi Yu,Nanjing University of Posts and Telecommunication,Honorable Mention,
2214981,Xiangben Zhu,Zhenzhi Lu,Huanran Hu,Beiing University of Posts and Telecommunication:,Honorable Mention,
2214982,Jun Dai,Xuhao Wang,Tingwen Deng,Nanjing University of Posts and Telecommunication,Successful Participant,
2214983,Lin Ye,Weigang Feng,Dawei Xu,Nanjing University of Posts&Telecommunications,Finalist,
2214984,mingyu Wel,chunjie Wang,yangyuLuo,Nanjing University of Posts and Telecommunication,Meritorious Winner,
2214985,Ganchen L1,Z1x1 Feng,Ruiqi Dou,Nanjing University of Posts and Telecommunication,Honorable Mention,
2214986,Fei Wang,Chengyao Hao,Zixin Tang,Nanjing University of Posts and Telecommunication,Successful Participant,
2214987,Jin Chen,Wangyang Li,Jiayu Ning,Shanghai University of Traditional Chinese Medicin,Successful Participant,
2214988,Au Runyang,Zhang Xiwen,Zhou Naihui,BNU-HKBU United International College,Successful Participant,
2214989,Boyuan Yu,Wenhui Ma,Yao Shui,Nanjing Agricultural University,Successful Participant,
2214990,Jiayi Hu,Weiru Gao,Can Pan,Hubei University of Arts and Science,Disqualified - P,
2214991,Suifeng Zhao,Jia Yao,Yating Jing,Beijing University of Posts and Telecommunication,Successful Participant,
2214992,Kai Zhou,Yulong Wang,Yuqin Zheng,South University of Science and Technology,Successful Participant,
2214993,Kun Liang,Xiangying Peng,Aibo Wang,Nanjing University of Posts&Telecommunications,Successful Participant,
2214994,Yang YU,Bin Liu,Xixuan Huang,Nanjing University of Posts&Telecommunications,Honorable Mention,
2214995,Zijun Li,Yuxuan Chi,Linwei Liu,Nanjing University of Posts&Telecommunications,Successful Participant,
2214996,Jiayuan Lv,Ju Zhang,Yingying Zhu,Shenzhen University,Successful Participant,
2214997,Rui Gong,Huiyun Hu,Xiting Chen,Nanjing University of Posts&Telecommunications,Honorable Mention,
2214998,Xin Liu,Wenrui Han,Anjie Jiang,Nanjing University of Posts&Telecommunications,Honorable Mention,
2214999,Zhenchuan Cai,Donglin Shen,Weidu Chen,Nanjing University of Posts&Telecommunications,Successful Participant,
