2217502,Hou Jiaye,Hua Qingyuan,Lan Yikai,BNU-HKBU United International College,Successful Participant,
2217503,Feiqi He,Yajie Zhu,Minghui Wang,University of Electronic Science and Technology of Cl,Honorable Mention,
2217504,Ziyi Ou,Siyun Wang,Zhichen Wu,University of Sheffield,Honorable Mention,
2217505,Zihan Liu,Jiakai He,Shanzheng Wei,University of Sheffield,Successful Participant,
2217506,Bin Liu,Zihan Zhang,Caife1 Xiang,Lanzhou University,Successful Participant,
2217507,Chuan Qin,Shuhang Li,Runhan Li,Xidian University,Successful Participant,
2217508,yule Geng,tianzhi Mei,yongbo Yang,Anhui Polytechnic University,Successful Participant,
2217509,Erica Yan,Hanyu Lu,Haoyu Shi,Nanjing University,Honorable Mention,
2217510,Xinyue Wang,Junhao Wang,Pengfei Xu,Sichuan Agricultural University,Honorable Mention,
2217512,Hanjun Liu,Jinlun Ye,Haotian Zheng,XIDIAN UNIVERSITY,Honorable Mention,
2217513,Jinqi Li,Ying Zhou,Haonan Ma,Southwest University,Successful Participant,
2217514,Chen Yihao,Zhang Chuanjie,Wang Zizhuo,Southern Medical University Nanfang Hospital,Successful Participant,
2217515,Alana Converse,Linus Senter,Abby Brauer,Lewis & Clark College,Successful Participant,
2217516,Yuxin Li,Ziqing Lian,Ziheng Yu,Lancaster University,Successful Participant,
2217517,Yue Wu,Pengfei Li,Yunhao L1,Huazhong University of Science and Technology,Successful Participant,
2217518,Jiao Shengding,Zhang Qi,Zang Guoxin,Soochow University,Honorable Mention,
2217519,Yunlu Cao,Mingzhu Guo,Xinhui Ma,Tianjin University of Science & Technology,Successful Participant,
2217520,Zichen guo,yutong zhong,yucheng ma,Liverpool University,Successful Participant,
2217522,Yifan Sun,Xuany! Lin,Xinyu Guo,North China Electric Power University,Successful Participant,
2217523,Tianfeng Yang,Boyu Zhang,Xiaoyang Hou,University of International Business and Economic:,Successful Participant,
2217525,Chen Jingyi,Wang Xuanhao,Liu Tian,Tianjin University,Successful Participant,
2217526,Yi Luo,Shuo Ni,Jiangna Zhao,XIDIAN UNIVERSITY,Finalist,
2217527,Yichen Zhu,Zhou Li,Jin Ye,Nanjing University of Posts&Telecommunications,Meritorious Winner,
2217528,ZHANG Yulin,SHI Jinze,LIU Jiahang,BNU-HKBU United International College,Successful Participant,
2217529,Wang Zhaohui,Gao Zhiyuan,Zeng Yifei,XIDIAN UNIVERSITY,Honorable Mention,
2217530,Yukuo Sun,Jiarui Liang,Linhui Li,China University of Petroleum-Beijing,Honorable Mention,
2217531,Yuxiao Chen,Zhuo Tang,Yufan Liu,Central University of Finance and Economics,Honorable Mention,
2217532,Chupeng Chen,Haitao Wang,Xinji Chen,Guangdong University of Technology,Successful Participant,
2217533,Zhuo Feng,Mengke Li,Hutyi Qin,Hainan Normal University,Honorable Mention,
2217534,Metying Dai,YuFeng Chen,Mingtai Peng,Qingdao University,Successful Participant,
2217535,Tian Qin,Wenbo Yang,Xurui Li,Huazhong University of Science and Technology,Meritorious Winner,
2217536,Chenxuan Liu,Chao Wang,Hanxing Wang,Inner Mongolia University,Successful Participant,
2217537,Yixin Zhang,Heng Zhang,GuangyuPu,Harbin Institute of Technology Shenzhen,Honorable Mention,
2217538,Zhihui Duan,Xukun Zhu,Kuangwei Shi,Huazhong University of Science and Technology,Honorable Mention,
2217539,Jiayin Huang,Motian Hu,Wangfetyang Chen,Northwest University,Meritorious Winner,
2217540,Shuaili Wang,Naichuan Liu,Jiarui Niu,Northwest University,Honorable Mention,
2217541,Shuangmei Li,Leilei Cui,Yuansheng Gao,Liaoning Technical University,Successful Participant,
2217542,Jiaze Fan,Xinbei Wang,JiangLan Jie,China Three Gorges University,Honorable Mention,
2217543,Yan Zhang,Liang Zeng,Hui Yu,Jiangsu University of Science and Technology,Honorable Mention,
2217544,Jian Liang,Xianwu Liang,Rui Zhang,Guangzhou University,Successful Participant,
2217545,Haobin Guo,XiaoBin Xie,Yikai Fang,Guangdong University of Technology,Successful Participant,
2217546,shentianming,wanghanru,huangdanqing,Nanjing University of Posts&Telecommunications,Successful Participant,
2217547,Yuan Chen,Bin Zhang,Xu Kuncheng,XIDIAN UNIVERSITY,Honorable Mention,
2217548,Wenshu Song,Mingkun Zhao,Xing Gao,Qingdao Technological University,Successful Participant,
2217549,Jungi Chen,ZiHao Deng,HaoXin Yang,South China Normal University,Honorable Mention,
2217550,Peixiang Wang,Jinghan Tao,Wuyang Zhang,Shanghai Jiao Tong University,Successful Participant,
2217551,Zengjun,Jing Lidong,lruyongtfu,Shijiazhuang Tiedao University,Successful Participant,
2217552,Wenbo Zhang,Junhao Xu,Xianyang Zhang,Shandong University of Finance and Economic,Successful Participant,
2217553,Qiannan Guo,Wenxin Li,Xinyu Song,Harbin Normal University,Successful Participant,
2217554,Cong Luo,Peng Wu,Yan Wang,Lanzhou University,Successful Participant,
2217555,Hongzhu Yi,Mengcheng Gui,Biao Zhang,XIDIAN UNIVERSITY,Successful Participant,
2217556,Kangjie Huang,Ruize Wang,Ningyi Yu,Ocean University of China,Successful Participant,
2217557,Binggqian Lu,Rui Zhang,Feryang Han,Huazhong University of Science and Technology,Successful Participant,
2217558,Jiang Wenjia,Liu Shuoshi, ,Henan University,Successful Participant,
2217559,Lexing Zhang,Ruoxiao Zhou,Chencheng Luo,Nanjing University of Aeronautics and Astronautics,Successful Participant,
2217560,Yuhao Gong,Zheng Lu,Fei Wang,Central University of Finance and Economics,Successful Participant,
2217562,Hatyang Liu,YaoBin Zhou,Jiayi Tang,Qingdao University of Technology,Successful Participant,
2217563,Deng Tingqin,Chen Zhao,Xintong Jiang,UIBE,Meritorious Winner,
2217564,Jianyi Huo,Haibin Liang,Peishuo Huang,Guangdong University of Finance,Successful Participant,
2217565,NiuXueWe!1, , ,hebeigongchendaxuekexinxueyuan,Successful Participant,
2217566,Wei Hu,Zirui Dong,LiWen Kang,Xuzhou University of Technology,Honorable Mention,
2217567,Ruilu Chai,Kai Ruan,Xuan Wang,XIDIAN UNIVERSITY,Honorable Mention,
2217568,Donovan Leyba,Spencer Kidd, ,University of Colorado Colorado Springs,Successful Participant,
2217569,Ruiie Deng,Enshuo Liu,Wenyuan Ji,Beiing University of Posts and Telecommunication:,Successful Participant,
2217570,Jiaxi Wu,Zeyue Zhang,Tianrun Liang,Nanjing University,Successful Participant,
2217571,SongJiaLong,MaBiao,WuYunJie,Northwestern Polytechnical University,Successful Participant,
2217572,Yijun Zhou,Zhi Shan,Jialei Sheng,Nankai University,Successful Participant,
2217573,Adam Blevins,Brendan Gould, ,University of Colorado Colorado Springs,Successful Participant,
2217574,Chuling Yu,Ruoyun He,Shuotong Liu,Sun Yat-Sen University,Honorable Mention,
2217575,Rachel Johnson,Jaden Mascarenhas,Aidan Rooney,University of Colorado Colorado Springs,Successful Participant,
2217576,Zibo Wel,Zhiyuan Ning,Junyang Wang,Sun Yat-Sen University,Successful Participant,
2217577,Ruimin Lian,Zongyi Li,Siy1 Zhang,Shantou University,Successful Participant,
2217578,Sidie Tan,Xiaopeng Huang,Qixin Li,chool of management  Zhejiang University of Techno,Successful Participant,
2217579,Nan Xiao,Xu Zhang, ,Beijing University of Posts and Telecommunication,Disqualified - P,
2217580,Mingyue Wang,Xinyl Du,Xinwang Tao,Harbin University of Commerce,Honorable Mention,
2217581,Jingran Wang,Jingwen Tu,Zhiyao Liu,Harbin University of Commerce,Successful Participant,
2217582,Yueda Zhang,Jing Liu,Mingzhe Li,Harbin University of Commerce,Successful Participant,
2217583,Yemingze Cal,Mengyang Qin,Yue Zhang,Harbin University of Commerce,Successful Participant,
2217584,Ningman Yang,Wenbo Zhong,Shijia Qin,Harbin University of Commerce,Successful Participant,
2217585,ChangqingLi,XueweiBi,YaqiLi,Anhui Polytechnic University,Successful Participant,
2217586,ZhengDayu,ChuHongya,Wang Tengxian,Chengdu Jincheng College,Honorable Mention,
2217587,Weiying Wang,Xufeng Jiang,Jingyang Jia,Harbin University of Commerce,Honorable Mention,
2217589,Yafei Xiong,Jiaxin Li,Hongyan Yang,Harbin University of Commerce,Honorable Mention,
2217590,Wei Han,Xuebing Liang,Xiangru Shi,Power,Successful Participant,
2217591,Yajing Gao,Mingyuan Zhao,Xilu Bi,Harbin University of Commerce,Successful Participant,
2217593,WEIJIE LAI,SIMIN YUAN,NACHUAN LI,Xi'an Jiaotong University,Finalist,
2217594,Meng Tianyu,Zhang Yandi,Lei Tianyu,XIDIAN UNIVERSITY,Successful Participant,
2217595,Yao Xiao,Jingjing Wu,Yining Lai,RENMIN UNIVERSITY of CHINA,Successful Participant,
2217596,Zhu Lingwen,Zhan Haobai,Su Guozhi,Being Jiaotong University,Successful Participant,
2217597,Tianna Zhang,Hongfei Zhu,Shaofan Lv,XIDIAN UNIVERSITY,Successful Participant,
2217598,QuShen,PuBingzhen,BianZhangchi,PaAL LW AKS,Successful Participant,
2217599,Jia Chen,Yixuan Xu,Songyuan Chen,Northwestern Polytechnical University,Successful Participant,
2217600,Junwei Li,Zhang X1ao,Zhiwen Wang,Southwest Petroleum University,Successful Participant,
2217601,Pengcheng Zhai,Haityang Ma,Siting Luo,XIDIAN UNIVERSITY,Successful Participant,
2217602,Qiao Tiantong,Li Zin,Gong Zhihua,Zhejiang University,Successful Participant,
2217603,HanHong Qu,LingZhao Meng,HouQi Shen,University of Chinese Academy of Social Sciences,Honorable Mention,
2217604,Qixuan Sun,Yilin Li,Pengbo Liu,XIDIAN UNIVERSITY,Successful Participant,
2217605,Gao Chen,Yuan Zihan,Zhang Tao,Shandong University,Meritorious Winner,
2217606,su'jian'an,xu'cheng'x1,kangliman,Guangxi University,Successful Participant,
2217607,Zihan Cui,Chao Yang,Jie Li,XIDIAN UNIVERSITY,Meritorious Winner,
2217608,Dong Tao,HeZhenglu,LinBo,Guangxi University,Successful Participant,
2217609,YingYing XU,Yating Zhao,Wen Zhu,Xuzhou University Of Technology,Finalist,
2217610,Mingyun Chen,Xinyu Zhou,Shiya Lu,Guangxi University,Finalist,
2217611,Yang Yang,Zhang Yiwen,Ding Pengbo,Lanzhou University,Honorable Mention,
2217612,ZhaoZechen,MengZiyue,HeHailun,Guangxi University,Successful Participant,
2217613,Li dewen,He huasheng,Duan xumin,Guangxi University,Successful Participant,
2217615,Yuqi Y1,Shujing Yang,Yuhang Yin,Guangxi University,Successful Participant,
2217616,Xiangyu Zhang,Tong Xiao,Jiahao Liu,Guangxi University,Honorable Mention,
2217617,Zhengkun Lv,Xiangyun Han,Nuo Xue,XIDIAN UNIVERSITY,Successful Participant,
2217618,QinShixuan,Zhang Yize,Pan Yuran,Guangxi University,Successful Participant,
2217619,Cui Yuwen,Shi Yuhui,Zhang Fan,Guangxi University,Successful Participant,
2217620,Jiapeng Yang,Zhenguo Li,Xiaojing Hu,Guangxi University,Successful Participant,
2217621,Zhang Mengmin,Wang Lanhong,Jiang Chenyuan,Guangxi University,Successful Participant,
2217622,Xinrun Liu,Ruotao Yu,Yichen Wang,Guangxi University,Meritorious Winner,
2217623,Yanying Huang,Yishui Zhang,Junkun Wu,Guangxi University,Successful Participant,
2217624,Jiahui Zeng,Zhenhui Wang,Yilong Zhou,Guangxi University,Successful Participant,
2217625,Li Wang Xiang,Chen Nan Ning,Tian Yao,Guangxi University,Successful Participant,
2217626,Tao Huaqi,Luo Xiwen,Wu Jingyun,Guangxi University,Successful Participant,
2217627,Yao X1ao,Yujie Li,Enxiu Dong,Chengdu University of Technology,Successful Participant,
2217628,Fu Jie,Wang Jin,Shu Shunkang,Guangxi University,Successful Participant,
2217629,Chai Xinrui,Zhang Anran,Zhang Liuping,Guangxi University,Honorable Mention,
2217630,2?,2??,2??,Guangxi University,Successful Participant,
2217631,Xin Zijuan,Huang Xianting,Mao Lanfang,Guangxi University,Successful Participant,
2217632,Zhuoling Chen,hankun wei,Kelan Liu,Guangxi University,Honorable Mention,
2217633,Runling Teng,Jang Hu,Junjie Xie,Chengdu University of Technology,Honorable Mention,
2217634,Qiancheng He,Xiaoting Zhang,Mingkang Wang,Guangxi University,Successful Participant,
2217635,Xiaoran Lv,Yuan Yuan,Yue Lei,Chengdu University of Technology,Successful Participant,
2217636,Liu Zheng,Duan Zixuan,Zhong Yu,Guangxi University,Successful Participant,
2217637,Yunhua Wu,Xianqiang Li,Feng Huang,Guangxi University,Successful Participant,
2217638,Zitong Yu,Wenjun Wei,Xiaolong Wan,Chengdu University of Technology,Successful Participant,
2217639,Kunshuo Xie,Zheng Xing,Hao Liu,Chengdu University of Technology,Successful Participant,
2217640,XinHao Wang,JunLin Zhu,Hao Zeng,Chengdu University of Technology,Successful Participant,
2217641,Bai Yuhao,Chen Xu,Cui Yuhao,Beijing Normal University,Successful Participant,
2217643,zheng wang,fu miao,fujie x1ao,Chengdu University of Technology,Successful Participant,
2217644,YeZhenLing,HuangPing,DuXiaoHao,Chengdu University of Technology,Successful Participant,
2217645,Junnan Zhang,Xiyuan Liu,Yichi Wang,Beijing Institute of Technology,Disqualified - P,
2217646,zhaoyiman,tangyue,caikunpei,Guangxi University,Successful Participant,
2217647,Chen Zhuofan,He Ruitao,Luo Junyi,Guangxi University,Honorable Mention,
2217648,Ling DongHuan,Chen Wei,Huang YinQian,Guangxi University,Disqualified - P,
2217649,FAN XIEYANG,Zhang zhengxiao,Liao Hatyin,Guangxi University,Successful Participant,
2217650,Youqiang Gui,Jiawang Tang,Zhenhan Yu,Guangxi University,Successful Participant,
2217651,ZHENG YINING,LI CHENYANG,HU JINGYANG,BNU-HKBU United International College,Honorable Mention,
2217652,Yuanhan,Zhanglanhao,Weixiangting,Guangxi University,Successful Participant,
2217653,Sun Xiaoran,Lin Xinyu,Ma Xinyan,Guangxi University,Successful Participant,
2217654,Shi Xiangbiao,Ma Guangcan,XV Kai,Guangxi University,Successful Participant,
2217655,Chang Dapeng,Ning Qingbo,Guo Shuchen,Guangxi University,Disqualified - P,
2217656,Jinyu Deng,Ruinan Li,Linjiansheng Zhao,Guangxi University,Successful Participant,
2217657,Shen Yulin,Yi Weijian,Wang Xiaobao,Guangxi University,Honorable Mention,
2217658,Chen Xue,Lin Feng,Mofei Deng,Nankai University,Honorable Mention,
2217659,Yihuai Zhang,Tiantian Shen,Mingyang Ye,Ocean University of China,Successful Participant,
2217660,Liangxiao Lv,Kun Liu,Xuan Du,Wuhan University of Technology,Successful Participant,
2217661,Huang Wei,Shi Jiefeng,Tang Xiaoqing,Guangxi University,Successful Participant,
2217662,Han Wang,Zilin Chen,Yingjie Qian,China Three Gorges University,Successful Participant,
2217663,Xianhao Fan,Heng Zhang,Zaijun Jiang,Guangxi University,Honorable Mention,
2217664,Maorui Zhang,Sheng Li,Ying He,southwest university,Successful Participant,
2217665,Wu Kaiwel,Yu Xinyue,Huang Junhua,Guangxi University,Successful Participant,
2217666,Yuqi Shangguan,Siyuan Shen,Yingzhe Ding,Guangxi University,Honorable Mention,
2217668,Boping Jiang,Zhongyao Yu,Yanting Fan,Huazhong University of Science and Technology,Successful Participant,
2217669,Mingyan Pan,Hang Shi,Fangyuan Li,Guangxi University,Successful Participant,
2217670,Yujie Jin,Xingming Hong,Qiujun Li,Guangxi University,Successful Participant,
2217671,Huifan Huang,Meiya Ding,Cihui Hu,Quzhou University,Successful Participant,
2217672,Shijiao Li,Boya Wang,Jiaju Fan,Southwestern University of Finance and Economics,Successful Participant,
2217673,Jingyi Zhao,Yiming Dai,Huatyuan Sun,Guangxi University,Honorable Mention,
2217674,Hongming Bao,Hui Yu,Chuqi Zhong,Dongchang College of Liaocheng University,Successful Participant,
2217675,Wang Xi,Cai Jielu,Wang Jie,Guangxi University,Successful Participant,
2217677,liwenjyuan,zhengzeguang,yinhuijie,Guangxi University,Successful Participant,
2217678,Tianyi Zhang,Haokun Niu,Zihan Zhang,Dalian University of Technology,Successful Participant,
2217679,Jiaqi Hui,Zhigui luo,Zhixin Sheng,Guangxi University,Successful Participant,
2217680,Yiheng Li,Xinlei Mi,Han Lin,Beiingjiaotong university,Honorable Mention,
2217682,Chenx1 Sun,Qinxiao Chen,Junkai Wang,Ocean University of China,Successful Participant,
2217683,Haolin Li,Xingchen Li,Zezheng Qi,Guangxi University,Successful Participant,
2217684,Shaojie Yuan,Ruzhao Chen,KaiSheng Hu,Huazhong University of Science and Technology,Successful Participant,
2217686,Ziye Liu,Xiao Feng,Ye Liang,Guangxi University,Successful Participant,
2217687,Runze Mao,Xuany! Li,Min Jiang,Beijing Normal University,Successful Participant,
2217688,LUO Jiyao,DENG Yixin,ZHANG Zhihui,Guangxi University,Successful Participant,
2217689,Jiayi Chen,Chuyin Peng,Jinsha Xu,South China Normal University,Successful Participant,
2217690,Man Yang,Zhennan Huang,Huichao Xie,Guangxi University,Honorable Mention,
2217691,Yanfang Wu,Hongsen Shi,Yujie Qin,Guangxi University,Successful Participant,
2217692,Yunpeng Pan,Kaiwen Lei,He Yang,Harbin Normal University,Successful Participant,
2217693,Li Xinwel,Jia Zihan,Xi Rongcheng,Guangxi University,Successful Participant,
2217694,Yushan Song,Kexin Zeng,Hanhui Qin,Kunming University of Science and Technology,Meritorious Winner,
2217695,Yehang Xu,YuanFan Xu,Y1 Weicheng,Nanjing University,Honorable Mention,
2217696,Ruidong Yang,Yupeng Yang,Sida Liu,Bejing,Successful Participant,
2217697,Haoxiang Zheng,Kuazao Wu,Yanwen Yu,Huazhong Agricultural University,Successful Participant,
2217698,Manluolan Luo,Xiaofan Qian,Yunhong Wang,Shanghai University of Finance and Economics,Successful Participant,
2217699,Junyuan Liu,Qi Shu,Yinliang Chen,Wuhan University,Honorable Mention,
2217700,Jiaqi Qiu,Man Sun,Yuan Huang,XIDIAN UNIVERSITY,Honorable Mention,
2217701,Zizhao Yuan,Jiming Zhang,Zhaoze Sun,Beihang University,Honorable Mention,
2217702,Rutyao Pan,Bincheng Wang,Yi Zhu,XIDIAN UNIVERSITY,Successful Participant,
2217703,Zhang sinan,xiao yongkang, ,xlamen university,Successful Participant,
2217704,Zhou Siyu,Shen X1a0,Yang Yuhang,Shanghai University of Engineering Science,Successful Participant,
2217705,Haoran Li,Jiaqi Huang,Yuanpeng Shi,Huazhong University of Science and Technology,Successful Participant,
2217706,Xie Dingzhe,Zhang Yu,Gu Siy1,Shanghai University of Engineering Science,Successful Participant,
2217707,Zusong Zhang,Qihui Yang,Hongze Jia,Sun Yat-Sen University,Successful Participant,
2217708,Yanhua Chen,Yanfei Chen,Rencai Cheng,Sun Yat-Sen University,Successful Participant,
2217709,Ye Zheng,Yatian Wang,Ruyyie Su,Sun Yat-Sen University,Successful Participant,
2217710,Li Linq,Bu Ziyuan,Zhu Enjia,Shanghai University of Engineering Science,Successful Participant,
2217711,Lu Tiankuo,Yang Yifan,Li Linjun,education,Successful Participant,
2217712,Shuzhen An,Qianwen Ji,Zhilin Niu,Xi'an Jiaotong University,Successful Participant,
2217713,Hu Xiabing,Fan Fengxiao,Li Hailin,Zhejiang Gongshang University,Successful Participant,
2217714,Fangyuan Wang,Jinxuan Zou,Lufe1 Zhang,Tongji University,Successful Participant,
2217715,Yichen Sun,Shirui Wei,Yuchen Wen,Nankai University,Successful Participant,
2217716,Wang Sutong,Liu Y1,Zhang Yining,Zhejiang Gongshang University,Meritorious Winner,
2217717,Fengqi Lin,Chaoran Chen,Mengxi Li,Wuhan University of Technology,Successful Participant,
2217718,Xiao Wei,Yifan Li,Letian Chen,Shanghai Jiao Tong University,Honorable Mention,
2217719,Zeng Zijie,Wu Yini,Cao Jingjing,Zhejiang Gongshang University,Successful Participant,
2217720,Xinyou Chen,Chenjiong Deng,Jiajie Jin,University of Science and Technology of China,Meritorious Winner,
2217721,Chen Qirui,Wu Weijie,Chen Yi,Zhejiang Gongshang University,Successful Participant,
2217722,Lianyi Xv,Jiaxuan Liu,Jiyuan Lu,XIDIAN UNIVERSITY,Successful Participant,
2217723,Yifei Li,Hanye Zhong,Yujie Li,Renmin University of China,Meritorious Winner,
2217724,Gao Xinran,Chen Fetyang,Xiang Zihui,Zhejiang Gongshang University,Honorable Mention,
2217725,Hanxi Li,Wandqi Sun,Dengjiang Sun,Civil Aviation University of China,Honorable Mention,
2217726,Xingchen Zhu,Yaqi Cai,Wenwei Shi,Xidian University,Honorable Mention,
2217727,Liangli Shi,Chenwei Gu,Shuang Tan,Wuhan University of Technology,Honorable Mention,
2217728,Li Haoran,Yu Qinyi,Jiang Batying,Zhejiang Gongshang University,Finalist,
2217729,Linpei Deng,Jiahao Yuan,Chaokun Zhang,China University of Petroleum-Beiing,Successful Participant,
2217730,Zhu Shuqi,Zhang Haiyang,Shi Yidian,Zhejiang Gongshang University,Honorable Mention,
2217731,Yan Yujing,Yang Junbao,Zhang Zheng,Zhejiang Gongshang University,Successful Participant,
2217732,Yang Fangyu,Zhao Pengcheng,Chen Yijia,Central University of Finance and Economics,Meritorious Winner,
2217733,Huajian Feng,Hang Jiao,Jiacheng Liu,Wuhan University of Technology,Meritorious Winner,
2217734,jiaocheng Hu,tao Li,yang fan Cai,XIDIAN UNIVERSITY,Finalist,
2217735,Yangwen Cao,Haodong Yue,Fuqing Zhao,XIDIAN UNIVERSITY,Finalist,
2217736,Yiran Guan,Jiaqi Gui,Xiyang Deng,Huazhong University of Science and Technology,Meritorious Winner,
2217737,YouJun zhang,Qun Y1,ZiJun guo,China University Of Geosciences (wuhan),Successful Participant,
2217738,Sun Xiaoying,Long Chenyi, ,Beijing Normal University,Successful Participant,
2217739,Ruoxi Li,Shiyao Wang,Yizhuang Zhao,Renmin University of China,Meritorious Winner,
2217740,Chen Yujie,Qu Jingy1,Huang Jiakang,Hubei University Of Economics,Disqualified - P,
2217741,Shumin Zhu,Qingyue Wu,Di He,Wuhan University of Technology,Meritorious Winner,
2217742,Hongyu Liu,Qianyi Wang,Yixiao Ruan,Wuhan University of Technology,Successful Participant,
2217743,DuoDuo Zhang,Yujun Liu,Yi Quan,Xuzhou University Of Technology,Successful Participant,
2217744,Yi Peng,Yuanging Zhou,Tianhong Wang,Wuhan University of Technology,Meritorious Winner,
2217745,Xinran Tao,Shenshen Wang,Zhaolong Tai,Anhui University,Honorable Mention,
2217746,Zihao Su,Yuyang Hu,Yuanpeng Xiu,Huazhong University of Science and Technology,Successful Participant,
2217747,Tong Ling,Xin Min,Auyang lang,XIDIAN UNIVERSITY,Honorable Mention,
2217748,Peng Xiuping,ZL Zhang,CaiShiCheng,Central South University,Successful Participant,
2217749,Shijyun Yang,Zeyu Zhang,Yubo Zhang,Huazhong University of Science and Technology,Honorable Mention,
2217750,Chen Su,Juliang Lv,Chaoxu Chen,Anhui University,Successful Participant,
2217751,Fangfang Wang,Yuke Cao,Jiahao Wu,Wuhan University of Technology,Successful Participant,
2217752,Junpeng Huang,Baoyi Li,Liangliang Su,Wuhan University of Science and Technology,Successful Participant,
2217753,Junteng Zhou,Guangyv Yang,Hongyv Chen,Sun Yat-Sen University,Successful Participant,
2217754,Yukuan Zhang,Tianyi Zhang,Jiaheng Tang,Wuhan University of Technology,Meritorious Winner,
2217755,Hao Chen,Chuanhong Dai,Qiaoyang Ren,XIDIAN UNIVERSITY,Meritorious Winner,
2217756,Deyi Lin,Rui Liu,Yifan Ding,Wuhan University of Technology,Honorable Mention,
2217757,XinLei Zhu,Wenrong Wang, ,Shanghai Normal University,Successful Participant,
2217758,Yizhu Huan,Zhihao Shi,Ruthan Niu,Xi'an International Studies University,Successful Participant,
2217759,Dong Sun,Yunze Wang,Jiay1 Wu,Xidian University,Successful Participant,
2217761,Xiny1 Zhang,Wei Tang,MengYao Xiong,Huazhong University of Science and Technology,Successful Participant,
2217762,Dihan Chen,Bihui Wang,KunChen,Quzhou university,Successful Participant,
2217763,Yanxin Zhang,Meng Zou,Qian Sun,Beijing University of Posts and Telecommunication,Successful Participant,
2217764,Fuhao Chen,TengFe1 Yao,Chen Yao,Quzhou University,Successful Participant,
2217765,Wenhao Fan,Haoran Lv,Guo xiangyu,Beijing Forestry University,Successful Participant,
2217766,Ziyu Zheng,Dexian Cai,Jingya Liu,Beijing Sport University,Successful Participant,
2217767,Yingqi Zhao,Xiaorul Ding,Xin Y1,Huazhong University of Science and Technology,Meritorious Winner,
2217768,Yijun Chen,Xinyang Zhu,Haoze Chen,Harbin Institute of Technology,Honorable Mention,
2217769,Yubin Zhu,Jia Zhuo,Binbin Lu,DONGFANG COLLEGE,Successful Participant,
2217770,Weicheng Tian,Sen Wang,Yu Fu,Huazhong University of Science and Technology,Successful Participant,
2217771,Jiang Zihao,Mingwei Zhang,Jianru Wang,Southwest Jiaotong University,Successful Participant,
2217772,Rongjie Diao,yuke bai,Zhiwen Wu,Huazhong University of Science and Technology,Successful Participant,
2217773,Zou xu,Jian Yue,Chen Lina,Wuhan university,Honorable Mention,
2217774,Lingrui Bian,Yuan Ji,Qiangian Shi,Anhui University,Successful Participant,
2217775,Li Jianchao,Shang Yihan, ,Dalian Jiaotong University,Disqualified - P,
2217776,Yuchen Huang,Mu Li,HaiYang Li,Shandong University of Science and Technology,Meritorious Winner,
2217777,Liu Yupeng,Mao Zhongyuan,Zhang Zetong,University of International Business and Economics,Successful Participant,
2217778,Huatian Wang,Feipeng He,Shaohua Zhang,Xi'an Jiaotong University City College,Disqualified - P,
2217779,Wei Li,Zhijie Gong,Jinbo Gao,Huazhong University of Science and Technology,Successful Participant,
2217780,Yangcan Wang,Baozhen Zhang,Bo Wei,Anhui University,Successful Participant,
2217781,Ming Shen,Jiaming Ke,Ruying Sun,Ocean University of China,Honorable Mention,
2217782,Shirui Dong,Yu Feng,Wuyuging Wang,XIDIAN UNIVERSITY,Honorable Mention,
2217783,Yilin Weng,He Teng,Kaixin Tan,University  Xidian University,Successful Participant,
2217784,Yingqi Zhou,JInli Hu,Shiran Li,Guangdong Polytechnic Normal University,Successful Participant,
2217785,Chenguang Ye,Le Liu,Jie Wang,XIDIAN UNIVERSITY,Successful Participant,
2217786,Shilong Liu,Yongxian Liu,Jiayao Gui,XIDIAN UNIVERSITY,Honorable Mention,
2217787,Hao Wu,Nuotianlai Zou,Bingrui Zhang,Beihang University,Successful Participant,
2217788,RuShi MaO,JingYao You,XueFeng Zhao,Sichuan University,Honorable Mention,
2217789,Zhai Xingyu,Tang Wuanqi,Chen Yixin,Central University of Finance and Economics,Successful Participant,
2217790,Zhang Junji,Xu Junkang,Wu Jincheng,Zhejiang Gongshang University,Successful Participant,
2217791,Huang Shijun,Niu Yu,Yao Haoyu,University of International Business and Economic:,Successful Participant,
2217792,Guo Haoyue,Wang Xiny1,Ye Jinyan,Zhejiang Gongshang University,Successful Participant,
2217793,Wu Chengliang,Sun Jiajie,Wu Xiuxiu,Zhejiang Gongshang University,Successful Participant,
2217794,Liu Styuan,Lei Xiaoxue,Wang Pan,Zhejiang Gongshang University,Successful Participant,
2217795,Liu Xiuchuan,Li Jiarun,Jiang Junfeng,Zhejiang Gongshang University,Honorable Mention,
2217796,Xiang Li,Shuaty1 Yang,Lingyi Shi,Huazhong University of Science and Technology,Meritorious Winner,
2217797,Guo Xiangyuan,Qin Chen,Zhang Jichang,Shandong University,Successful Participant,
2217798,Shengxiang Liu,Jingyu Liu,Yi Zhong,Huazhong University of Science and Technology,Successful Participant,
2217799,Shenao Li,Yunxuan Wang,Youliang Chen,Wuhan University of Science and Technology,Successful Participant,
2217800,Yang Shen,Chunhui Ye,Haodong Lu,Anhui University,Successful Participant,
2217801,Jingyi Zhang,Qi Wei,Yueer Ma,Anhui University,Successful Participant,
2217802,Lu Z1x1,Wang Huilin,Lu Shiyu,Zhejiang Gongshang University,Successful Participant,
2217803,Yili Huang,Shuxin Tang,Guiyuan Liu,South China Normal University,Honorable Mention,
2217804,Wang Feng,Wang Conghan,Gao Shuo,Guizhou University,Disqualified - P,
2217805,Ying Wannian,Lin Zhiheng,Li Junjun,Zhejiang Gongshang University,Successful Participant,
2217806,Chaoran Wang,Ziqi Yuan,Xiangling Zheng,University of International Business and Economic:,Successful Participant,
2217807,Li Guanhao,Ke Jiaxin,Wang Junhan,Zhejiang Gongshang University,Successful Participant,
2217808,Qingqing Zhou,Chenyi Niu,Mengyuan Tian,Anhui University,Honorable Mention,
2217809,Yiyang Li,Tianze Xu,Yuxuan He,Beiing University of Posts and Telecommunication:,Successful Participant,
2217810,Liujiay1 Zhao,Liuhan Yin,Chengxiang Wang,Northwestern Polytechnical University,Successful Participant,
2217811,Yuxuan Zhao,Zhengyang Niu,Yishan Lin,Anhui University,Successful Participant,
2217812,Zhu Y1,Chen Xinyl,Chen Jiale,Zhejiang Gongshang University,Successful Participant,
2217813,Lilanyifan,Penghaoyu,Renhongbing,shenyang jianzhu university,Successful Participant,
2217814,Yumeng He,Jiayuan Lu,Yichao Shen,Xi'an Jiaotong University,Finalist,
2217815,Yang Qinhui,Pan Yunsong,Zhou Haoran,Lanzhou University,Successful Participant,
2217816,Chen Jiay1,Jing Yilin,Chen Yiqun,Zhejiang Gongshang University,Honorable Mention,
2217817,Yucheng Wu,Jinjin Wang,Hongle Song,Shanghai University of Finance and Economics,Successful Participant,
2217818,Fei Yaolin,Yang Xufel,Lai Shizhen,Zhejiang Gongshang University,Successful Participant,
2217819,Anqi Fang,Faxiao Tang,Jialin Yang,Guangdong Polytechnic Normal University,Successful Participant,
2217820,jianghaize,wangwen]jl,jinshuyan,shenyang jianzhu university,Successful Participant,
2217821,Chen Ziyu,Chen Gongshunchi,Leng Mingxuan,Zhejiang Gongshang University,Successful Participant,
2217822,Renxuan Tan,Zijian Cao,Jinzhou Chen,Sichuan University,Honorable Mention,
2217823,Chenliang Li,Kun Zhao,Yuanta Liu,Liaoning Technical University,Successful Participant,
2217824,Yueqiao Zhao,Wentao Ruan,Zihan Gao,Huazhong University of Science and Technology,Successful Participant,
2217825,Xianwei Li,Zhiyuan Jing,Guiging Zhang,Heilongjiang University of Science and Technology,Honorable Mention,
2217826,Zhang Leshui,Xu Zicheng,Chen Yan,Zhejiang Gongshang University,Successful Participant,
2217827,Huimin Zeng,Zihan Chen,Jie Liu,Wuhan University of Science and Technology,Honorable Mention,
2217828,Chaochao Qu,Mingyang Jia,Mucheng Fang,Sichuan University,Successful Participant,
2217829,Han Yu,Xu Anqi,Cui Xiaona,Xi'an University of Finance and Economics,Successful Participant,
2217830,Zhao Lirong,Ran Xi,Chen Yufei,Zhejiang Gongshang University,Honorable Mention,
2217831,Jinghan Ru,Yalidi Tian,Shunyuan Shang,University of Electronic Science and Technology of Cl,Successful Participant,
2217832,Shuting Chi,JunHui Xu,Yichen Yang,China University of Geosciences,Honorable Mention,
2217833,Zhang Yuanqing,Zhao Shutian,Zhou X1ixian,Central University of Finance and Economics,Successful Participant,
2217834,Jinjin Yu,Cuilei Shan,Jing Qi,Liaoning Technical University,Meritorious Winner,
2217835,Xiaole Xu,Shi Heng,Xinyl Hu,China Three Gorges University,Finalist,
2217836,Bokai Wang,Yuhan Wang,Ruizhe Guo,Shanghai University of Finance and Economics,Successful Participant,
2217837,Jie Hu,Kaizheng Wang,Liangyao Jin,Xidian University,Successful Participant,
2217838,Bai Haoshen,Deng Qian,Ou Jinfeng,Zhejiang Gongshang University,Honorable Mention,
2217839,Mingle Wang,Jianquan Yang,Zhedong Wang,South China Normal University,Honorable Mention,
2217840,Jiale Geng,Pengfei Zhang,Hao Wang,Qingdao University,Successful Participant,
2217841,Jianglong Xie,Dong Lan,Guodong Lu,Hainan University,Successful Participant,
2217842,Wang Zhangmin,Fu Wensui,Xu Jingfang,Zhejiang Gongshang University,Honorable Mention,
2217843,Yongqi Tan,Zisheng Wang, ,South China Normal University,Successful Participant,
2217844,Jiayang Fan,Jielin Song,Runxun Wu,Beijing University of Posts and Telecommunication,Successful Participant,
2217845,Yan Haifei,Ye Sennan,Wu Tong,Zhejiang Gongshang University,Successful Participant,
2217846,Congshui Chen,Wenle Zhu,Wei Jia,HuangShan University,Honorable Mention,
2217847,Chang Liu,Minghao Gui,Qiang Dong,China University of Petroleum-Beijing,Honorable Mention,
2217848,Yuntong Hu,Pujyun Yuan,Ziqi Wan,Southwest University,Successful Participant,
2217849,Xiaoyu Zhang,Wenting Hu,Qin Mao,University of International Business and Economic:,Successful Participant,
2217850,Weiye Zheng,Qi Feng,Jiabin Wu,Wuhan University,Meritorious Winner,
2217851,Shiyu Fu,Wenxue Pu,Lichen Shu,Hohai University,Successful Participant,
2217852,Zhiqin Yang,Xiaoxuan Yu,Yichuan Zhou,Beijing Normal University,Successful Participant,
2217853,Luo Jia Q1,Liang Bo Sen,Wang Li,Xi'an University of Posts and Telecommunications,Successful Participant,
2217854,Z1i-Shen Li,Yue Dai,Li-Tong Fu,Southern University of Science and Technology  Chit,Successful Participant,
2217855,Gaowen Yan,Hongbin Tong,Zhenxiao Yang,China University of Political Science and Law,Successful Participant,
2217856,Yang Shen,Sujuan Cheng,Ke Mo,Xuzhou University Of Technology,Successful Participant,
2217857,Bingkun Yu,Shanshan Zhao,Diya He,Anhui University,Honorable Mention,
2217858,Haowen Ran,Zihan Fan,Wanting Wang,Sichuan University of Science & Engineering,Successful Participant,
2217859,Zhichao Li,Zhaoyi Shao,Zhiduo Hong,XIDIAN UNIVERSITY,Finalist,
2217860,Huang Yuxin,Li Mingyuan,Guo Wanting,Central University of Finance and Economics,Honorable Mention,
2217861,Mengfei Li,Yihao Liu,Yiming Mo,Northwest A&F University,Successful Participant,
2217862,Jia Ding,Yuhan Peng,Shuaishuai Cut,Anhui University,Honorable Mention,
2217863,Shiang Li,Xiaojun Li,Liyun Xie,XIDIAN UNIVERSITY,Honorable Mention,
2217864,Ziang Zeng,Houtian Y1,Xinna Zhou,East China Normal University,Successful Participant,
2217865,Junyang Wang,Shuangdi Lei,Zixuan Yang,Northwest A&F University,Successful Participant,
2217866,Zhonghao He,Pengcheng Zhang,Jiayu Zhang,Tianjin University,Meritorious Winner,
2217867,Rong Wang,JiayiXu, ,Xi'an Jiaotong University City College,Successful Participant,
2217868,Liwei Han,Siyang He,Taoran Sun,Anhui University,Honorable Mention,
2217869,Jiahuan Chen,Xinyue Li,Yixuan Yuan,Xiandian University,Successful Participant,
2217870,Wang Jiayi,Yao Sihan,Cui Yuchen,Central University of Finance and Economics,Honorable Mention,
2217871,Mingrui Fu,Peng Guo,Xueyuan Gao,Ocean University of China,Successful Participant,
2217872,Zhiming Zhang,Mingchen Zhong,Hai Yu,Northwestern Polytechnical University,Honorable Mention,
2217873,QuJingsong,DuanJiny1,Xiao Yushuai,XIDIAN UNIVERSITY,Successful Participant,
2217874,Jungiao Gao,Haocheng Dong,Junyu Wang,Wuhan University,Successful Participant,
2217875,WenHao Zha,WenDie Hu,Dongqi Pan,ShangHai JianQiao University,Successful Participant,
2217876,Haoyan Zhang,Xin Liu,Mingzhu Heng,Sichuan University,Honorable Mention,
2217877,Lina Jin,Huiting Su,Xu Yang,China Three Gorges University,Successful Participant,
2217878,wangwen Liang,hai zhu,kai chang,Huazhong University of Science and Technogy,Successful Participant,
2217879,Shulin Xu,Yu Zhang,Liwei Hou,Northeast Electric Power University,Honorable Mention,
2217880,Xinci Gan,Liping Yin,Jie Xie,Shenyang Institute of Science and Technology,Honorable Mention,
2217881,fang yu,qinmei hu,xinrui gui,Sichuan normal university,Successful Participant,
2217882,Yuhao Tang,Xutao Zou,Ziming Wang,Xiamen University,Successful Participant,
2217883,Yanyan Cao,Litao Wang,Changkai Li,China Agricultural University,Successful Participant,
2217884,Jiayu Zhou,Changwen Chen,Haoran Ye,Champaign Institute,Successful Participant,
2217885,Shilong Shen,Feryang Wu,Ziye Deng,International Campus Zhejiang University,Successful Participant,
2217887,Zhenquan Zhang,Lingchang Meng,Hanlin Li,China Agricultural University,Successful Participant,
2217888,Bingjia Yang,Jiehao Fu,Xihong Lin,Guangdong University of Finance,Successful Participant,
2217889,Shuo Zhao,Shikai Wu,Yu Wang,Anhui University,Honorable Mention,
2217890,Haoyuan Lu,Zhixuan Zhu,Jinxuan Zhou,Wuhan Business University,Successful Participant,
2217891,Jialu Zheng,Yaqi Zhao,Guohao Duan,Nankai University,Successful Participant,
2217892,Boudabbous  Zachary,Jefferson  Carter,Zhou  Tianxin,Virginia Military Institute,Successful Participant,
2217893,Tolley  Erik,Walsh  Daniel,Woods  Mariah,Virginia Military Institute,Successful Participant,
2217894,Yangjun Li,Zhang Xie,Qiyuan Sun,Changsha University of Science and Technology,Successful Participant,
2217895,Peijie Che,Jia Deng,Senhan Hu,Shenzhen MSU-BIT University,Successful Participant,
2217896,Mas  Rafael,Shier  Nicolas,Light  Nathaniel,Virginia Military Institute,Successful Participant,
2217897,Qihang Zhang,Kai Liu,Yuxuan Pan,XIDIAN UNIVERSITY,Successful Participant,
2217898,Birthisel  Noah,Yan  Junzhe,Branner  Zachary,Virginia Military Institute,Successful Participant,
2217899,Gao Ziyue,Cai Yunfan,Liu Jiaxiang,Beihang University,Successful Participant,
2217900,Hsia  Yang,Gibson  Seth,Burns  James,Virginia Military Institute,Successful Participant,
2217902,Rong Peng,Haotian Zhu,Jiahao Zhou,Shenzhen University,Honorable Mention,
2217903,Yiyang Zhang,Longyue Qin,Tiyia Yang,Hohai University,Successful Participant,
2217904,Yuxuan Nie,Yifeng Liu,Bohua Yu,Anhui University,Successful Participant,
2217905,Lechen Gong,Yingxuan Li,Shiyu Chen,Renmin University of China,Successful Participant,
2217906,Kaisheng Wang,Ziyang Zhang,Ruifeng Zeng,Shenzhen University,Successful Participant,
2217907,Chunli Peng,Guiyia Liang,Keen Guo,South China Normal University,Successful Participant,
2217909,Mohan Shi,Hang Zhou,Zenghuang Fu,Xiamen University Tan Kah Kee College,Meritorious Winner,
2217910,Wenze Xu,Zhiqing Cao,Jiatong Wang,East China University of Science and Technology,Honorable Mention,
2217911,Yan Liu,Xinyue Xie,Yingxin Ye,Shenzhen University,Successful Participant,
2217912,Ziou Shen,Yushan He,Wenda Chen,Central University of Finance and Economics,Successful Participant,
2217913,Quanmin Wu,Dan Meng,Ruiwan Liu,China Three Gorges University,Successful Participant,
2217914,Xinlu Hu,Yile1 Zhao,Hao Zhang,Zhejiang University,Successful Participant,
2217915,Ruihan Zheng,Ziyi He,Zhongling Ma,Ocean University of China,Successful Participant,
2217916,Sinian Zhang,Ruiying Tang,Yue Wang,Renmin University of China,Successful Participant,
2217917,Ruoxin Li,Yandong Han,Enhao Wang,Renmin University of China,Honorable Mention,
2217918,Tang Momo,Feng Chuyan,Sun Zhanqi,Hefei Unversity of Technology,Honorable Mention,
2217921,Duan Yuxin,Ouyang Letian,Qin Junjie,Central University of Finance and Economics,Meritorious Winner,
2217922,Tan Zheng,Sun Z1x1ao,Xie Jingxia,XIDIAN UNIVERSITY,Successful Participant,
2217923,Jianxiang Hao,Shuqi Wang,Shuting Chang,XIDIAN UNIVERSITY,Successful Participant,
2217924,Wang Junyjie,Wu Di,Zeng Haidong,China University of Petroleum,Successful Participant,
2217925,Qi Shao,Qiuyu Li,Hutyu Li,Xuzhou University Of Technology,Meritorious Winner,
2217926,Haowen Luo,XueQin Wang,MengJie Gong,Southwest University of Science and Technology,Honorable Mention,
2217927,Zongyu Li,Chen Zhang,Xuemeng Wang,Shandong University of Science and Technology,Meritorious Winner,
2217928,Ruitong Wang,Shuishan Zhang,Xiaoke Wang,Dalian University of Technology,Successful Participant,
2217929,Yuhao Liu,Xintong Li,Lie Li,Huazhong University of Science and Technology,Successful Participant,
2217930,Yizhong Ren,Ruhan Shao,Yuxuan Liu,China Agricultural University,Disqualified - P,
2217931,Shuping Yue,Rui Zhang,Mingyu Ma,Shandong Normal University,Successful Participant,
2217932,Denghuang Chen,Biao Zhang,Yushuo Ren,Xiamen University,Successful Participant,
2217933,Xu- Yang Chen,Mao Xu,Yi-Han Wang,Nanjing University,Successful Participant,
2217934,Qianxue Shi,Beiyao Sha, ,Xiamen University,Successful Participant,
2217935,Yunkai Li,Jiulin Li,Jiaying Wang,Beijing University of Posts and Telecommunication,Successful Participant,
2217936,Xi Yang,Shuzheng Mi,Zhaoxi Yu,Southwest University,Successful Participant,
2217937,Huiyun Zhou,Jie Yuan,Heng Zuo,Anhui University,Successful Participant,
2217938,Haojie Ge,Jingyuan Xu,Dongxia Liu,XIDIAN UNIVERSITY,Meritorious Winner,
2217940,Chen Feiming,Gao Jianhao,Li Xi,Beihang University,Meritorious Winner,
2217941,Xianzhao He,Gaojin Li,Xin Zhang,Sun Yat-Sen University,Honorable Mention,
2217942,Shibo Wang,Rong Xie,Jiaqi Liu,XIDIAN UNIVERSITY,Successful Participant,
2217943,Hu Honglin,Xiao Shuqiao,Song Tao,Shanghai University of Engineering Science,Successful Participant,
2217944,Zhao Yu,Pei Xinyu,Sun Haoxiang,Nanjing Forestry University,Successful Participant,
2217945,Weijia Huang,Shuo Sheng,Zhipeng Lin,Southwest University,Successful Participant,
2217946,Li Yifei,Zhang Zhengkang,Hou Pengfe1,Shaanxi University of Science & Technology,Honorable Mention,
2217947,Shenao Fan,Fangbing Liu,Jiapeng Liu,Nanjing University of Posts and Telecommunication,Successful Participant,
2217948,Rongji Li,Minghi Zhu,Yue Ni,Anhui University,Successful Participant,
2217949,Zhenni Zhang,Zhiheng Li,Anqi X1ao,South China Normal University,Successful Participant,
2217950,Li Yuanxiao,Zhang Yuchen,Jiang Yufang,Nanjing Normal University,Successful Participant,
2217951,Xinyue Zhang,Yilin Zheng,Xiyu Yan,China Agricultural University,Successful Participant,
2217952,Zekun Meng,Renfeng Cao,Haowen Qin,China Agricultural University,Successful Participant,
2217953,Chunkai Zhang,Jiyun Long,Jichuang Chen,China Agricultural University,Successful Participant,
2217954,Rui Yang,Huihui Jiang,Hua Wen,Southwest University,Successful Participant,
2217955,Sun Ruquan,Qiu Zhijia,Liu Yifan,Nanjing University,Successful Participant,
2217956,Yilin Deng,Yuwen Zhu,Qirui Hu,China Agricultural University,Honorable Mention,
2217957,longyin chen, , ,Northeast Normal University,Successful Participant,
2217958,Hongxuan Duan,Jia Cheng,Mengqi Han,China Agricultural University,Successful Participant,
2217959,Ziyi An,Yunfei Gu,Qianling Bi,Harbin University of Commerce,Meritorious Winner,
2217960,Yan Zheng,Bihao Gao,Jingyu Zhang,Harbin University of Commerce,Successful Participant,
2217961,Wen Zhu,Yi Wang,Enqi Zhang,China Agricultural University,Successful Participant,
2217962,Yuantao Han,Liang Zhang,Jie Yu,Southwest University,Successful Participant,
2217963,Jiwei Yu,Hongrun Qu,Zixiao Ling,shenyang jianzhu university,Successful Participant,
2217964,Peifu Wang,Ran Wang,Jianhui Kang,China Agricultural University,Honorable Mention,
2217965,Bosun Liang,Xiaojun Lu,Shasha Zhu,Harbin University of Commerce,Successful Participant,
2217966,Xiaolan Chen,Jihao Liu,Bingyan He,Harbin University of Commerce,Honorable Mention,
2217967,Chen Liu,Shengyuan He,Yuqi Wang,Harbin University of Commerce,Successful Participant,
2217968,Jiawen Li,Chao Wang,Guangyuan Zhao,China Agricultural University,Successful Participant,
2217969,Renning Pang,Ying Fang,Xinyao Li,shenyang jianzhu university,Successful Participant,
2217970,Yuyang Ma,Minxin Yang,Wenxuan Nie,University of International Business and Economics,Successful Participant,
2217971,Shekun Wang,Jiankang Wang,Zhengshuai Wang,Northwestern Polytechnical University,Honorable Mention,
2217972,Yuzhen Xiao,Guozhao Mo,Yitian Zhu,China Agricultural University,Meritorious Winner,
2217973,Yigiang Zeng,Yaxin Sun,Xinyi Zhou,XIDIAN UNIVERSITY,Honorable Mention,
2217974,Matyun Zhang,Xuejiao Wang,Han Zhou,China Agricultural University,Successful Participant,
2217975,Jie Yao,Sisi Zheng,Shilong Zhao,Southwest University,Successful Participant,
2217976,Xiny1 Sun,Zyjing Li,Xinyi Xie,China Agricultural University,Successful Participant,
2217977,You Tan,Xiaoyuan Zhang,Qingyao Zhou,Shenyang Jianzhu University,Successful Participant,
2217978,Rui Gou,Siqi Chen,Zhouyang Chen,China Agricultural University,Honorable Mention,
2217979,Weijia Fan,Ze Yang,Zhangkai Zhao,Harbin University of Commerce,Successful Participant,
2217980,Yao Wu,Hui Chen,Miao Hu,Harbin University of Commerce,Honorable Mention,
2217981,Bingyue Li,Yidan Yuan,Shi Liu,China Agricultural University,Successful Participant,
2217982,Xiaoyu Liang,Liyan Zhang,Beibe1 Zhang,Harbin University of Commerce,Successful Participant,
2217984,Xuyang Wen,Yuanyu Zhao,Xinrui Chang,China Agricultural University,Successful Participant,
2217985,Guotai Li,Wenze Wu,Yibo Chen,shenyang jianzhu university,Successful Participant,
2217986,Chunyan Zhang,Jia Hao,Yunlei Tang,China Agricultural University,Successful Participant,
2217987,Cui Anni,Yang Chengwen,Xu Chengqian,ZheJiang University,Successful Participant,
2217988,Fanyu Meng,Yiliang Li,Dengfu Zhang,China Agricultural University,Successful Participant,
2217989,Qingnan Huang,Zhe Chen,Genghao Zhang,Guangdong Polytechnic Normal University,Honorable Mention,
2217990,Yuyan zhang,Sixuan He,Xiaolu Yan,China Agricultural University,Successful Participant,
2217991,Jiayue Cheng,Yajing Liu,Lixia Zhong,China Agricultural University,Successful Participant,
2217992,Xiang Li,Yi Liang,Yu Yang,Anhui University,Successful Participant,
2217993,Siqi Chen,Xiaohan Wan,Ziyi Liu,China Agricultural University,Honorable Mention,
2217994,Anqi Li,Jinming Liu,Junyu Zhou,China Agricultural University,Honorable Mention,
2217995,Yuanpei Liu,Ke Peng,Duan Zhang,China Agricultural University,Successful Participant,
2217997,Xinxiang Liu,Xinrui Mao,Yi Xiong,China Agricultural University,Successful Participant,
2217998,Yongjing Wang,Yao Ru,Zeyu Wang,China Agricultural University,Successful Participant,
2217999,Shenshen Li,Zitong Zhang,Jingjing Shi,China Agricultural University,Honorable Mention,
