2218001,Bingbing Xie,Yadan Kuang,Jingyuan Zhang,China Agricultural University,Honorable Mention,
2218002,Rui Gao,Chuanxu Li,Xiny1 Zhang,XIDIAN UNIVERSITY,Successful Participant,
2218003,Zhang Yujian,Tianxiang Zhang,Xinxiang Hu,China Agricultural University,Successful Participant,
2218004,Jie Zhu,Jiaying Liu,Bike Wu,China Agricultural University,Successful Participant,
2218005,Peng Zhou,Jianguo Wang,Jinghe Liu,China Agricultural University,Successful Participant,
2218006,Yimo Cao,Xuzhi Duan,Peithe Liu,XIDIAN UNIVERSITY,Successful Participant,
2218007,Ruohan Mao,Hao Zhang,Zhi Zhou,China Agricultural University,Successful Participant,
2218008,Teng Teng,Jinlong Li,Yongkuan Shao,China Agricultural University,Successful Participant,
2218009,Haonan An,Mengcai Zhu,Jingxuan Cai,Anhui University,Honorable Mention,
2218010,Tian Danyao,Zhao Yang,Chen Huilin,Guangdong University of Foreign Studies,Successful Participant,
2218011,Yating Wang,Rui Wang,Huimin Mao,Tianjin University,Honorable Mention,
2218012,Linghao Mao,Katy1 Xu,Fucheng Liang,Zhejiang Gongshang University,Honorable Mention,
2218013,Ziwen Li,Kefan Ruan,Junhuan Qin,China Agricultural University,Successful Participant,
2218014,Qingyi Zhang,Yining Jia,Siy1 Wen,China Agricultural University,Successful Participant,
2218015,Songwei Long,Li Li,Wei Huang,Zhejiang Gongshang University,Successful Participant,
2218016,Jinxiang Xia,Jiaren Zhou,Yufe1 Zhang,China Agricultural University,Meritorious Winner,
2218017,Ahui Sun,Nanhui Jia,Shuang Wang,Zhejiang Gongshang University,Honorable Mention,
2218018,Xinyue Hu,Yudan Jian,Yuchi Wang,Southwest University,Successful Participant,
2218019,Huan Gu,Teng Li,Pengyu Wang,China Agricultural University,Successful Participant,
2218020,Jiani Miao,Yu Qiu,Qiuyue Mi,Central University of Finance and Economics,Successful Participant,
2218021,Hanyuan Wu,Yapeng Li,Jiamei Li,Zhejiang Gongshang University,Honorable Mention,
2218022,Mengying Wang,Mengxue Yan,Shuyu Chen,China Agricultural University,Successful Participant,
2218023,Qinglin Li, , ,XIDIAN UNIVERSITY,Honorable Mention,
2218024,Jiashun Li,Xianyang Xu,Shenjia Luo,China Agricultural University,Successful Participant,
2218025,Pengfei Zhu,Zhiwen Yu,Yaqi Li,Tianshui Normal University,Successful Participant,
2218026,Shuting Zhang,Chen Yang,Jingmiao Huang,Zhejiang Gongshang University,Successful Participant,
2218027,Xinyuan Lin,Xinyi Liu,Chunlan Ji,China Agricultural University,Successful Participant,
2218028,Jungi Guo,Jinx1 Liang,Long Chen,UNIVERSITY,Successful Participant,
2218029,Guoping Chen,Keyi Zhou,Zhouxiang Shen,Zhejiang Gongshang University,Successful Participant,
2218030,Yiyie Sun,Xinyu Li,Xianyl Li,China Agricultural University,Finalist,
2218031,Zhaojyun Guo,Han Ni,Changxin Lin,Zhejiang Gongshang University,Honorable Mention,
2218032,Xinyu Xu,Tianao Zeng,Shenhan Xu,China Agricultural University,Honorable Mention,
2218033,Zhang Mo,Yuan Y1xin,Mou Lijia,Renmin University of China,Successful Participant,
2218034,Yile Xu,Mingfeng Chen,Jiayan Zhang,Zhejiang Gongshang University,Finalist,
2218035,Zhiging Qin,Ruolong Wang,Longxiang Zheng,Northeast Petroleum University,Successful Participant,
2218037,Ting Gao,Wenhao Huang,Lixia Tang,Zhejiang Gongshang University,Successful Participant,
2218038,Yiyi Zhu,Kele1 Wu,Die Shao,Zhejiang Gongshang University,Honorable Mention,
2218040,Jia Tang,Shuo Liu,Tianni He,Southwest University,Honorable Mention,
2218041,Bai Jiarui,Huang Ziming,Song Yifan,q3v4te,Successful Participant,
2218043,X1aox1 Nie,Qian Wu,Hanyang Wang,China Agricultural University,Successful Participant,
2218044,Senqiao Yang,Shengze Jiang,Xuxiang Zhong,tarbin Institute of Technology  Shenzhen Graduate Scl,Meritorious Winner,
2218045,Zhen Cui,Yuan Yang,Letian Xu,X1’an Shiyou University,Disqualified - P,
2218046,Jiayi Ruan,Pei Lu,Jiong Wang,Xuzhou University Of Technology,Honorable Mention,
2218047,Haoran Guo,Lan Yang,Lingwen Hu,China Agricultural University,Successful Participant,
2218048,Yinghang Qian,Siwen Zhu,Tian Dong,Nanjing Normal University Of Special Education,Successful Participant,
2218049,Qian Meng,Lijian Li,Shibo Yan,Southwest University,Successful Participant,
2218050,Han Zheng,Yining Wu,Han Li,China Agricultural University,Meritorious Winner,
2218051,Xinli Zhu,Yiling Guo,Yingyjie Yu,Zhejiang Gongshang University,Successful Participant,
2218052,Jifeng Chen,Boyi Zhao,Jin Zou,Southwest University,Successful Participant,
2218053,Zhida Li,Hayjie Li,Beizhang Guo,Sun Yat-sen University,Honorable Mention,
2218054,Weijiang Chen,Guanbin He,Yanlong Bu,China Agricultural University,Successful Participant,
2218055,Yinan Sheng,Z1xin Guo,Chengxin Ren,Zhejiang Gongshang University,Successful Participant,
2218056,Bilin Zou,Yixin Shangguan,Zheng Jia,Zhejiang Gongshang University,Honorable Mention,
2218057,Jiaxing Xiang,Yux1 Ling,Xiaoyue Mo,Southwest University,Successful Participant,
2218058,Bogian Li,Jiangyi Fang,Sicheng Wel,Huazhong University of Science and Technology,Successful Participant,
2218059,Fangyi Wang,Yuge Luo,Letian Yu,China Agricultural University,Honorable Mention,
2218060,Xianpeng Ruan,Xiaojuan Li,Aoqi Ruan,Zhejiang Gongshang University,Successful Participant,
2218062,Qi Li,Katyue Xia,Jiaping Meng,China Agricultural University,Successful Participant,
2218063,Tianxiang Zhan,Yuanpeng He,Kairui Liu,Southwest University,Successful Participant,
2218064,Songhao Kang,Kunpeng Xia,Yu Zhang,China Agricultural University,Unsuccessful - I,
2218065,Yi Ding,Yuxin Ye,Xinyu Liu,Anhui University,Honorable Mention,
2218066,Ninglu Ma,Mingyang Pan,Yiwen Zhong,China Agricultural University,Meritorious Winner,
2218067,Jinping Zha,Yun Zhang,Weijia Zeng,Anhui Normal University,Successful Participant,
2218068,Yinning Quan,Xiao Feng,Haoran Li,China Agricultural University,Successful Participant,
2218069,Jingxuan Hu,Shuo Han,Yaoye Li,Southwest University,Meritorious Winner,
2218070,Ruzhao Ma,Jinghan Liu,Yanjin Qiu,Shandong University of Finance and Economics,Successful Participant,
2218071,Nan Wang,Jing Xu,Shanying Li,China Agricultural University,Successful Participant,
2218072,Mouxinyi Lin,Xuey! Liu,Qian Liu,Southwest University,Honorable Mention,
2218073,Chen Haolin,Zhong Zijie,Ge Chang,BNU-HKBU United International College,Successful Participant,
2218075,Xiaoyu Zhang,Feife1 Chen,Aueyan Yao,China Agricultural University,Successful Participant,
2218076,Pu Tan,Peijia Huang,Jue Gong,Southwest University,Honorable Mention,
2218077,Tong Ju,Yuanhui Zhang,Junlang Wen,China Agricultural University,Successful Participant,
2218078,Yuhan Wang,Zhiyan Wang,Linjing Guan,Shandong University of Finance and Economics,Successful Participant,
2218079,Siy1 Lan,Mengyao Jin,Xinke Zhang,Southwest University,Successful Participant,
2218080,Baihao Shao,Jinze Huang,Junlin Chen,China Agricultural University,Successful Participant,
2218081,Fan Sun,Fan Zhang,Xiaochen Han,China Agricultural University,Successful Participant,
2218082,Zhenlang Lin,Wei He,Yixing Chen,South China Normal University,Successful Participant,
2218083,Xiny1 Zhu,Zeyun Zhao,Xinying Wang,Anhui University,Honorable Mention,
2218084,Chutian Wang,Boyu Jia,Fang Wang,China Agricultural University,Successful Participant,
2218085,Fengqin Zhang,Xinran Huang,Xin'ao Li,Southwest University,Successful Participant,
2218086,Zi Wang,Di Sang,Wenbo Du,China Agricultural University,Successful Participant,
2218087,LiuXuan,WuRui,luyamin,Hebei Finance University,Disqualified - P,
2218088,Zeyu Guan,Chenghong Zhu,Jiehui Lv,Jilin University,Successful Participant,
2218089,Yuqing Xie,Qian Hou,Mengqi Wu,Gannan Normal University,Honorable Mention,
2218090,Mingyue Zhao,Chenlu Yang,Shuhan Wang,China Agricultural University,Finalist,
2218091,Yunman Hu,Qi Liu,Yishan Ding,Southwest University,Honorable Mention,
2218092,Yixun Wu,Yifan Yang,Xiang Li,Zhejiang University,Successful Participant,
2218093,Qian Yuchen,Chen Haoxin,Wang Haojian,XIDIAN UNIVERSITY,Honorable Mention,
2218094,Deyuan Zhang,Yu Chai,Peilin Liu,Southwest University,Successful Participant,
2218096,Yuxin Zhou,Jiayun Wu,Yannan Wang,Shanghai Lixin University of Accounting and Financ,Honorable Mention,
2218097,Yue Zhang,MiaoHong Cai,JiaRong Fu,Guangdong University of Finance and Economics,Meritorious Winner,
2218098,Chen Yiy1,Wen Di,Zhao Tongyi,Central University of Finance and Economics,Successful Participant,
2218099,Xinle Hao,Zhiyao Song,Haoran Ma,Southwest University,Successful Participant,
2218100,Mengyu Zhao,Yixuan Liang,Yifei Xu,Xi'an University of Architecture and Technology,Disqualified - P,
2218101,Hongping Li,Boao Jiang,Yongyie Zeng,Southwest University,Honorable Mention,
2218102,Pengtao Yang,Shize Wel,Wanshuo Gao,Hebei University of Technology,Honorable Mention,
2218103,Yingtong Gan,Yingqi Gan,Yunyi Li,Zhuhai College of Science and Technology,Meritorious Winner,
2218104,Guojun Shi,Shuyi Lv,Na Gong,Southwest University,Successful Participant,
2218105,Zijyun Liu,Hongwei Zhang,Zhiying Zhang,Liaoning University,Honorable Mention,
2218106,Shiyang Song,Jianing Han, ,Harbin Institute of Technology  Weihai,Disqualified - P,
2218107,Xinyu Li,Jiayi Chen,Huanjie Jiang,Beijing Forestry University,Honorable Mention,
2218108,Zigian Cui,Yijie Lin,Jiabao Bai,Hebei University of Technology,Successful Participant,
2218109,Xinrui Zhang,Mengke Cui,Zihan Zeng,Southwest University,Successful Participant,
2218110,Jiarui Zhang,Yushuo Zhao,Tianyang Liu,East China Normal University,Successful Participant,
2218111,Yuxin Kong,Xinlong Tan,Licheng Luo,Huazhong University of Science and Technology,Successful Participant,
2218112,HanLin Yang,YuJie Song,Hang Yu Ren,Southwest University,Honorable Mention,
2218114,Boning Jiang,Jiamin Li,Yifan Wu,Shanghai University of Finance and Economics,Honorable Mention,
2218115,Yixin Sun,Bingbing Cai,Chengjun Gao,Northwestern Polytechnical University,Successful Participant,
2218116,Hanyue Zhang,Jiahui Zhang,Jianqiu Li,Southwest University,Honorable Mention,
2218117,Yiwen Shan,Yuehong Dong,Yaoyun Zhang,Southwest University,Meritorious Winner,
2218118,Pengfei Zhang,Hao Xu,Zhengcheng Yang,China University of Petroleum-Beijing,Successful Participant,
2218119,Bingyan Zheng,Yingying Zheng,Hongyi Zou,Guangdong University of Foreign Studies,Honorable Mention,
2218120,Tao Zhang,Erya Dong,Hao Tang,Southwest University,Honorable Mention,
2218121,Bo Ding,Tianheng Zhang,Yuanbin Xu,Southwest University,Successful Participant,
2218122,Li Zhuochen,Ye Hao,Yu Songlin,Chinese University of Hong Kong  Shenzhen,Successful Participant,
2218123,Yiwen Zhang,Yining Chen,Xin Yao,Nankai University,Successful Participant,
2218124,Hang Ye,Yi Yuan,Yilin Liu,KARAMAY,Successful Participant,
2218125,Jiading Ma,Qiaowen Zhang,Junru Song,Being Jiaotong University,Successful Participant,
2218126,Feiran Liang,Tang Li,Zhaojie Xie,Being Jiaotong University,Successful Participant,
2218127,Jie Song,Zhiying Song,Qiu Yang,Lanzhou university,Successful Participant,
2218128,Haozhi Bai,Ruyi Dong,Yiyuan Lv,Being Jiaotong University,Successful Participant,
2218129,Syin Liu,Yikang He,Meng Wang,Being Jiaotong University,Successful Participant,
2218130,Jialu Xu,Junyao Liu,Yuze Li,Being Jiaotong University,Disqualified - P,
2218131,Ziang Ji,Ji Du,Zitong Zhang,Nankai University,Honorable Mention,
2218132,Yusi Zhang,Yunyao Jiang,Jiaxi He,XIDIAN UNIVERSITY,Successful Participant,
2218133,Yuquan Li,Yang Liu,Tuo Sun,School of Artificial Intelligence and Automation  HUS,Successful Participant,
2218134,Yinyin Chen,Sichen Wu,Yuhan Xie,XIDIAN UNIVERSITY,Honorable Mention,
2218136,Zhongyuan Wang,Ziyu Shang,Yufe1 You,China Agricultural University,Successful Participant,
2218137,WenJun Li,Cheng Yang Dong,YuJun Li,TECHNOLOGY,Successful Participant,
2218138,Chang Liu,Haoran Zhao,Zhengxiang Jin,China Agricultural University,Successful Participant,
2218139,Yanx1 Zhang,Minglun Chen,Keyi Zhang,Chongqing University,Successful Participant,
2218140,Yifan Shen,Haonan Sun,Yingxiang Yu,Southwest University,Successful Participant,
2218141,Ao Shen,Zimeng Ling,Tiantian Su,Xuzhou University Of Technology,Successful Participant,
2218142,Jiarui Yao,Yimeng Gao,Bowen Ma,China Agricultural University,Successful Participant,
2218143,Mingyuan Yan,Tiany1 Cao,Miao Wang,East China Normal University,Honorable Mention,
2218144,Chayan Zhu,Yusen Wu,Yize Zhou,Hainan University,SIAM Award,
2218145,Zekun Lou,Xuanlin Mao,Jiarui She,Fudan University,Successful Participant,
2218146,Siyie Hu,Junhong Zhang,GuJia Chen,1anghai University of International Business and Econ,Honorable Mention,
2218147,Fangyu Sun,Ruitong Yang,Xiaoyu Liu,Southwest University,Honorable Mention,
2218148,Hui Yu,Xinyue Wu,Yunxiao Gao,China Agricultural University,Successful Participant,
2218149,Pengyu Tong,Deliang Hou,Wendi Qiu,NanKai University,Successful Participant,
2218150,Qi Al,Feihong Liu,Qianjing Tang,Capital University of Economics and Business,Successful Participant,
2218151,Jinxuan Hu,Qianwen Yao,Hanjie Li,Nanjing University,Honorable Mention,
2218152,Zhixin Shi,Xuanli Dou,Ying Song,Beijing Foresty University,Successful Participant,
2218153,Katyuan Wang,Mengdi Li,Xue An,Shanghai Maritime University,Successful Participant,
2218154,Hangyu Li,Shuai Wang,Gexi Hu,Hebei University of Technology,Successful Participant,
2218156,Ruihai Hou,Zizhen Zhu,Gangyi Zhang,Beijing University of Posts and Telecommunication,Successful Participant,
2218157,Zifeng Cheng,Yiyang Chu, ,Wuhan University,Successful Participant,
2218158,Yiwen Shi,Zhuoya Tang,Zishuai Zu,Shandong University of Science and Technology,Successful Participant,
2218159,Ziyue Guo,Zhicheng Deng,Zhaoyang Shi,Nanjing Normal University,Honorable Mention,
2218160,Qiyi Yu,Yidong Zhang,Honglu Shi,China Pharmaceutical University,Disqualified - P,
2218161,Xinyao Zhang,Yife1 Wang,Ruying Wang,Qingdao University,Honorable Mention,
2218162,Yulong Su,Weiheng Wang,Lifeng Dong,Huazhong University of Science and Technology,Successful Participant,
2218163,Chengzhi Liu,Yi Ni,Lulin Zhu,Xi'an Jiaotong-liverpool University,Successful Participant,
2218164,Ziyun Wu,Hanbin Liu,Tongxin Lin,Nanning Normal University,Finalist,
2218165,Yu Chuanlong,Anji Y1,Taimin Y1,Huazhong University of Science and Technology,Successful Participant,
2218166,Hongrui Li,Baining Chen,Wei He,Huazhong University of Science and Technology,Successful Participant,
2218167,Xiangying Dong,Yaqi Lai,Jiaxin Lin,Southwest University,Successful Participant,
2218168,Jiaxin Wang,Zihan Chen,Shuo Zhang,Xidian University,Successful Participant,
2218169,Ruihan Wang,Qiran Zhu,Xiaolin Liu,Shandong University of Science and Technology,Successful Participant,
2218170,Qi Liu,Tengyue Li,Shihao Jia,Anhui University,Successful Participant,
2218172,Dingge Zhang,Hongyu Yan,Zuoming Zhou,Capital University of Economics and Business,Successful Participant,
2218173,Tao Shu,Ziliang Chen,Jianquan Hou,Huazhong University of Science and Technology,Successful Participant,
2218174,Tingyu Liang,ZeBin Yang,Yali Wang,Huazhong University of Science and Technology,Successful Participant,
2218175,Junjie Tang,Yan Zhao,Xueting Wang,Qufu Normal University,Successful Participant,
2218176,Yinan Chen,Li Liu,Mingyue Yan,Southwest University,Successful Participant,
2218177,Jiaying Liu,Nuohan Chen,Shihan Dai,The Chinese University of Hong Kong  Shenzhen,Successful Participant,
2218178,Tieyuan Chen,Cheng Zhou,Qingxi Wu,Sichuan University,Successful Participant,
2218179,Zhan Miao,Longyue Chai,Yan Sun,Shandong University of Science and Technology,Successful Participant,
2218180,Siting He,Min Ji,Yaoyue Li,Changzhou Institute of Technology,Successful Participant,
2218182,Xin Xu,Hailan Zhang,Zhiyuan Liang,Southwest University of Science and Technology,Successful Participant,
2218183,Zhehua Zhang,Xiaofeng Qiu,Shitong Wang,Tibet University,Successful Participant,
2218184,Jiaying Mei,Zhenkun Ying,Jiachen Liu,Renmin University of China,Meritorious Winner,
2218185,Kaidong Zhang,Hetao Zheng,Yue Zhang,Sun Yat-Sen University,Finalist,
2218186,Huicheng Chen,Haotong Cul, ,Capital University of Economics and Business,Successful Participant,
2218187,Yuxuan Wei,Mengyie Chen,Jiajie Wu,Wuhan University of Science and Technology,Successful Participant,
2218188,Ziyun Yang,Junze Ren,Xiguang Hu,Huazhong University of Science and Technology,Successful Participant,
2218189,Yihong Sheng,Ji Wang,Lang Qiao,Southwest University of Political Science and Law,Honorable Mention,
2218190,Sentai An,Kaiin Zheng,Zhaoting Ma,Shandong University of Science and Technology,Successful Participant,
2218191,Lini Zhong,Ruolan Liu,Yuhan You,Southwest University,Honorable Mention,
2218192,Tao Xueran,Chang Hong,Hu Yuyie,Beijing Normal University,Meritorious Winner,
2218193,Mingang Guo,Sitao Ye,Zixiang Zhuo,Xiamen University Tan Kah Kee College,Successful Participant,
2218194,WenjieMa,YinjieRao,JiachengLv,Northwestern Polytechnical University,Successful Participant,
2218195,Jiarui Yun,Tianyu Wang, ,Qinghai University,Successful Participant,
2218196,Wanting Zhao,Xiny! Li,Chao Hu,Southwest University,Successful Participant,
2218197,Jiang Yifan,Deng Jieyuan,Wen Yuanchun,BNU-HKBU United International College,Successful Participant,
2218198,Zhen Wang,Chenx1 Yang,Chuke Wang,Xiamen University,Meritorious Winner,
2218199,Yiting Zhang,Xinwei Liu,Chunyuan Zhao,Southwest University,Successful Participant,
2218200,Suyang Wel,Yikai Wu,Chengyang Zhu,XIDIAN UNIVERSITY,Honorable Mention,
2218201,Yongshun Zeng,Chenhui Guo,Jialing Lin,South China Normal University,Successful Participant,
2218202,Yushang He,Jun Lu,Keyi Zhang,Wuhan University,Disqualified - P,
2218203,Yuqin Wu,Jialin Xian,Hao Zhang,Southwest University,Honorable Mention,
2218204,Yifei Jin,Jiazhou Wu,Haoran Su,Southwest University,Finalist,
2218205,Meiying Huang,Sinan Peng,Wenxuan Li,Qinghai University,Disqualified - P,
2218206,Yubiao Wang,Ke Zhang,Wang Sun,XIDIAN UNIVERSITY,Honorable Mention,
2218207,Liting He,Ying Xin,Haoran Yuan,Southwest University,Successful Participant,
2218208,Geyang Zhu,Jiawei Wang,Zhuoming Han,XIDIAN UNIVERSITY,Successful Participant,
2218209,Zhaowei Liang,Jingying Yang,Baihong Lin,Beihang University,Honorable Mention,
2218210,Yuhang Li,Rui Huang,Baiqing Huang,Southwest University,Honorable Mention,
2218211,Junpeng Zhang,Junyan Duan,Yiftan Wei,Minzu University of China,Honorable Mention,
2218212,HeYuhao,YuXiaoying,CaiWeiying,Foshan university,Successful Participant,
2218213,Hong Liu,Herui Cao,Wutai Weng,Southwest University,Meritorious Winner,
2218214,Chen Zihan,Jiang Yifeng,Pu Yuehang,University of International Business and Economics,Honorable Mention,
2218215,Lusheng Chen,Zhichao Chen,Xiheng Huang,Sun Yat-Sen University,Successful Participant,
2218216,baojiaji,caocongcong,wanglimei,SST IK Fill 7k HL ERS,Successful Participant,
2218217,Yuhang Zhu,Kangyue Xu,Jing Chong,Anhui University,Successful Participant,
2218218,Yunqing Zhu,Yu Wu,Yaqi Qin,Southwest University,Successful Participant,
2218219,Zhiyu Zhang,Wenhui Lv,Yu Xiang,Southwest University,Successful Participant,
2218220,ShaZhu,WeijunLiu,Sixuan Wang,Southwest University,Honorable Mention,
2218222,Zhenao Song,Jinsong X1a0,Hui Wang,Southwest University,Successful Participant,
2218224,Xin Shi,Jia Wang,Guoyan Ding,Southwest University,Meritorious Winner,
2218225,Yuanpu Zhang,Zhiying Zhang,Chongde Fu,Northwestern Polytechnical University,Successful Participant,
2218226,Shujing Miao,BinShan Wang,HuiJun Lin,Southwest University,Successful Participant,
2218227,Bufeng Ge,Jinlin Chen,Maozhuang Wu,XIDIAN UNIVERSITY,Honorable Mention,
2218228,Huaping He,Jie Qiu,Ti Kang,Southwest University,Honorable Mention,
2218229,Wetyi Kong,Ning Sun,Yao Li,Beihang University,Honorable Mention,
2218231,he lulu,wang xinyue,guo lunding,North China Electric Power University,Successful Participant,
2218232,Xinrul Miao,Chenghao Lv,Haoyi Wang,Southwest University,Successful Participant,
2218233,Mohan Liu,Rujing Guo,Yuqing Zhu,Anhui University,Successful Participant,
2218234,Ji Shuaiyu,Qin Hao,Yang Ziyi,Xidian Univercity,Honorable Mention,
2218235,Jianjie Wang,Linjun Li,Haoyue Jin,Zhejiang Gongshang University,Successful Participant,
2218236,Zhiming Han,Yining Wang,Yifan Lv,Zhejiang Gongshang University,Meritorious Winner,
2218237,Xiaolong Pan,Jixuan Cheng,Dichun Fu,Soochow University,Meritorious Winner,
2218238,Zhen Tan,Yiyang He,Jingwen Fang,Zhejiang Gongshang University,Honorable Mention,
2218239,Yuang Fei,Jin Zhan,Shuowen Chen,China Agricultural University,Successful Participant,
2218240,Wenlong Lu,Junjie Wang,Enze Dong,Ocean University of China,Finalist,
2218241,Jichen Xing,Zhaoyang Qin,Rui Tang,China Agricultural University,Successful Participant,
2218242,Lei Chang,Junda Wu,Haonan Jiang,Zhejiang Gongshang University,Successful Participant,
2218243,Zicheng Zhou,Lingbin Wang,Yuebin Ding,Zhejiang Gongshang University,Successful Participant,
2218244,Wenjing Liu,Jinyan Chen,Zitan Zhang,Zhejiang Gongshang University,Successful Participant,
2218245,Wanpeng Li,Ying Ding,Xin Guan,China Agricultural University,Disqualified - P,
2218246,Yumeng Xu,Miaobo Wang,Jinyi Deng,China Agricultural University,Successful Participant,
2218248,Kaiwen Liang,Shuchen Zhong,Chenle Guan,Zhejiang University,Honorable Mention,
2218249,Wenjia Zhang,Ye Sun,Xinyue Song,China Agricultural University,Successful Participant,
2218251,Huaxia Cai,Shi Chen,Yongqi Chen,Fuzhou University,Successful Participant,
2218252,Guodong Wang,Jiaxu Ge,Huaao Liu,China Agricultural University,Honorable Mention,
2218253,Haowen Xue,Xin Wang,Yujing Xu,Xuzhou University Of Technology,Successful Participant,
2218254,Jipu Hu,Xinye Shui,Yiming Kang,Shanghai Jiao Tong University,Meritorious Winner,
2218255,Yiyie Ni,Yuxuan Liao, ,Huazhong University of Science and Technology,Honorable Mention,
2218256,Moyjiu Li,Hantao Zhang,Kangning Liu,China Agricultural University,Successful Participant,
2218257,Ni Chen,Yaopeng Chen,Yiyu Zhang,China University of Petroleum-Beijing,Successful Participant,
2218258,Ye Yang,Xiaoying Ma,Weiwei Gu,China Agricultural University,Successful Participant,
2218260,Qian Wang,Shiyin Liu,Tingli Luo,China Agricultural University,Successful Participant,
2218261,Lingnan Feng,Auan Ren,Siqi Zhang,Guangdong Polytechnic Normal University,Successful Participant,
2218262,Ma Yun,Zhang Zhuo,Gao Yan,Ocean University of China,Honorable Mention,
2218263,Xiaoyu Ai,Tianyu Zou,Binyu Wang,Jniversity of International Business and Economics Sc,Honorable Mention,
2218264,Yun Xing,Hang Xu,Xiaoli Wu,University of International Business and Economics,Honorable Mention,
2218265,Lei Huang,Jingyao Wang,Liangdong Wan,Liaoning Technical University,Successful Participant,
2218266,Yigiu Wang,Yuyuan Fu,Xiaotian Sun,Beijing Foreign Studies University,Successful Participant,
2218267,Zekang Zhang,Guoshuai Yuan,Kai Yu,HeBei University of Technology,Successful Participant,
2218268,Wu Xinnuo,Song Zhuoran,Zhu Quanying,Central University of Finance and Economics,Successful Participant,
2218269,Syia Chen,Xiang Zhang,Yuexin Du,Ocean University of China,Successful Participant,
2218270,Qingyang Wong,Ji Liu,Hao Yue lang,Shanghai University of Finance and Economics,Successful Participant,
2218271,Changhao Peng,Chenglong Shi,Yulei Kang,Sichuan University,Meritorious Winner,
2218272,Yuxuan Xiong,Huayu Kuang,Kaijie Peng,Jinan University,Honorable Mention,
2218273,Xiang Chen,Kejia Zhang,Nating Song,Anhui University,Honorable Mention,
2218274,Jun Rao,Yiting Lin,Yihan Qu,Ocean University of China,Successful Participant,
2218275,Zhongming Xie,Yang He,Zaishuo Xia,Renmin University of China,Honorable Mention,
2218276,Mei Chen,Qiandan Pang,Qing Chen,Guangdong University of Foreign Studies,Successful Participant,
2218277,WangHan,Zhijian Wu,Zemiao Zhang,Xinjiang Institute of Technology,Successful Participant,
2218278,Xinyue Zhang,Dongyu Wang,Jieren Tan,China Agricultural University,Successful Participant,
2218279,Kaixin Zhan,Renhua Wan,Bin Luo,Huazhong University of Science and Technology,Successful Participant,
2218280,Yusen Liu,Yizhuo Liu,Yeyong Zhang,Guangzhou University,Honorable Mention,
2218281,Fanyi Yang,Puhan Li,Canran Yang,Sichuan University,Honorable Mention,
2218282,Miao Ni,Xinyu Bian,Ping Li,Liaoning Technical University,Successful Participant,
2218283,Shen Lu,Hu Yiting,Li Haoyang,Sun Yat-sen University,Successful Participant,
2218284,Zhiyun Liang,Ruihua Guo,Ruxi He,China Agricultural University,Successful Participant,
2218285,Yin Rui, , ,Beijing University of Posts and Telecommunication,Honorable Mention,
2218286,Guanx1 Wang,Yang Zheng,Boshuang Wang,China Agricultural University,Honorable Mention,
2218287,Yaruo Ma,Tian Hui,Cundong Ding,Zhejiang Gongshang University,Successful Participant,
2218288,Hongguang Zhao,Yanlin Jia,Zhaoyun Chen,Xidian University,Meritorious Winner,
2218289,Tingting Zhu,Kaihua Chen,Shaofeng Li,China Agricultural University,Finalist,
2218290,Guicen Liu,Shuai Zhou,Xiaoya Zhao,shenyang jianzhu university,Successful Participant,
2218291,Mofei Li,Yufei Liu,Yiming Gao,China Agricultural University,Successful Participant,
2218292,Yufei Lu,Haoran Jia,Pengyu Zhao,shenyang jianzhu university,Successful Participant,
2218293,Yuzhou Chen,Zhizhang Li,Longhao Chen,Shanghai Jiao Tong University,Meritorious Winner,
2218294,Tian Yu,Wei Jiaxin,Zhou Dai,Renmin University of China,Successful Participant,
2218296,Shan Cong,Zizhao Wei,Minghan Sun,shenyang jianzhu university,Successful Participant,
2218297,Yiheng Zhang,Zha Zhu,Yifan Jiang,Nanjing University of Posts and Telecommunication,Successful Participant,
2218298,Li Ruochen,Cheng Ke, ,Sichuan University,Successful Participant,
2218299,Yang Sen,Zhang Haowel1,Yu Haoyong,Nanjing University of Posts and Telecommunication,Successful Participant,
2218300,Zhuoyu Peng,Yiwen Fan,Hanyu Yang,China Agricultural University,Successful Participant,
2218301,Miaomiao Tian,Yu Liu,Yuyan Li,Nanjing University of Posts and Telecommunication,Successful Participant,
2218303,Haohui Xiao,Xiaocong Sun,Xingiang Weng,shenyang jianzhu university,Successful Participant,
2218304,Ruixin Ji,Ketong Yi,Zhichen Xu,Tongji University,Successful Participant,
2218305,Ziheng Zeng,Zixin Jia,Xinqi Shu,Nanjing University of Posts and Telecommunication,Successful Participant,
2218306,Zhenyu Guo,Binyang Huang,Fanchen Zheng,China Agricultural University,Successful Participant,
2218307,Jiaying Zhou,Weichao Sun,Waner Zhu,Beijing Forestry University,Successful Participant,
2218308,Yixin Hou,Changcheng Wu,hux1 Tan,shenyang jianzhu university,Successful Participant,
2218309,Z1x1a0 Li,Guangpeng Zhang,Shiyu Feng,China Agricultural University,Finalist,
2218310,Yu Liu,Zhaohan Wang,Siyin Wang,Fudan University,Honorable Mention,
2218311,Tianqi Xiang,Zhao Huang,Xingyu Zhang,XIDIAN UNIVERSITY,Honorable Mention,
2218312,Yujia Mu,Jialing Zhang,Sibo Peng,China Agricultural University,Honorable Mention,
2218313,Chuanzhao Zhang,Shijie Zhao,Luyao Peng,Anhui University,Honorable Mention,
2218314,Sen Li,Zidong Ran,Boyang Li,Northwestern Polytechnical University,Successful Participant,
2218315,Ruobing Geng,Yifan Li,Shujia Li,China Agricultural University,Honorable Mention,
2218316,Fan Yang,Jiabin Zhang,Yibo Jiang,Zhejiang University,Honorable Mention,
2218317,Haoyuan Cai,Yu Shao,Yi Ouyang,China Agricultural University,Honorable Mention,
2218318,Xu Enci,Wang Chenhan,Yang Yunshu,Huazhong University of Science and Technology,Successful Participant,
2218319,Zex1 Chen,Siming Xie,Lichen Liu,China Agricultural University,Successful Participant,
2218320,Zijian Li,Zhonghao Hou,Jiaye Du,China Agricultural University,Honorable Mention,
2218321,Shengyao Deng,Zhengliang Wang,Hongyun Mo,Huazhong University of Science and Technology,Meritorious Winner,
2218322,Chenxiao Li,Wanwan Zhao,Yifan Jing,China Agricultural University,Successful Participant,
2218323,Kuiquan Chen,Yifan Zhao,Ziyu Chen,China Agricultural University,Successful Participant,
2218324,Hengzhi Wang,Ruizhen Liu,Tong Qiu,The Affiliated High School of SCNU,Successful Participant,
2218325,Tianrun Liu,Tian Gu,Hanyu Qin,Nanjing University,Successful Participant,
2218326,ZHAO YIHAN,DAI WEIXIN,LI SHENG,Shenzhen University,Successful Participant,
2218327,Xinyu Zhu,Qianhui Huang,Shiteng Ma,Renmin University of China,Successful Participant,
2218328,Liang Zizhi,Jin Shuhan,Chen Muchun,Capital University of Economics and Business,Successful Participant,
2218329,Yuxuan Wang,Ruoning Li,Xiyuan Tang,China Agricultural University,Successful Participant,
2218330,Wang Han,Li Haoyong,Liu Yansong,Tianjin University,Successful Participant,
2218331,Wang Yutong,Bai Yichuan,Ding Xiny1,Central University of Finance and Economics,Successful Participant,
2218332,Wu Ruoxue,Qiu Hey,Ye Yuxuan,Capital University of Economics and Business,Successful Participant,
2218333,FU ZELONG,HU ZIKANG,HE ZILONG,Shenzhen University,Successful Participant,
2218334,Lily Ahmed,Henry Zou,Matthew Vivian,Tufts University,Successful Participant,
2218335,sonerul,xieyunfan,zhaorul,HLA,Honorable Mention,
2218336,Lu Yixuan,Ma Haoyu,Lian Aowel,Capital University of Economics and Business,Disqualified - P,
2218337,LV YUHANG,QIU MING,ZHONG YUANFENG,Shenzhen University,Meritorious Winner,
2218338,Xinhe Wang,Qiheng Wang,Zijie Chen,Shanghai Jiao Tong University,Successful Participant,
2218339,Yang Zhang,Xi Chen,Sibo Dai,China Agricultural University,Honorable Mention,
2218340,Gao Shengxian,Han Xin,Zhang Jiping,Capital University of Economics and Business,Successful Participant,
2218341,Ren Bihan,Bao Hang,Bin Fanxiu,Capital University of Economics and Business,Successful Participant,
2218342,Siyu Chen,Ximeng Wen,Kewen Wang,Central University of Finance and Economics,Honorable Mention,
2218343,LAI WEIZONG,CHEN HAIJIAN,JIAO KATYI,Shenzhen University,Successful Participant,
2218344,Jinhong Xue,Yu Yuan,Shuhui Fang,East China Normal University,Honorable Mention,
2218345,JiaX1 Dang,Wang Yu,TingRun Zou,Northwest A&F University,Honorable Mention,
2218346,ZHANG SHUYAN,OUYANG SIWEI,CHEN WEILI,Shenzhen University,Honorable Mention,
2218347,CHEN JUNDONG,GUAN YANJUN,LIN YUJIA,Shenzhen University,Successful Participant,
2218348,LV SHIRONG,MA WEILING,LIANG JUNHAO,Shenzhen University,Honorable Mention,
2218349,Ruitong Xiao,Cai Wen,Xu Tian,Renmin University of China,Meritorious Winner,
2218350,Liu Pengyi,Zeng Yu,Wu Jia,Beijing Normal University,Honorable Mention,
2218351,Luke Ito,Myles Kenny,Max Shellist,Tufts University,Successful Participant,
2218352,WANG JIAJUN,WU SHAOLING,PENG YUXIN,Shenzhen University,Successful Participant,
2218353,Lukai Li,Alon Jacobson,Evan Meyer,Tufts University,Successful Participant,
2218354,Benjamin Shih,Hyoungjin Kim,Alexander Zheng,Brown University,Honorable Mention,
2218355,Yanyuan Huang,Xixian He,Xintong Li,China Agricultural University,Successful Participant,
2218356,Ziyuan Hong,Xinran Tan,Xinyu Peng,Guangdong University of Foreign Studies,Successful Participant,
2218357,Wanlin Du,Hexuan Liu,Xuanzhu Cui,China Agricultural University,Honorable Mention,
2218359,Xin Ma,Chang Su,Yuxiang Shang,XIDIAN UNIVERSITY,Meritorious Winner,
2218360,Alexander Young,Shreyas Rao,Qiuhong (Anna) Wei,Brown University,Honorable Mention,
2218361,lang yun xuan,yang xiao min, ,Hebei Finance university,Successful Participant,
2218362,Guangping Jiang,Zihe Han,Jiahao Yang,Ocean University of China,Successful Participant,
2218363,Zhenghan Shao,Yicheng Liu,Zheng Huang,University of International Business and Economics,Successful Participant,
2218364,Shumin Liu,Yujie Wang,Keyi Zhu,Donghua University,Honorable Mention,
2218365,Shuhui Duan,Hongyu Guo,Yishu Zhang,Xiamen University,Successful Participant,
2218366,Wenxuan Wang,Yuchen Zhang,Yixin Liu,Shanghai University,Honorable Mention,
2218367,Qixue Li,Yuan Fang,Wenyao Lin,NorthWestern Polytechnical University,Successful Participant,
2218368,Jie Zhan,Yang Li,Xin Wang,Anhui University,Honorable Mention,
2218369,Xin Zhang,Kehang Yu,Yuxuan Hou,Shenyang Agricultural University,Successful Participant,
2218370,Ruoyu Wu,Xinya Qin,Yiwen Zhao,Beijing Normal University,Honorable Mention,
2218371,Yuchen Lei,Chen Zhang,Haijie Yuan,Hunan University,Meritorious Winner,
2218372,Tianyang Lu,Chaofan Li,Zhuo Liu,Beijing University of Posts and Telecommunication,Honorable Mention,
2218373,Shiyu Zhang,Lihong Chen,Beichen Zheng,East China Normal University,Successful Participant,
2218374,Jun Liu,Guanhua Chen,Yujie Zhu,China Three Gorges University,Successful Participant,
2218375,Yuzhen Yang,Xuyan Cai,Zhaochen Wu,Fudan University,Successful Participant,
2218376,LingZhi Tian,JunJi Ren,ShiLai Xian,Southern University of Science and Technology,Successful Participant,
2218377,Haoxuan Cheng,Zhiyu Chen,Yingqiao Shen,South China Normal University,Honorable Mention,
2218378,Zuer Sun,Jingyao Han,Zehao Zhao,Ocean University of China,Successful Participant,
2218379,Junyi Xiang,Zhenglin Wu,Yanjyun Zhang,Sichuan University,Successful Participant,
2218380,Yudan Lou,Yifan Yao,Tianjiao Gao,Hunan University of Technology and Business,Honorable Mention,
2218381,Hailong Wen,Yingxuan Long,Yiyun Hu,Tianjin University,Successful Participant,
2218382,Fanrui Di,Yifeng Zhu,Xiao Yang,Xidian University,Successful Participant,
2218383,Duan Zhaonan,Chen Yiyao,Yang Xinshi,XIDIAN UNIVERSITY,Successful Participant,
2218384,Jiawei Zhang,JiaMing Sun,XianHao Yan Chen,East China University of Science and Technology,Successful Participant,
2218385,Hanyue Lu,Tingwei Zhou,Quanjian Song,Zhejiang University of Technology,Successful Participant,
2218386,Xuecheng Shi,Rongsheng Zhi,Zihui Lyu,Anhui University,Honorable Mention,
2218388,FU Chenx1,BAI Renjie,BIAN Yumeng,Jilin University,Successful Participant,
2218389,Haoran Yang,Youqing Fang,Xingkai Peng,Anhui University,Successful Participant,
2218390,Sudarshan Damdharan,Kevin Buhler,Ian von Pechmann,University of Colorado Boulder,Successful Participant,
2218391,Yitian Xu,Annie Kong,Alice Chen,New York University,Successful Participant,
2218392,Heming Huang,Juntao Chu,Yiheng Roger Jiang,New York University,Honorable Mention,
2218393,Ethan Tianyuan Lee,Oscar Wan,Hanxi Wang,New York University,Successful Participant,
2218394,Joy Jiang,Becky Bian,Hongy1 Zheng,New York University,Meritorious Winner,
2218395,Chenzhao Robin Wang,Yini Jenny Zhang,Xiaocheng Yang,New York University,Successful Participant,
2218396,Junyan Feng,Zhinuo Wang,Hangkai Qian,New York University,Successful Participant,
2218398,Jiayi Zhao,Wendy Fan,Allison Ji,New York University,Successful Participant,
2218399,Hao Huang,Mengzhe Yan,Yichen Qian,New York University,Honorable Mention,
2218400,Zimu Zhou,Enyu Zhang,Pinzheng Wang,New York University,Successful Participant,
2218401,Alpha He,Kevin Ng,Jiarui yao,New York University,Successful Participant,
2218402,Yifei Zhu,Yunan Liu,Z1x1 Chen,New York University,Honorable Mention,
2218403,Kevin Zhou,Shao Jin,Derek Bian,New York University,Successful Participant,
2218405,Oishika Chaudury,Amy Dai,Andy Polizzotto,New York University,Successful Participant,
2218406,Zhanqiu Guo,Phoebus Xu,Han Wang,New York University,Honorable Mention,
2218407,Advaith Reddy,Darren Yen,Albert Chen,New York University,Unsuccessful - I,
2218408,Xianyang Hu,Xingjian Yan,Jianliang Ye,New York University,Successful Participant,
2218409,Yunhao Chen,Chengyang Song,Jiawei Zhang,New York University,Successful Participant,
2218410,Kexin Zhang,Yashi (Andrew) Zhang, ,New York University,Successful Participant,
2218412,Chuanyang Jin,Xuanyan Chen,Jingy1i Xie,New York University,MAA Award,
2218413,Tracy Zhu,Maggie Wang,Payton Guo,New York University,Successful Participant,
2218415,Yuchen Hou,Kexin Fan,Junwen Fang,New York University,MAA Award,
2218416,Linkai Ma,Dianjing Fan,Chenye Yuan,New York University,Honorable Mention,
2218417,Wenbo Bao,Nanye Ma,Yuqian Zhang,New York University,Successful Participant,
2218418,Zongyjian Li,Songweli Li,Taoming Liu,New York University,Successful Participant,
2218419,Noah Andrews,Jaron Wenger,Matthew Fisher,Messiah University,Successful Participant,
2218420,Xinyue Mei,Zikun Huang,Huihui Shi,Xuzhou University Of Technology,Honorable Mention,
2218421,Yongyi Xuan,Haiping Yang,Peize Li,Harbin University of Commerce,Successful Participant,
2218424,Jinyu Xue,Xin Liu,Zhechuan Zhou,Harbin University of Commerce,Successful Participant,
2218425,Jack Ruder,Ivan Tarasenkov,Zach Werner,University of Puget Sound,Successful Participant,
2218426,Shijie Zhu,Bowen Zhang,Yuxuan lang,Harbin University of Commerce,Successful Participant,
2218427,Xinxin Zhang,Xudong Zhang,Yuqian Liu,Harbin University of Commerce,Honorable Mention,
2218428,Junteng Dong,Hutyuan Niu,Jianping Wu,Harbin University of Commerce,Successful Participant,
2218429,XAueyan Duan,Zufeng Yin,Sai Zhang,Harbin University of Commerce,Successful Participant,
2218430,Jinpeng Han,Yanling Che,Lining Cheng,Southwest University,Honorable Mention,
2218431,Keheng Gu,Yuchen Ke,Yuqing Jiang,Nanjing Normal University Taizhou College,Successful Participant,
2218432,Ruge Zhang,Zhu Yichao,Chen Chen,Tongji University,Honorable Mention,
2218433,Xiaoyang Liu,JingYao Guo,MengDie Xiang,Quzhou University,Successful Participant,
2218434,Zhengbo Fan,Shiyuan Meng,Ziming Wang,XIDIAN UNIVERSITY,Successful Participant,
2218435,Yilin Fang,Sichen Zuo,Linwei Li,Southwest University,Successful Participant,
2218436,Hao Xing,Yingheng Zhan,Ziyue Wang,Tongji University,Successful Participant,
2218437,Ruochen Qiao,Beibei Guo,Yakang Huang,Southwest University,Successful Participant,
2218438,Yizhao Li,Xuze Liu,Can Liu,Southwest University,Successful Participant,
2218439,Zeyang Han,Nuo'’ang Feng,X1iaobo Meng,Northwestern Polytechnical University,Successful Participant,
2218440,Siyu Xu,Ying Tang,Zengyu Sul,Southwest University,Successful Participant,
2218441,LIANG Yutong,HU Yue,REN Qingyu,Jilin University,Successful Participant,
2218442,jingcheng Deng,yuanchen Ju,sicong Liu,Southwest University,Honorable Mention,
2218443,Xiaoyongshu Xin,Jiesen Zhao,Bohan Ma,Southwest University,Successful Participant,
2218444,Xinyu Wu,Zean Chen,Yu Zhou,Shanghai Jiao Tong University,Finalist,
2218445,Jingze Lv,Runyu Yu,Wenxin An,Southwest University,Successful Participant,
2218446,Yangyang Hu,Zhizhou He,Hao Wen,XIDIAN UNIVERSITY,Honorable Mention,
2218448,Shaoxiong Zhan,Yunying Wang,Yulin Wang,Huazhong Agricultural University,Successful Participant,
2218449,Wu Huthui,Lei Jinpeng,Miao Xiner,Huzhou Univercity,Successful Participant,
2218450,Bo Chen,Mei Wu,Tingting Yang,Southwest University,Successful Participant,
2218451,Zikang Wang,Jiabao Zeng,Huang Xiying,Hunan University,Honorable Mention,
2218452,Xiuping Li,Huayue Liu,Hao Liu,XIDIAN UNIVERSITY,Honorable Mention,
2218453,Ruoyan Liao,Shiruo Hu,Xianghong Ma,Southwest University,Successful Participant,
2218454,Kai Chen,Shihang Jing,Wenfei Guan,Xidian University,Successful Participant,
2218456,Bingyan Xu,Linlin Xu, ,Shandong University of Finance and Economics,Successful Participant,
2218457,Lin X1,Ruoxuan Ni,Bowen Zhen,Southwest University,Successful Participant,
2218458,Yuwei Huang,Yihan Tian,Junjie Sheng,Central South University,Successful Participant,
2218459,Xizhao Liu,Cheng Peng,Wei Wang,Huazhong University of Science and Technology,Successful Participant,
2218460,Jiayi Wei,Qing Jin,Jing Zou,Renmin University of China,Meritorious Winner,
2218462,Yi Wang,Xiaolong Li,Xuan Sun,Southwest University,Honorable Mention,
2218463,Jiaojiao Jin,Dongxu Wei,Dailin Ding,Ocean University of China,Successful Participant,
2218464,Jiayi Xu,Qiuyu Hu,Yifan Wang,China University of Geosciences,Successful Participant,
2218465,Kai Tang,PengCheng Wan,Y1Qi Yang,Southwest University of Science and Technology,Honorable Mention,
2218466,Zexia Lin,Yuang Qin,Ziang Chen,Hainan University,Successful Participant,
2218468,Chang Liu,Ting Li,Lei Zhang,Liaoning Technical University,Meritorious Winner,
2218469,Xinyue Li,Wenli Chen,Jie Deng,Southwest University,Successful Participant,
2218470,Fandong Kong,Xiaokai Bai,Yunchao Zhang,Zhejiang University,Honorable Mention,
2218471,Ziteng Mo,Xiny1 Lu,Yimeng Xu,Sun Yat-Sen University,Successful Participant,
2218472,Mengyi1 Xu,Bofang Jia,Zhen Dai,Southwest University,Successful Participant,
2218473,Qirui Jiao,Ziming Wei,Yongbin He,Sun Yat-Sen University,Successful Participant,
2218474,Ye Bin,Cai Mianqi,Liu Hanyu,XIDIAN UNIVERSITY,Honorable Mention,
2218475,Chaojun Wu,Caoyuan Lu,Haoyu Zhu,Southwest University,Successful Participant,
2218476,Xue Yifei,Wang Tianyu,Zhu Diyu,Shanghai University of Engineering Science,Successful Participant,
2218477,Shuangyi Xie,Zekai Hong,Man Zhang,SUN YAT-SEN UNIVERSITY,Successful Participant,
2218478,Xinyu Liu,Xiaojie Yang,Ruohan Li,Southwest University,Successful Participant,
2218479,Yizheng Shi,Jianguo Yang,Chaoquan Yuan,Shanghai University of Engineering Science,Successful Participant,
2218480,Xiao Yangqing,Xu Zhengyu,Li Yanping,XIDIAN UNIVERSITY,Successful Participant,
2218481,Chunyan Yang,Xinyu Zhang,Mengmeng Yang,Southwest University,Honorable Mention,
2218482,Yuxin Li,Xinyu Meng,Baoyan Jin,Southwest University,Meritorious Winner,
2218483,Haitong He,Jingxuan Li,Yixuan Zhang,China Agricultural University,Successful Participant,
2218484,Zhang Jiameng,Zhang Jiahao,Hu Haiyang,Beijing Normal University,Honorable Mention,
2218486,Jiame1 Wang,Minxi Ouyang,Chen Wang,Hefei University of Technology,Honorable Mention,
2218487,Zhang Haotian,Dai Wenhao,Jia Xuxiang,Central University of Finance and Economics,Successful Participant,
2218488,Shuyu Guo,Zhihao Chen,Jingmin Ji,Southwest University,Successful Participant,
2218489,Xiaoli Wang,Simeng Qu,Xiangyjing Li,Renmin University of China,Honorable Mention,
2218490,Zhenru Liu,Yingying Wei,Xuecheng Tan,Hefei University of Technology,Successful Participant,
2218491,Dahai Cal,Fangzhou Xu,Jiankun Lv,Southwest University,Successful Participant,
2218492,Ruolan Wen,Mingwei Wu,Zichen Wang,Southwest University,Successful Participant,
2218493,Zihan Meng,Xinghui Li,Minzhe Chen,XIDIAN UNIVERSITY,Successful Participant,
2218494,Jiaqing Jiang,Dangui Huang,Hao Zhang,Xidian University,Honorable Mention,
2218495,Yi Wang,Ning Pang,Minghui Shi,Southwest University,Successful Participant,
2218496,Zihan Wang,Meng Yuan,Haitong Xing,Tsinghua University,Successful Participant,
2218497,Zeyu Liu,Qigian Chen,Chumeng Jiang,Tsinghua University,Honorable Mention,
2218498,Yibin He,Rui Yang,Haoren Xue,Tsinghua University,Successful Participant,
2218499,Tianyi Zhang,Jie Huang,Qingyu Xia,Southwest University,Successful Participant,
