2223501,Yikai Wang,Yancheng Jiang,Zhouxiang Zhao,Zhejiang University,Successful Participant,
2223502,Junzuo Liu,Jiaqi Li,Haojun Zhao,Dalian University of Technology,Successful Participant,
2223503,XinYu Liang,Panfeng Wel,Ying Wang,Southwest University of Science and Technology,Successful Participant,
2223504,Peryan Lin,Jiayi Xiong,Shichao Liu,Dalian University of Technology,Successful Participant,
2223505,Li Wang,Xinyue Wang,Hongtao Jiang,Tiangong University,Successful Participant,
2223506,Zhan Bowel,Li Weizhe,Liu Jingpu,Central University of Finance and Economics,Successful Participant,
2223507,Wenxing Zhang,Junjie Wang,Houqiang Jiang,Shanghai maritime university,Successful Participant,
2223508,Zijun He,Xuyang Cheng,Qinglong Li,Sichuan University,Successful Participant,
2223509,Fu Kang,Zhang Zihe,Wang Yangyang,Tiangong University,Successful Participant,
2223510,Yuxuan Han,Yinwen Ma,Zhengwei Li,Inner Mongolia Normal University,Successful Participant,
2223511,Chenyao Li,Lin Xiang,Siqi Zhang,Shanghai maritime university,Successful Participant,
2223512,Zhang Ping,Zhong Linzhou,Chu Qi,Nanjing tech university,Successful Participant,
2223513,Zechen Zhang,Xiong Xiong,Mingqi zhang,Shenyang University of Technology,Successful Participant,
2223514,Qinhe Liu,Manai Jia,Weijia Cheng,Inner Mongolia University,Successful Participant,
2223515,Fangjie Fan,Zhipeng Cheng,Yumeng Wang,Anhui University of Science and Technology,Disqualified - P,
2223516,Zhenhao Ma,Puy1 Wu,Zhen Chai,Shenyang University Of Technology,Successful Participant,
2223517,Zhixin Zhu,Jiayi Cao,Han Wu,soochow university,Successful Participant,
2223518,Jiyun Chen,Yuhao Cao,X1ao Chen,Beihang University,Successful Participant,
2223520,Linqi Meng,Yingzhe Sun,Qinghua Zhang,Dalian University of Technology,Successful Participant,
2223521,Zhouyue Lu,Qingqin Dai,Yicheng Huang,Beijing Normal University,Honorable Mention,
2223522,Zheng Shi,Li Boran,Wang Silin,Changchun University of Technology,Honorable Mention,
2223523,Yaocheng Shang,Haozhe Wang,Ming Yin,Yanbian University,Successful Participant,
2223524,Zuo Jiaqi,Liu Kaiwen,Mao Shuxian,Tiangong University,Successful Participant,
2223525,Li Lei,Huang Junting,An Qi,Dalian University,Successful Participant,
2223526,Yi Zhang,X1 Gong,Hao Luo,Tiangong University,Meritorious Winner,
2223527,Wei Liu,Zhuoran Han,Peng Wan,Anhui University,Successful Participant,
2223528,Huang chonggui,Qing ao,Fang xiang,Dalian University,Successful Participant,
2223529,Ying Zhang,Meng Huang,Xiucheng Dai,Northwestern Polytechnical University,Successful Participant,
2223530,Xiuguo Zou,Zhiying Lan,Ning Luo,University of Science and Technology Liaoning,Successful Participant,
2223531,Cheng jieru,Wan ming,Deng zhigang,Dalian University,Successful Participant,
2223532,Jiahui Du,Yaolei Li,Xialin Du,Tiangong University,Successful Participant,
2223533,Wang yuhang,Yu lianzheng,Yu wenhong,Dalian University,Honorable Mention,
2223534,Wang ziheng,Ma shuang,Lv sicheng,Dalian University,Successful Participant,
2223535,Lin Gao,Yumin Huang,Yu Zhang,Tiangong University,Successful Participant,
2223537,Jiarui Wang,Zihao Lu,Jingyao Chen,Soochow University,Successful Participant,
2223538,Qing Zhao,Zhenyu Zhang, ,Sun Yat-Sen University,Honorable Mention,
2223539,Gong xiaotong,Lin yuxin,Li chengzhi,Dalian University,Successful Participant,
2223540,Luo petying,Niu haoran,Cao hao,Dalian University,Successful Participant,
2223541,Wang Dongyu,Wang Baomin,Zhang Jinwei,Beijing University of Posts and Telecommunication,Disqualified - P,
2223542,Yongqi Peng,Jianxin Si,Shengkun Fang,Lanzhou University,Honorable Mention,
2223543,Qirun Li,Chuqi Liu,Ziteng Geng,Beiing Technology and Business University,Honorable Mention,
2223544,Chuanshuang Jin,Runsong Pan,Xiang Peng,Jiangsu University Of Science And Technology,Honorable Mention,
2223545,Chang kangning,Gou min,Song xiaoyu,Dalian University,Successful Participant,
2223546,Chen youlin, , ,Dalian University,Honorable Mention,
2223547,Zou yabin,Yang jiayin,Li peize,Dalian University,Successful Participant,
2223548,Liu yang,Xu mingyang,Yang jing,Dalian University,Successful Participant,
2223549,Lv Xiaona,Zhang X1ao,LiDaidai,Changchun University of Technology,Honorable Mention,
2223550,WEN JIAHUI,WANG YANING,HUA ZHONGHAO,North China University of Science and Technology,Successful Participant,
2223551,Wang yongkang,Xie wel,Zhu hengbin,Dalian University,Honorable Mention,
2223552,Fan qingqing,Guo qlying,Li zouyu,Dalian University,Successful Participant,
2223553,LIU YUE,CAO ANQING,YANG ZIQIAN,North China University of Science and Technology,Successful Participant,
2223554,CAO BOWEN,CHEN RUIBIN,YANG ZIYU,North China University of Science and Technology,Successful Participant,
2223555,LI ZIYUN,NIU JIAYANG,LIU QIUTONG,North China University of Science and Technology,Successful Participant,
2223556,Zhuhaixing, , ,LT imBRFAS,Successful Participant,
2223557,Yang jiaxin,Wu kaixuan,Zhao wenhut,Dalian University,Successful Participant,
2223558,Zhou daidi,Xu shishi,Cheng jiawel,Dalian University,Successful Participant,
2223559,Binyang Jian,Chenqi Fang,Jiahao Wu,Sun Yat-Sen University,Meritorious Winner,
2223560,Wenbin Wen,Changjia Qiu,Jiapeng Qin,Jiangxi Normal University,Successful Participant,
2223561,Xueying Chen,Shutong Duan,Ruoyu Zhou,Beijing Forestry University,Successful Participant,
2223562,Zhanjiang Wang,Quanjie Xu,Jiahua Pei,Nantong University,Successful Participant,
2223563,Yu Wang,Renjie Xiong,Zitian Xia,Sun Yat-Sen University,Successful Participant,
2223564,Shiging Wang,Xinnan Wang,Yuqi Feng,Donghua University,Meritorious Winner,
2223565,Linpan Xu,Yuanyang Xie,Gaoxiang Liu,XIDIAN UNIVERSITY,Successful Participant,
2223566,Liu quanzhen,Feng shiya,Zhao jiming,Dalian University,Successful Participant,
2223567,Yilai Liu,Xin Hu,Chengchang Wu,Wuhan University of Science and Technology,Successful Participant,
2223568,Linhong Qiu,Lingao Ren,Ying Zheng,Zhengzhou University,Successful Participant,
2223569,Zhou hengfei,Wang ting,Pei yijiao,Dalian University,Successful Participant,
2223570,Shihang Li,Haocheng Yuan,Zexing Zhi,Lanzhou University,Honorable Mention,
2223571,XinRu Meng,Jiahao Xu,Xinyi Xie,Southwest Petroleum University,Successful Participant,
2223572,Bian xinru,Luo xianbai,Chen yuetong,Dalian University,Successful Participant,
2223573,JianShan Huang,Huang huiming,Liu cunzhang,Dalian University,Successful Participant,
2223574,Liming Wang,Jun Li,Tiany1 Peng,Nanjing Forestry University,Successful Participant,
2223575,Xi Ziteng,Tian Zezhao,Wang Xianan,Beijing Forestry University,Successful Participant,
2223576,Li jiaxin,Hong yanxiao,Liu jiaxin,Dalian University,Successful Participant,
2223577,Yang Yixin,Wu Yifei,Ma Shinuo,East China Normal University,Successful Participant,
2223578,LUO YUQING,SONG ZIWEI,HAN YINGYING,HENAN UNIVERSITY,Successful Participant,
2223579,Ma haobo,Wu heng,Zheng jiali,Dalian University,Successful Participant,
2223580,Zule1 Wu,Zeguang Du,Quanduo Yu,Huazhong University of Science and Technology,Honorable Mention,
2223581,jiahui li, , ,Central China Normal University,Successful Participant,
2223582,Yijie Fan,Yixin Niu,Junhan Zhang,Tianjin University of Finance and Economics,Honorable Mention,
2223583,Jiankang Li,Zihao Wang,Yaning Liu,Qingdao university of technology,Honorable Mention,
2223584,Song D1,lin dian,Yuhao Chen,Central University of Finance and Economics,Successful Participant,
2223585,Li Shanshan,Chen Keyi,Wang Min,Beiing Technology and Business University,Successful Participant,
2223586,Qifei Zhang,Hong Xie,Yunzi Li,Beiing Technology and Business University,Honorable Mention,
2223587,Jichen Zheng,Molin Tan,Yifan Sun,Beihang University,Successful Participant,
2223588,Ke Xu,Lutong Xu,Hongyu Dong,Wuhan university,Successful Participant,
2223589,Haoyue Zhang,Qiyuan Wang,Yuanxin Shang,National University of Defense Technology,Disqualified - P,
2223590,Xinyu Zhang,Xiaofen Wang,Yixuan Hu,Central University of Finance and Economics,Successful Participant,
2223591,Weibo Liu,Jiaxin Liu,Xiran Cheng,Beijing University Of Technology,Honorable Mention,
2223592,Tianxing Zhao,Yuwei Chen,Bingcheng Zhang,Beijing Institute of Technology,Successful Participant,
2223593,Yuegian Chen,Jingchao Li,Yiying Guo,University of International Business and Economics,Honorable Mention,
2223594,Xuwei Li,Kanang Lou,Ziqiang Mu,Beiing Technology and Business University,Successful Participant,
2223595,Xianglong Li,Guang Cao,Zewen Yang,TECHNOLOGY,Successful Participant,
2223596,Jinyi Du,Haotian Wang,Qiya Cul,Central University of Finance and Economics,Successful Participant,
2223597,Tao Jiang,Jialu Shi,Shuzhong Lai,Lanzhou University,Honorable Mention,
2223598,Kaixuan Zhang,Yi Jiang,Gonglin Li,Huazhong University of Science and Technology,Successful Participant,
2223599,Qiu Yufang,He Yuru1,Jiang Hua,Nanchang University,Meritorious Winner,
2223600,Chen Xuanlin, , ,University of Shanghai for Science and Technology,Successful Participant,
2223601,Baofu Li,Xiaosong Liu,Yani Mi,XIDIAN UNIVERSITY,Honorable Mention,
2223602,Wenkuo Dong,Hanyi Zhou,Mengfe1 Li,Beijing University of Posts and Telecommunication,Honorable Mention,
2223603,Yang Cao,Lei Liu,Yuxin Ding,Xidian University,Honorable Mention,
2223604,Yiting Niu,Hongya Liu,Zihan Wang,Xi'an Jiaotong-liverpool University,Honorable Mention,
2223605,Heyu Yang,Huiting Wang, ,Shanghai Urban Construction Vocational College,Successful Participant,
2223606,Yuhong Han,Hangin Wu,Yinglu Yang,Chongqing University of Arts and Sciences,Successful Participant,
2223607,Liu Chaoqun,Liu Yutong,Yang Zhenhao,Nanchang University,Successful Participant,
2223608,Zhining Cao,Minye Xu,Shiing Qian,Nanjing Tech University,Successful Participant,
2223609,Tianci Zhu,Xilin Yan,Junyi Lei,Wuhan University,Successful Participant,
2223610,Haoyue yang,Tiany1 Wu,Xinfang Xu,XIDIAN UNIVERSITY,Successful Participant,
2223611,Huang Jingbo,Zeng Shiyi,Zhang Guohao,Nanchang University,Successful Participant,
2223612,Jiabin Wang,Shuy1 Liu,He Zhu,Shenyang Aerospace University,Successful Participant,
2223613,Tianqu Zhuang,Mengfei Li,Taolin Zhang,Sun Yat-Sen University,Honorable Mention,
2223614,Rafael Luo,Yiyuan Xu,Wenyue Zhu,Shanghai International Studies University,Successful Participant,
2223615,LIU JIAYI,HU JIAYIN,WANG LIANG,North China University of Science and Technology,Successful Participant,
2223616,Zhang Ce,Tian Feng,Chen Renqi,Southern University of Science and Technology,Meritorious Winner,
2223617,Yu Jiong,Cheng Guo,Lu Jingshan,Nanchang University,Successful Participant,
2223618,ZHOU GUANGYUE,WANG ZIRONG,SUN YIDAN,North China University of Science and Technology,Successful Participant,
2223619,Mao Wenxuan,Hua Zhongyjie,Huang Xuanrui,Beijing Technology and Business University,Successful Participant,
2223620,SHIHAOLIN,YINZERAN,XUEXIAOWEI,North China University of Science and Technology,Honorable Mention,
2223621,LI TIANTIAN,WANG YUJUE,WANG JINGYU,North China University of Science and Technology,Successful Participant,
2223622,Xinyang Chen,Zexin Zhang,Haitong Tang,Jiangsu University Of Science And Technology,Honorable Mention,
2223623,Xinyang WANG,Zhijun HUANG,Zigi LIAO,The Chinese University of Hong Kong  Shenzhen,Meritorious Winner,
2223624,Wenlong Guo,Shuo Wang, ,Shandong Jiaotong University,Successful Participant,
2223625,Chenghui Zhai,Xiang Li,Jiawei Ji,Soochow University,Successful Participant,
2223626,Wei Zihan,Liu Rui,Xing Yuting,Nanjing Tech University,Successful Participant,
2223627,Bailong Chen,Yi Zhou,Jiacheng Tu,NANJING TECH UNIVERSITY,Successful Participant,
2223628,Su yanyu,Yu zejing,Chen yingying,Beiing Technology and Business University,Successful Participant,
2223629,Danyang Liu,Qiang Zhang,Yaobo Zhuang,Shenyang Aerospace University,Successful Participant,
2223630,Chen Jianli,Dai Xudong,Gu Jiayi,South China Normal University,Successful Participant,
2223631,Zhang zhicheng,Tang ying,Yang sujie,Nanjing tech university,Successful Participant,
2223632,LIU XUDONG,XIE BINGBING,YAO YIFENG,North China University of Science and Technology,Honorable Mention,
2223633,Youwen Jian,Xiny1 Zhang,Hanxi Jiang,Xiamen University,Successful Participant,
2223634,Wenxin Xie,Siyuan Yin,Yuhan Liu,University of International Business and Economics,Finalist,
2223635,ZHANG XIAOPENG,LI SHUANGOQI,ZHAO HONGXIANG,North China University of Science and Technology,Successful Participant,
2223636,Yang Zheng Xiang,Zeng Lin,Xiao ZhiXing,Guangdong University of Technology,Successful Participant,
2223637,Hu Ziang,Liu Mingxin,Shen Zesen,Hebei Finance university,Disqualified - P,
2223638,Jiang zhichao,Li kun,Ye wenkai,Nanjing tech university,Successful Participant,
2223639,Hongfei Sha,Yuxin Cao, ,Nanjing Tech University,Honorable Mention,
2223640,Yuxuan Miao,Ming Cheng,Huanting Zhu,NANJING TECH UNIVERSITY,Successful Participant,
2223641,YUAN JIAHUI,ZHOU XIN,LUO JINGSHAN,North China University of Science and Technology,Honorable Mention,
2223642,jian luo,Z1Q1 Wang,XunYing Chen,Nanchang University,Successful Participant,
2223643,Xiao yuhang,Gao tingchao,Huang jiaye,Nanjing tech university,Honorable Mention,
2223644,WANG HONGKAIT,XING LIFAN,SUN YAOWEI,North China University of Science and Technology,Successful Participant,
2223645,CHEN TAILONG,YIN ZHIQIANG,LV XIRUI,North China University of Science and Technology,Meritorious Winner,
2223647,Rui Zhao,Jiaxin Liu, ,Beijing Technology and Business University,Successful Participant,
2223648,Katyu Shen,Ziming Sun,Yutong Liu,Southwestern University of Finance and Economics,Meritorious Winner,
2223649,REN HANTENG,LI YUANXU,ZHANG ZIXIAN,North China University of Science and Technology,Successful Participant,
2223650,Li Chujyun,Yang Ruizhi,Duan Jiaming,Beijing University of Posts and Telecommunication,Successful Participant,
2223651,jingliang qiu,Lin Wejun,Hao Chenglin,Lanzhou University,Honorable Mention,
2223652,YUAN ZIFEI,ZHANG ZHE,CHEN SONGLIN,North China University of Science and Technology,Successful Participant,
2223653,ZHANG ZHIYE,YANG LEJIA,CHEN KAICHUN,North China University of Science and Technology,Honorable Mention,
2223654,Shuai Zhu,Jun Li,Tianchen Jiang,Nanjing Tech University,Successful Participant,
2223655,Kaixuan Tang,Tianci Fan,Shaoen Pan,Shandong University of Traditional Chinese Medicir,Disqualified - P,
2223656,Zihan Wan,Yiyang Shen,Xiaoyu Tang,Nanjing Tech University,Successful Participant,
2223657,Yuanyuan Wang,Yijia Yuan,Yuhang Zhang,Beijing Technology and Business University,Successful Participant,
2223658,Lingyun Cao,Haidong Wang,Tingxuan Wang,Shanghai maritime university,Successful Participant,
2223659,Shiqi Man,Yang Gao,Shuyu Tang,Beihang University,Successful Participant,
2223660,Yiqi Zhu,Xiny1 Wang,Bo Huo,Shanghai Jiao Tong University,Successful Participant,
2223661,Zixuan Chen,Zhiy1 Gao,Yize Wu,China University of Geosciences  Wuhan,Successful Participant,
2223662,Haokun Qi,Yinuo Wang,Mingrui Zhai,Shandong University of Science and Technology,Successful Participant,
2223663,Zeming Ma,Tianle Li,Haosong Huang,Huazhong University of Science and Technology,Successful Participant,
2223664,Yiyang Peng,Qinghong Yang,Manhang Li,Jniversity of Electronic Science and Technology of Cl,Honorable Mention,
2223665,Yuan Ding,Ke Wu,Xinyue Kai,Central University of Finance and Economics,Meritorious Winner,
2223666,Feng Haoyuan,Cui Haoran,Wu Yulun,Beiing Technology and Business University,Successful Participant,
2223667,Pei wentao,Zhang mingy1,Li mulin,NANJING TECH UNIVERSITY,Successful Participant,
2223668,Shida Wei,Yongqi Le,Xiangyu Zhang,Wuhan university,Successful Participant,
2223669,Yang Zhang,Yuxin You,Yuhai Mao,Jiangxi Agricultural University,Successful Participant,
2223670,Cai Xiaoquan,Qiu Xinyu,Li Jinzhang,Guangdong University of Technology,Successful Participant,
2223671,Fan Yang,RuoWei Liu,ChenHanJunHe,Hunan University,Successful Participant,
2223672,Haoran Li,Shuoran Li,Yanzheng Chen,Northeast Electric Power University,Successful Participant,
2223673,Gongrui Meng,xianbo zhang,hua deng,Nanjing tech university,Successful Participant,
2223674,Zehao Xia,Linxin Guan,tangzhouxuan,Huazhong University Of Science And Technology,Successful Participant,
2223675,Liu Jidong,Tan Yajing,Wei Fenglin,Southern University of Science and Technology,Successful Participant,
2223676,Yu Yunhao,Zhang Xuan,Wang Zhiyu,Nanjing TECH University,Honorable Mention,
2223677,He Yang,Yuming Liu,Luo Xinlei,Shanghai University of Finance and Economics,Successful Participant,
2223678,Y1x1Chen,Yifan Hu,Yashu Zhu,Guangdong University of Foreign Studies,Successful Participant,
2223679,Wen Yang,YiWen Zhu,WenTao Zhu,Sichuan University,Meritorious Winner,
2223680,Zheng Gao,GanJiang,Min Hu,Wuhan University of Science and Technology,Honorable Mention,
2223682,Zhixiong Dong,Yiwei Feng,Xiao Gu,Soochow University,Successful Participant,
2223683,Yongtao Long,Han Luo,Liqi Lei,Huazhong University of Science and Technology,Honorable Mention,
2223684,Haoyang Pang,QiuLei Xu,Chenhao Sun,Dalian University of Technology (Panjin campus),Successful Participant,
2223685,YUXUAN CHEN,JING LIU,RUI CHU,Shanghai maritime university,Successful Participant,
2223686,Shuainan Li,Liang Zhao,Cailing Wei,Harbin Medical University (Daqing),Successful Participant,
2223687,Xuyang Chen,Yonglong Ye,Guangming Wang,Guangdong Polytechnic Normal University,Successful Participant,
2223688,XiangCheng Liu,Chen Chen,Jiabin Bi,Hefei University of Technology,Finalist,
2223689,He Hu,Haonan Yu,Xingyu Liu,Guilin university of technology,Honorable Mention,
2223690,Chaoyue Yang,Wenjiang Nan,Yuxuan Yang,Northwestern Polytechnical University,Honorable Mention,
2223691,Xiangyu Yuan,Zhuoya Zhao,Linjun Jiang,Ocean University of China,Successful Participant,
2223692,HANYU ZHANG,HUIYING YANG,LEI WANG,Shanghai maritime university,Successful Participant,
2223693,Zhao Bojie,Li Jiashuo,Yan Zexu,Nanjing Tech University,Honorable Mention,
2223695,Jianfei Chen,Xinkai Cao,Jiaqi Deng,Wuhan University,Successful Participant,
2223696,Yujie Wang,Zedong Shen,Chenyang Liu,Shanghai maritime university,Successful Participant,
2223697,Sicheng Zhang,Yakun Zeng,Tao Jiang,Jiangsu Ocean University,Successful Participant,
2223698,Jiayi Sun,Xinrul Liu,Jingrong Ruan,Shanghai maritime university,Successful Participant,
2223699,Hui Huang,Ping Zhang,Qian Lan,Jiujiang University,Successful Participant,
2223700,Zhang Yicheng,Zhang Qingqing,Hu Xiaochuan,Shanghai maritime university,Successful Participant,
2223701,Yijia Zhan,Zijian Zhou,Aibai Ma,Donghua University,Successful Participant,
2223702,Tianrui Che,Jingjing Li,Yuge Wang,Ocean University of China,Honorable Mention,
2223703,Bingbing Xia,Xiaofeng Liang,Zirou Huang,HuNan Agriculture,Successful Participant,
2223704,lei lang,yuxin zhang,zhihua tong,Sichuan University of Science & Engineering,Successful Participant,
2223705,zhangyiwan,yangchen,zhanglei,Nanjing Tech University,Successful Participant,
2223706,Yang Kaiqing,Zhang Ruiqi,Shi Kexin,Beijing Normal University,Successful Participant,
2223707,Zex1 Cul,Yuan Jiang,Xueliang Wu,Shanghai University,Successful Participant,
2223708,Yanqi Wang,Hairong Yang,Xiaorui Zhang,University of International Business and Economics,Honorable Mention,
2223709,Yifan Yang,Yuxuan Zhang,Yandong Zhu,Sichuan University,Honorable Mention,
2223710,Longxi Liu,Guanqiao Chen, ,Sichuan University,Successful Participant,
2223711,Zhang Hanjin,Li Yiren,Ke Zhisheng,Nanchang University,Successful Participant,
2223712,Xiance Zhang,Shenghao Qu,Xingyu Mou,Technology,Successful Participant,
2223713,Huixun Zeng,Siy1 Huang,Pengyu Chen,Nanjing Tech University,Successful Participant,
2223714,Zhangshuai,Liuxu,Zhao Haoqi,Taiyuan University of Technology,Successful Participant,
2223715,ZHANG QIYUE,SUN DI,CHEN AOLEI,University of Macau,Successful Participant,
2223716,Yongle Bai,Yinya Wang,Yifan Zhang,Beijing Normal University,Successful Participant,
2223717,Heng Zhang,Haojun Bai,Zirou Guo,Nanjing tech university,Honorable Mention,
2223718,Li Shijiao,Mu Jiaqi,Zhou Yinx1,Beiing Technology and Business University,Successful Participant,
2223719,Leyao Fang,Binxu Liu,Chenxi Yin,Soochow University,Successful Participant,
2223720,Yinan Zheng,Chenhao Guo,Yiwen Xiang,China University of Geosciences  Wuhan,Successful Participant,
2223721,Yunhao HU,Wenyue LIU,Juming LI,Chang'an university,Successful Participant,
2223722,Sheng Liu,Tao Zhong,Xiaoliang Yang,Jiangxi Normal University,Successful Participant,
2223723,Jincheng An,Wenxuan Zhao,Ningxin Hou,Northwestern Polytechnical University,Meritorious Winner,
2223724,Lei Jiaxin,Huang Shiyu,Duan Yiy1,Nanchang University,Successful Participant,
2223726,Bingian Fu,Shuhan Ni,Haoqi Cai,Taizhou University,Disqualified - P,
2223727,LU PENGXU,QU WENQIAN,ZHOU YUANYI,North China University of Science and Technology,Successful Participant,
2223728,Tang long qi,Yang yu jiao,Chen hai ye,Nanjing Tech University,Finalist,
2223730,Zhang Lijie,Feng Jinglin,Li Alin,Chang'an University,Successful Participant,
2223731,Guanyi1 Chang,Haoze Qian,Changkai Zhang,Beijing University of Posts and Telecommunication,Honorable Mention,
2223732,Zhangyuan Wu,Qiongliang Wang,Jianlin Lu,yhejiang University of Water Resources and Electric P\xab,Successful Participant,
2223733,Cheng Fang,Zitan Jiang,Mutian Luan,Soochow University,Successful Participant,
2223734,Zhujiaxuan,Zhouyunxu,Zhoupeng,Nanjing Tech University,Honorable Mention,
2223735,Yeyun Zou,Li Cao,Chenyang Zhu,yhejiang University of Water Resources and Electric P\xab,Successful Participant,
2223736,Chenghao Chen,Zhong Hu,Bin Li,Hunan Institute of Science and Technology,Successful Participant,
2223737,Yuanbo Liu,Haotang Yang,Ke Yang,Hunan Institute of Science and Technology,Successful Participant,
2223738,Feife1 Cheng,Ang Liu,Lingzhi Lei,Shanghai maritime university,Disqualified - P,
2223739,Yaqi Yu,Linling Dai,Xinhe Lu,South China Normal university,Successful Participant,
2223740,CHEN CHAXU,WANG ZIAO,ZONG XU,North China University of Science and Technology,Successful Participant,
2223741,Haoyuan Qin,Jingrui Shi,Ying Wang,North China University of Science and Technology,Honorable Mention,
2223742,Xiaoxue Wang,Wendi Jiang,Jiafeng Ding,Hohai University,Successful Participant,
2223743,Yilun Wang,Yuang Cai,Di Lu,Shanghai maritime university,Successful Participant,
2223744,Xianyu Liu,Jintian Yu,Jiahao Chen,Huazhong University of Science and Technology,Successful Participant,
2223745,BAI YUTONG,LI YUANWU,LI TIANCHENG,North China University of Science and Technology,Successful Participant,
2223746,Ying Liang,Haoran Xu,Yitong Lin,South China Agricultural University,Finalist,
2223747,ZHAO YING,RONG CUNQING,JIN KE,North China University of Science and Technology,Successful Participant,
2223748,Zhiheng Jiang,Aoxuan Wu,Chenyuhao Ma,Northwestern Polytechnical University,Honorable Mention,
2223749,2??,2??,2??,Changsha University of Science & Technology,Successful Participant,
2223750,WANG SHENGSJIE,LU BINGHUI,ZHUANG XIAODIE,North China University of Science and Technology,Honorable Mention,
2223751,Haitang Cu,Yuwen Wang,Zhilong Zhang,Shandong Normal University,Honorable Mention,
2223752,GAO YONGJIE,WANG XIANGY UE,ZHANG HAITING,North China University of Science and Technology,Successful Participant,
2223753,Fengwei Wan,Qihan Ma,Jiayin Su,SUN YAT-SEN UNIVERSITY,Successful Participant,
2223754,KANG ZIHAN,LI YING,QIN YANAN,North China University of Science and Technology,Successful Participant,
2223755,XinZhi Liu,YuFeng Zhang,YingChun Yang,Hohai University,Successful Participant,
2223756,WANG ZHAOQI,CHEN ZHIYI,YUAN NI,North China University of Science and Technology,Successful Participant,
2223757,Xiny1 Wang,Yuwei Min,Xiaokai Yang,Beihang University,Successful Participant,
2223758,Huang teng,Du Yusong,Liu teng,China Agricultural University,Successful Participant,
2223759,Dong Yuan,Zhiming Wang,Jiawei Xu,Hohai University,Successful Participant,
2223760,ZHANG WENYAN,GUO ZIRU,WU XINYU,North China University of Science and Technology,Successful Participant,
2223762,Junwu Shen,Mingyan Li,Jialin Ren,Shandong University,Successful Participant,
2223763,Langing Zhao,Haohui Wu,Yao Zhao,National University of Singapore,Successful Participant,
2223764,Yi Lu,ZhengSheng Tang,YuXin Luo,Soochow University,Successful Participant,
2223765,LING PEIGEN,KANG XIAOFEI,LIU QI,North China University of Science and Technology,Honorable Mention,
2223766,ZHANG JIAYING,ZHANG ZIMENG,LU YIFAN,North China University of Science and Technology,Honorable Mention,
2223767,Liyuan Wang,Yiwei Shen,Yu Sheng,Hohai University,Finalist,
2223768,WEI ZIZHAN,WEI BINHONG,LIU JIANGWANG,North China University of Science and Technology,Successful Participant,
2223769,Xinyu Cheng,Xinran Zhao,Feng Yang,Sichuan Agricultural University,Successful Participant,
2223770,LIU BIN,ZHANG YUCHEN,ZHANG SHAOKANG,North China University of Science and Technology,Successful Participant,
2223771,ZHANG SIJIA,GAO YU,WANG ZINING,North China University of Science and Technology,Meritorious Winner,
2223772,Shu Zishan,Jiang Wentao,Li Chenlong,Minzu University of China,Finalist,
2223773,LIANG SUZEXI,XU LIANGYU,ZHANG HENGHE,North China University of Science and Technology,Successful Participant,
2223774,HAN JIHAO,YAN BINGBO,SHI ZEPENG,North China University of Science and Technology,Successful Participant,
2223775,Qianyu Deng,Pengzhe Xin,Jianghao Gu,Hohai University,Honorable Mention,
2223776,Ling Gu,Mengyue Han,Zhengyang Wang,Beiing Technology and Business University,Successful Participant,
2223777,Pengcheng Zhang,Zehong Wang,Styue Teng,XIDIAN UNIVERSITY,Meritorious Winner,
2223778,Qilong Zhao,Mingkun Xv,Honghao Wu,Beijing Technology and Business University,Successful Participant,
2223779,Bocheng Liang,Jiaze Li,Jiajie Wang,Hohai University,Disqualified - P,
2223780,Zhuo Ouyang,Min Wu,Chao Zhang,Beijing Normal University,Successful Participant,
2223781,Zichen Han,Dan Wang,Fukun Cai,Hohai University,Successful Participant,
2223782,Qian Li,Shanyuan Jie,Jiangtao Yan,Wuhan University,Successful Participant,
2223783,Yingsong Zeng,Zijian Xu,Shryuan Li,Lanzhou University,Successful Participant,
2223784,Yan Wenkai,Zhu Jiyang,Qian Youning,Nanjing tech university,Successful Participant,
2223785,Beibei Hu,Xinyi Shan,Luyao Fan,Ningbo University,Successful Participant,
2223786,Wang Keran,Li Yilin,Xu ShiYao,Beiing University of Technology,Successful Participant,
2223787,Wuguang Ni,Qi Xu,Guoliang Lv,Hohai University,Successful Participant,
2223788,Yi Xu,Haochen Li,Si1yu Qu,Hohai University,Successful Participant,
2223789,Yufei Jiang,Jiaxin Wang,Yiyi Fu,Nankai University,Successful Participant,
2223790,Yuyang Chen,Zhengheng Rui,Xu Chen,Hohai University,Successful Participant,
2223792,Lingrui Zhang,Xinyue Xie,Yu Lu,Hohai University,Successful Participant,
2223794,Hongze Guo,Xuesong Wang,Zhenchao Gao,Hebei University,Successful Participant,
2223795,Xiangxiang Wang,Siwen Tang,Chenhao Sun,North China Electric Power University(Baoding),Successful Participant,
2223796,Xianpeng Chen,Zhenyu Jiang,Haoyuan Yuan,Hohai University,Successful Participant,
2223797,Jingjia Wang,Ziying Mi,Sirul Liang,Renmin University of China,Successful Participant,
2223798,Yuan Liu,Xiaotong You,Ke Chen,Hohai University,Successful Participant,
2223799,Yiran Gao,Xingjie Qin,Ruikuan Miao,Hebei University,Honorable Mention,
2223800,Shanshan Zhang,Yizhu Meng,Long Zhang,Northwest A&F university,Successful Participant,
2223801,Guoliang Wu,Chengjun Lu,Chongjun Pu,University of International Business and Economics,Successful Participant,
2223802,Yijiao Chen,Xuyuan Zhu,Xiny1 Sun,Hohai University,Successful Participant,
2223803,Wei Wang,Wenbin Wu,Xiaoyu Ma,Hebei University,Successful Participant,
2223804,Xingyu Zhu,Dingkun Zhu,Yu Li,Hohai University,Honorable Mention,
2223805,ZiRong Zhu,Hong Yu Sun,DongChen Ma,ZheJiang University,Successful Participant,
2223806,Zhibei Chen,Tianjiao Shen,Zhengyang Li,Hebei University,Honorable Mention,
2223807,Ziqiao Zhu,Jiaxuan Zhu,Rongrong Gao,Shaanx1 Normal University,Honorable Mention,
2223808,Weixiang Chai,Yutian Liu,Changyuan Hu,Hohai University,Finalist,
2223810,Yaru Zeng,Haisen Tao,Haochen Jia,Hebei University,Honorable Mention,
2223811,Shaotong Wang,Ying Zhang,Zihan Zheng,Hebei University,Successful Participant,
2223812,Jiahui Qiu,Rongrong Liu,Shengzhi Yang,Hohai University,Meritorious Winner,
2223813,Yuran Wang,Chenx1 Jiang,Jinli Wang,Dalian University of Technology,Successful Participant,
2223814,Penghiang Zhu,Xiaofeng Fu,Hatyang Chang,Hebei University,Successful Participant,
2223815,Zihan Zhang,Xujie Shi,Tong Lu,Hebei University,Successful Participant,
2223816,RuoXi Luo, , ,Southwestern University of Finance and Economics,Disqualified - P,
2223818,Ruolin Zheng,Wenting Hong,Tingjie Chen,South China Normal University,Meritorious Winner,
2223819,Yunkai Liu,Shijie Ma,Yetao Wang,Hebei University,Successful Participant,
2223820,Ziwei Cul,Wenrui Lu,Zhiheng Xie,Nanjing University,Meritorious Winner,
2223821,Zexia Zhang,Rong Ma,Runyi Wang,Renmin University of China,Honorable Mention,
2223822,Jintao Lin,Kai Liang,Liangyie,Guangdong University of Foreign Studies,Successful Participant,
2223823,Chengcheng Xue,Zihang Wang,Tengfei Ma,Hebei University,Successful Participant,
2223824,Yife1 Wang,Lianxin Duan,Xinyan Gong,Yunnan University of Finance and Economics,Successful Participant,
2223825,Yujie Huang,Bin Peng,Wenhan L1,University of Science and Technology Beting,Successful Participant,
2223826,Jiaqi Li,Yixin Li,Min Feng,Chongqing University of Arts and Sciences,Disqualified - P,
2223827,Yifan Yang,Yanbo Liu,Mingzong Lv,SUN YAT-SEN UNIVERSITY,Successful Participant,
2223828,Mingkai Li,Ru Feng, ,Guilin University Of Electronic Technology,Disqualified - P,
2223829,Shiliang You,Chuhan Zhou,Jingxiong Yang,National University of Defense Technology,Successful Participant,
2223830,Ninghao Chen,Yao Yao,Yihang Li,Sun Yat-Sen University,Successful Participant,
2223831,Yihang Pan,Yuanwei Lai,Xinyu Luo,North minzu University,Honorable Mention,
2223832,Zhenshen Liang,Liangchao Chen,Yong Su,Hohai University,Successful Participant,
2223833,Yifei Zhang,Ke Tan,Bochen Lin,Hebei University,Successful Participant,
2223834,Hongyang Li,Tianyi Zhang,Haiteng Huang,University of Electronic Science and Technology of Cl,Successful Participant,
2223835,Zhengxian Zhang,Yile Lin,Chuanli Xu,Xiamen University,Successful Participant,
2223836,Xunbin Zuo,Zhongshuai Zhu,Huanxiong Liang,Sichuan University,Honorable Mention,
2223837,Mingjie Chen,Yuqi Xue,Petyi Zhao,Beijing University of Posts and Telecommunication,Successful Participant,
2223838,Yunxuan Zhu,Yuzheng Wu,Jiaqi Zhao,Beijing Technology and Business University,Honorable Mention,
2223839,Yiwei Lv,LiangLe,Chenzhao Zhang,Xi'an University of Posts and Telecommunications,Successful Participant,
2223840,Yao X1a0,Tiancheng Wu,Rui Cao,Beijing Institute of Technology,Meritorious Winner,
2223841,You Wu,Jiahui Sun,Ziqin Tu,Huazhong University of Science and Technology,Honorable Mention,
2223842,Yiti Wu,Fei Deng,Jiali Tan,Beijing Forestry University,Honorable Mention,
2223843,Chen Yutong,zengliping,yangtian,Southwest University of Science and Technology,Successful Participant,
2223844,Yuhong Chen,Bowen He,Kaihua Wang,Three Gorges University,Successful Participant,
2223845,Li Yao,Youjun Wang,Yu Ma,Sichuan University,Successful Participant,
2223846,Guo Chen,Chongguang Zhai,Xueyan Wang,Zhengzhou University of Aeronautics,Successful Participant,
2223847,Shujie Hu,Zitan Wang,Chang Liu,Hebei University,Successful Participant,
2223848,Xinyu Wang,Jingxuan Ma,Zipeng Wu,Hebei University,Honorable Mention,
2223849,He Ting,Xue Jinghan,Ren Yixuan,Beijing Normal University,Honorable Mention,
2223850,Xinyu Yao,Jing Huang,Jiaran An,Hebei University,Meritorious Winner,
2223851,Ding Yuxin,Cai Yudan,Zhao Tingting,Xi'an University of Finance and Economics,Honorable Mention,
2223852,Yige Yang,Kun Qian,Shuangzi Chen,Hebei University,Honorable Mention,
2223854,Yidan Liu,Yushan Li,Wentao Liang,Shanxi Normal University,Honorable Mention,
2223855,Long Xiao,Qihang Liang,Jixuan Guo,Hebei University,Successful Participant,
2223856,Minggqin Kang,Yuxuan Wang,Zhichao Meng,Shanxi Normal University,Successful Participant,
2223857,Siy1 Yang,Yinglei Wang,Ying Wang,Shanxi Normal University,Successful Participant,
2223858,Shuxian Li,Chenxing Gao,Haotian Guo,Shanxi Normal University,Successful Participant,
2223859,Ying Song,Tongtong Niu,Mei Zhang,Shanxi Normal University,Successful Participant,
2223860,Xiao Yang,Huizhi Ye,Fuman Han,Shanxi Normal University,Successful Participant,
2223861,Jiabe1 Wang,Yulu Ren,Danyang Tong,Shanxi Normal University,Successful Participant,
2223862,Hongxia Shi,Yujie Li,Ruixing Fan,Shanxi Normal University,Successful Participant,
2223863,Juan Li,Qigi Wang,Jie Pan,Shanxi Normal University,Successful Participant,
2223864,Miaodan Yang,Jie Wang,Xiaochuan Yang,Shanxi Normal University,Successful Participant,
2223865,Xuedong Yang,Xinkai Wen,Xiaotong Ma,Shanxi Normal University,Successful Participant,
2223866,Jiahui Song,Jingjie Ren,Xinyue Wen,Shanxi Normal University,Successful Participant,
2223867,Danyang Tian,Yujia Niu,Ying Cao,Shanxi Normal University,Successful Participant,
2223868,Yixin Chen,Beichen Zhang,Chengxuan Liu,Shanxi Normal University,Successful Participant,
2223869,Yixin Lv,Xiaoyue Su,Jiayu Fan,Shanxi Normal University,Successful Participant,
2223870,Zhao Zhenhang,Guo Jing,Song Hanliang,Central University of Finance and Economics,Honorable Mention,
2223871,Shuo Wang,Yuhang Fan,Jiajie Guo,Shanxi Normal University,Honorable Mention,
2223872,Sying Wu,Yinan Wang,Rui Wang,Shanxi Normal University,Successful Participant,
2223873,Shi Li,Fangyuan Li,Junyue Wang,Shanxi Normal University,Successful Participant,
2223874,Jingming Li,Yongqiang Zhou,Guohua Zhao,Shanxi Normal University,Successful Participant,
2223875,Yujue Wang,Niuniu Yan,Shuwen X1,Shanxi Normal University,Successful Participant,
2223876,Yike Huang,Zhongqun Du,Tong Sun,Shanxi Normal University,Successful Participant,
2223877,Mengwei Zhang,Petyu Shi,Shuya Wang,Shanxi Normal University,Successful Participant,
2223878,Yukun Wang,Lingyuan Zhao,Liing Hou,Shanxi Normal University,Successful Participant,
2223879,Jianing Tian,Tingting Niu,Yujie Wang,Shanxi Normal University,Successful Participant,
2223880,Shiyu Guo,Zhuoxiu Li,Yifei Liu,Shanxi Normal University,Successful Participant,
2223881,Shaotong Jia,Chengian Shen,Simin Lv,Shanxi Normal University,Successful Participant,
2223882,Shihe Deng,Yuelin Gan,Tianhao Huang,soochow university,Successful Participant,
2223883,Qizhen Zhou,Hanqi Cai,Peiran Wang,Wuhan University of Science and Technology,Successful Participant,
2223884,Werjie He,Tianchen Li,Wutao Chen,Huazhong University of Science and Technology,Disqualified - P,
2223886,Manning Wu,Chen Wang,Xiuwen X1,The Chinese University of Hong Kong  Shenzhen,Successful Participant,
2223887,zekai yang,mintao hu,yang zhuang,Nanjing tech university,Successful Participant,
2223888,Gaojie Ye,Tiancheng Yu,Jie Chen,Hohai University,Successful Participant,
2223889,Xinping Gao,Songyu Yu,Hongyan Liu,Beijing Normal University,Successful Participant,
2223890,Lingyi Zhu,Tao Wang,Zhouhe Zhang,Hohai University,Successful Participant,
2223891,Tongxi Zhou,Ruixiao Zhu,Kangning Hao,Hebei University,Successful Participant,
2223892,Qi Ouyang,Haojun Mu,Zitong Zhang,Hohai University,Successful Participant,
2223893,Xiaoyu Li,Jinchuan Zhao,Menglan Bai,Hebei University,Disqualified - P,
2223894,Xiaomeng Li,Qi Meng,Au Wang,Hebei University,Successful Participant,
2223895,Huiwen Yang,Songbai Zhu,Shengchao Zhu,Hohai University,Successful Participant,
2223896,Shiyan Zhao,Jingle: Zhang,Long Li,Hebei University,Successful Participant,
2223897,Pengxiang Wang,Wenzhe L1,Jinlong Wang,Ocean University of China,Successful Participant,
2223898,Shenli Mao,Qingkai Chen,Xin Wan,Hohai University,Successful Participant,
2223899,Zihao Gu,Yunchi Yang,Tianyu Wang,Hebei University,Successful Participant,
2223900,Chong Yan,Ruohao Dai,Zihang Li,Hebei University,Successful Participant,
2223901,Zhiqi Li,Hanrui Guo,Pengxiang Zhou,Hohai University,Honorable Mention,
2223902,Ruipeng Zhang,Zhengli Yuan,Xiaoyan Wang,Hebei University,Honorable Mention,
2223903,Shifeng Liu,Bo Pang,Renhan Yang,Shenzhen University,Successful Participant,
2223904,Chenyang Wang,Tao Feng,Ketong Wang,Ningbo University,Successful Participant,
2223905,Yujia Chen,Naixing Xu,Jichen Xing,Hebei University,Meritorious Winner,
2223906,Xuzhou Hui,Dengchang Liu,Linqi Xue,Shaanxi University of Technology,Successful Participant,
2223907,Jiawen Wu,Xinping Wang,Xi Li,Hebei University,Successful Participant,
2223908,zechao xu,lulu sang,bingqiang nian,Hohai University,Successful Participant,
2223909,Zicong Yan,Weihuang Cai,Jiayao Wel,Hebei University,Honorable Mention,
2223910,Xinyu Zhang,Jiaxin Cao,Hatyan Liu,Hebei University,Successful Participant,
2223911,Delong Wu,Yanchu Dong,Weicheng Wang,Hohai University,Successful Participant,
2223912,Wenchen Wang,Xuey! Liu,Jinhui Wu,Northwestern Polytechnical University,Successful Participant,
2223913,xifengyl,zhaojiatang,xuekailong,National University of Defense Technology,Successful Participant,
2223914,Shouyi Mo,Qiyun Liu,Jiaqi He,Hohai University,Successful Participant,
2223915,Zhang Shuhang,Ke Chengfeng,Jiang Shan,Southwest University of Political Science and Law,Successful Participant,
2223916,Mengwei Li,Qin Ma,Haoran Mo,XIDIAN UNIVERSITY,Successful Participant,
2223917,Hongpeng Sun,Zhizhao Zhang,Jiongyi Fang,Beiing Technology and Business University,Successful Participant,
2223918,Cai Maohua,Chen Yuying,Yang Jue,Putian University,Successful Participant,
2223919,Cheng Jiner,Fu Long,Qian Cheng,NANJING TECH UNIVERSITY,Successful Participant,
2223920,Ting Liu,Wanzhen Song,Jinchen Gong,East China Normal University,Successful Participant,
2223921,Qiu Linlin,Zheng Qiaoman,Chen Saiqin,Putian University,Successful Participant,
2223922,Peisong Dong,Shengyu Huang,Shanshan Li,Tianjin University,Honorable Mention,
2223923,Pengchong Hu,Fe1yu Bao,XueLiang Wang,Lanzhou University,Successful Participant,
2223924,Zaijun Ye,Siyu Yin,Chengbo Pan,Shanghai Normal University,Honorable Mention,
2223925,Lin Tong,Song Ziyun,Xu Yiwel,Zhejiang University of Finance and Economics,Successful Participant,
2223926,Dai Lingy1,Ouyang Shuyu,Huang Haoyang,Sichuan University,Successful Participant,
2223927,Lu Wang,Zehai Li, ,Lanzhou University,Successful Participant,
2223928,Weng Yanhong,He Yuqing,Chen Xiangqin,Putian University,Successful Participant,
2223929,YanzhuChen,WenjieZhou,FuyaoZhang,XIDIAN UNIVERSITY,Honorable Mention,
2223930,Yulong Xie,Yinghan Xu,Yaxi Fan,Inner Mongolia Normal University,Honorable Mention,
2223931,Lin Chunshan,Lin Zhiwen,Chen Lubin,Putian University,Successful Participant,
2223932,Huitao Li,Qian Chen,Kexin Wang,East China University of Science and Technology,Successful Participant,
2223933,WenHua Liao,Qing Li,WenJia Tang,Fucheng Road  Haidian District  Beijing,Successful Participant,
2223934,Xinpeng Ye,Hutye Chen,Boliang Wu,Guangdong University of Foreign Studies,Successful Participant,
2223935,Pan Xinyao,Luo Xiaolan,Huang Jiamin,Putian University,Honorable Mention,
2223936,Liyunxi,Zhudingkai,Gengjunyi,Beiing Technology and Business University,Successful Participant,
2223937,Yujia Liu,Yawen Chen,Xiny1 Shang,1anghai University of International Business and Econ,Successful Participant,
2223938,Huang Lingling,Lin Huyun,Lin Ying,Putian University,Successful Participant,
2223940,Shuangyjing Yang,Yingqin Li, ,Southwest University,Disqualified - P,
2223941,Lin Yukun,Yang Qiaoyu,Wei Yanyu,Putian University,Honorable Mention,
2223942,Lai Liting,Cai Yahui,Lai Xiaoping,Putian University,Successful Participant,
2223943,Jiangxun Chen,Jingru Liang,Lin Feng,Beiing Technology and Business University,Successful Participant,
2223946,Yigiao Huang,Zhijie Gong,Chengjun Hou,Nankai University,Meritorious Winner,
2223950,Tan Yajing,Fan Cheng,Jiang Yuzhu,Beihang University,Successful Participant,
2223951,Mingyu Zhang,Jiashu Li,Weiqi Guo,Tianjin University,Successful Participant,
2223952,Tiany1 Feng,Xiaoyue Wang,Mengzhao Yao,Hohai University,Honorable Mention,
2223954,Haoyu Han,Zhiying Zhu,Haotao Zhang,China University of Political Science and Law,Successful Participant,
2223955,Wenjyie Li,Ji Guo,Yanlin Fu,University of International Business and Economics,Successful Participant,
2223956,Zeyu Niu,Haoyang Sun,Yongsheng Zhang,Huazhong University of Science and Technology,Honorable Mention,
2223957,Zheng Wen,Chen Jiayun,Zheng Qi,Shanghai Maritime University,Successful Participant,
2223958,Lv Qin,He Haoliang,He Zhilin,Zhejiang University of Finance and Economics,Successful Participant,
2223959,Zihan Zhang,Hanzhe Yang,Yuexuan Li,Hohai University,Successful Participant,
2223960,Lin Mengting,Liu Hao,Wang Tianhua,Putian University,Successful Participant,
2223961,Ren Liu,Jiazhen Zhang,Xiaomeng Xie,Renmin University of China,Honorable Mention,
2223962,Jinchen Yang,Jiamin Jiang,Zhengy1 Dai,Hohai University,Successful Participant,
2223963,Jiaqi Liu,Qian Ma,Yajin Sun,Yulin University,Successful Participant,
2223964,Kachun Sie,Lincheng Jiang,Gengtu Yan,Sichuan University,Disqualified - P,
2223965,Chen Leiming,Luo Lin,Liu Jing,Capital Medical University,Successful Participant,
2223966,huangyikang,mayingchao,yangsirong,Beiing Technology and Business University,Successful Participant,
2223967,Tang Bo,Feng Lingyun,X1 Qingqiu,East China Normal University,Meritorious Winner,
2223968,Tao Gong,Ruiwen Gu,Sihan Chen,Hohai University,Successful Participant,
2223969,Pan Chen,Zui Shen,Yichen Liu,Yulin University,Successful Participant,
2223970,Zhanye Luo,Xinran Duan,Fetyang Peng,Bejing Normal University,Successful Participant,
2223971,Xinyue Ma,Siy1 Xiang,Duzhong Feng,Hohai University,Honorable Mention,
2223972,Wei lai,Zhang Welyi,Ma Yundi,Jilin University,Honorable Mention,
2223974,Liang Feng,Shen Wentao,Ji Chengze,Xi'an Jiaotong University,Honorable Mention,
2223975,Honghui Dai,Ru Hong,Xinlin Liu,Hohai University,Honorable Mention,
2223976,Xinghao Cheng,Yiyao Wang,Junpeng Wan,Wuhan Institute of Technology,Disqualified - P,
2223977,Huixia Liu,Ziming Yu,Salya Li,Shanghai Jiao Tong University,Successful Participant,
2223978,Wenbo Li,Yuyang Li,Zhong Yang,University of International Business and Economic:,Honorable Mention,
2223979,Yaxin Xu,Yitong Wu,Zhun Wang,Hohai University,Successful Participant,
2223980,Iv zixin,zhang xiaoying, ,Hebei Finance university,Successful Participant,
2223981,Lin jinwel,Yu sujie,Chen gianmo,Nanjing tech university,Successful Participant,
2223982,Dongxue Zhang,Chao Liu,Yiming Liao,Hebei University,Meritorious Winner,
2223983,Zixuan Wang,Shiyu Sun,Tongyao Gao,Hebei Finance University,Successful Participant,
2223984,Changlong Huang,Zex1 Nie,Tingxi Chen,Hohai University,Successful Participant,
2223985,Sirul Shang,Li Liu,Xiangwen Ding,Beijing Technology and Business University,Successful Participant,
2223986,Lu Qian,Wang Daochao,Zhang Xiaomeng,Capital Medical University,Honorable Mention,
2223987,Qianye Lin,Buyan Zhao,Jinshuo Zhang,Jniversity of Electronic Science and Technology of Cl,Successful Participant,
2223989,Yang Xia,Zheng Long,He Wang,East China University of Science and Technology,Successful Participant,
2223990,Jiaxuan Huang,Hongru Chen,Sunke Lan,Sun Yat-Sen University,Successful Participant,
2223991,Rong Zhuang,Hetong Zhang,Yueying Zhang,Jinan University,Successful Participant,
2223992,Jiahao Li,Ziheng Zhao,Tianxin Lu,Hohai University,Meritorious Winner,
2223993,Yiting Cheng,Qiying Wu,Yun Zhang,XIDIAN UNIVERSITY,Successful Participant,
2223994,QIAN HUANGRUNYU,WANG LELE,HUANG TINGTING,Anhui University,Successful Participant,
2223996,Tianyi Zhu,Zhenbo Dong,Yingtian Dang,Xi'an University of Finance and Economics,Meritorious Winner,
2223997,Zhang Xueting,Niu Zeyu,Geng Ziyun,Capital Medical University,Successful Participant,
2223998,Yu'an Chen,Ziheng Wang,Tiefan Zhang,Soochow University,Successful Participant,
2223999,Ruizhe Zhang,Jintao Li,Botao Li,Beijing Technology and Business University,Successful Participant,
