2224001,Keyi Huang,Huanrui Guo,Chengyu Jiang,Hohai University,Successful Participant,
2224002,Luqi Li,Chuanbin Fu,Yuqing Cui,Qingdao University of Technology,Successful Participant,
2224003,Qiyang Xiao,Ting Zhang,Ruiqi Lu,Jiangxi University of Finance and Economics,Successful Participant,
2224004,Keli Shi,Ran Jia,Zhilin Wu,China University of Geosciences  Wuhan,Successful Participant,
2224005,Miao Lin,Xiao Ying Hu,ZongLin Li,Hohai University,Successful Participant,
2224006,Zhuoting Jiang,Yanxia Wang,Mingcong Deng,Daqing campus of Harbin Medical University,Successful Participant,
2224007,Huang Jingyan,Wang Yanting,Zhang Yiran,University of International Business and Economics,Successful Participant,
2224008,Ao Liu,Xu Jin,Houqi Li,Nanyang Institute of Technology,Successful Participant,
2224009,Mingyun Chen,Wenqian Xu,Liyun Cai,China University of Geosciences,Successful Participant,
2224010,Yan Xiaomeng,Ni Pinfe1, ,Capital Medical University,Meritorious Winner,
2224011,Jiayuan Song,Yihang Zhao,Dihui Deng,Hohai University,Meritorious Winner,
2224012,Yun Huang,Hongbo Li,Yu Duan,Huazhong University of Science and Technology,Successful Participant,
2224013,sixiong xie,Jiaxin Cai,Jiajun Chen,Fuzhou University,Successful Participant,
2224014,Junxiang Wang,Zixuan Xu,Jiaxin Ad,Zhengzhou University,Successful Participant,
2224016,Qing Zhao,Qiong Huang,Yan Wu,Liaoning University,Successful Participant,
2224017,Qinghua Xia,Hongxuan Zhao,Simiao Zhao,The Ohio State University,Successful Participant,
2224018,YankKun Fan,Yuxuan Zhao,Xiwen Hu,Shanghai University of Electric Power,Disqualified - P,
2224019,Liyangguang,peiling, ,Hohai University,Successful Participant,
2224020,Wenhao Tao,Xu Zhu,Mengfei Li,Anhui Polytechnic University,Successful Participant,
2224021,Wuyan Shao,Liyuan Shang,Wanjia Fu,Renmin University of China,INFORMS Award,
2224022,Yang Bai,Chaoran Huang,Ping Zhang,Shenyang Aerospace University,Successful Participant,
2224024,Hongyi Shen,Yinjie Su,Jihong Peng,Shanghai Normal University,Successful Participant,
2224026,Yinjie Zhang,Yongliang Niu,Liming Ma,China University of Geosciences  Beijing,Disqualified - P,
2224027,Heng Zhang,Xiang Long, ,Shanghai Maritime University,Disqualified - P,
2224028,Hong Guo,Qikun Zhou,Fanxiang Peng,National University of Defense Technology,Honorable Mention,
2224029,Wenxuan Wu,Jiahui Dong,JieYu Huang,Guangdong Ocean University,Successful Participant,
2224030,Duola Wang,Lin Zheng,Baiqi Yu,Hohai University,Successful Participant,
2224032,Xiang Zhang,Jinyuan Zhang,Peiryuan Cheng,Tongji University,Successful Participant,
2224033,Ben Zhao,Hengbo Qi,Zixian Wang,Hebei University,Successful Participant,
2224034,Yunshu Yang,Ziyan Wang,Xinrong Yang,Southern University of Science and Technology,Successful Participant,
2224036,Jianxin Zhang,Shidi Zhou,Kai Yun,Anhui University,Successful Participant,
2224038,Yiting Zhang,Wenxia Chen,Shanshan Wang,Nankai University,Successful Participant,
2224044,Huixian Liu,Jingy1 Zhang,Yungqiao Dong,Hebei University,Honorable Mention,
2224045,Zekai Shi,Mingqi Zhang,Aueyan Ma,Shandong University of Science and Technology,Successful Participant,
2224046,Ao Guo,Mengkang Meng,Yukai Liu,University of Science and Technology Liaoning,Successful Participant,
2224048,Xuqiang Li,Zihan Zhang,Jixian Zhang,Tongji University,Successful Participant,
2224049,Mingyu Yang,Yexuan Wang,Yukang Li,Hebei University,Honorable Mention,
2224050,Hanyu Wang,Mingyu Tian,Mingzhe Yang,University of Science and Technology Beting,Honorable Mention,
2224051,Yang Liu,Runshuo Zhao,X1 Wang,Hebei University,Successful Participant,
2224052,Mingwei Liu,jiajie liu,Yongkun Wu,Huazhong University of Science and Technology,Successful Participant,
2224053,Haoze Chen,Xin Li,Wenwen Chen,Nantong University,Successful Participant,
2224054,Yiming Jia,Yiming Zuo,Yuxiang Yang,Beijing University of Posts and Telecommunication,Successful Participant,
2224055,Deting Yin,Haonan Wang,Yuqi Guo,Hohai University,Successful Participant,
2224056,Jixiao Han,Kaiyang Zhao,Xiwen Ning,Qingdao University of Technology,Finalist,
2224058,Leijie Deng,Yinhao Liu,Yang Yang,Qingdao Technological University,Successful Participant,
2224059,Naibijiang Ainiwa,Kehan Pang,Yanpu Li,Huazhong University of Science and Technology,Successful Participant,
2224060,Huyue Zhu,Lidong Lu,Jiawen Xu,Hohai University,Successful Participant,
2224061,Ying Gao,Fuhai Zhao,Mengxue Zhao,TECHNOLOGY,Successful Participant,
2224062,Yipei Zou,Qinyu He,Hailu Geng,Central University of Finance and Economics,Successful Participant,
2224063,Zheng He,Xiangyl Kong,Jinming Huang,Shanghai University of Finance and Economics,Successful Participant,
2224064,Yuchen Yan,Peihan Liu,Dongxu Zhang,XIDIAN UNIVERSITY,Successful Participant,
2224065,Yifan Jiang,Jiajun Zhu,Yuxuan Liu,Hohai University,Successful Participant,
2224066,Xiaoyang Wang,Chenxu Zhao,Shunchao Wu,Huazhong University of Science and Technology,Successful Participant,
2224067,Yangtong Su,huang tao,Yuanyuan Zeng,Huazhong University of Science and Technology,Successful Participant,
2224068,Zhenkai Ye,Xinyang Wu,Shanyue Huang,Hohai University,Successful Participant,
2224069,Tengfei Xu,Zhichao Wang,Zhimin Han,Tianjin University of Science and Technology,Honorable Mention,
2224070,Yiping Jiang,Hui Liu,Hailin Luo,Xiangnan University,Successful Participant,
2224071,Hongju Zheng,Qinghong Li,Danyang Wang,Shenyang Aerospace University,Successful Participant,
2224072,Yue Wu,Yang Liu,Yaoxin Qiu,Hohai University,Successful Participant,
2224073,Jiaqian Li,Mengwen LI,Ma Kun,Central University of Finance and Economics,Successful Participant,
2224074,Xudong Liu,Cai Bingy1,Ya Zou,Huazhong University of Science and Technology,Honorable Mention,
2224075,Yilin Yan,Juyue Dong,Xiang Zhang,East China University of Science and Technology,Honorable Mention,
2224076,Yiyao Li,Xinyi Huang,Qiunan Du,Sichuan University,Meritorious Winner,
2224077,Longfei Chen,Tingyi Hu,Zeyun Zhong,Shanghai Maritime University,Successful Participant,
2224078,Wen Chang,Zhaopeng Feng,Xinwu Li,Nankai University,Successful Participant,
2224079,Yiming Wang,Hao Zhang,Aoxiang Huang,Dalian Polytechnic University,Successful Participant,
2224081,wanglu,Zhengxiaolong,weljie j1ao,China University Of Geosciences  wuhan,Honorable Mention,
2224082,Zhang Yintong,Wu Haowe1,Feng Zeyu,Beijing Forestry University,Honorable Mention,
2224083,Linzheng Fan,Yali Wang,Lin Feng,Qingdao University of Technology,Successful Participant,
2224084,Jingjing Bai,Pan Wang,Rongyao Fu,Shenyang Aerospace University,Successful Participant,
2224085,Jinghang Xiao,Tianchi Zhao,Yue Li,Shenyang Aerospace University,Unsuccessful - I,
2224086,Chen Yu'an,Zhang Songqi,Li Weikang,Zhejiang University of Finance and Economics,Successful Participant,
2224087,Junlin Luo,Chengxiao Y1,Changhan Song,Shenyang Aerospace University,Successful Participant,
2224088,Jialiang Chen,Yingqing Wang,Fengshuo Xie,Shenyang Aerospace University,Honorable Mention,
2224089,Xingfen Yu,Qiulin Li,Ying Zhang,International Studies University,Successful Participant,
2224090,Hongbin Zheng,Zeen He,Sicong Cheng,Hohai University,Meritorious Winner,
2224091,Que Jingying,Hong Shufen,Cai Dandan,Putian University,Honorable Mention,
2224092,Huimin Shen,Xiangyu Cheng,Yan Huang,Nanjing Normal University of Special Education,Successful Participant,
2224093,Jiayue Ma,Wen Luo,Wany1 Xia,International Studies University,Successful Participant,
2224094,Yili,Ruolan Liu,Jiajie Hu,Dalian Polytechnic University,Honorable Mention,
2224095,Zongwei Ding,Zihan Zhang,Wenjie Du,Zhengzhou Railway Vocational and Technical Colleg,Successful Participant,
2224096,Zhany1 Li,Zigi Zhao,Chenyue Li,Tongji University,Successful Participant,
2224097,Yilun Tang,Yi Deng,Yutong Han,International Studies University,Successful Participant,
2224098,Wang Ruonan,Lin Yuanzhen,Wang Xiaoxian,Putian University,Successful Participant,
2224099,Yang Chenlin,Su Shunping,Zhang Yuping,Putian University,Successful Participant,
2224100,Songhao Wu,Jiaqi Xu,Liwen Zhang,Soochow University,Successful Participant,
2224102,Yuxin Liu,Xiaolong Ma,Xinyi Liu,Dalian Polytechnic University,Successful Participant,
2224103,Jiaxing Huang,Jingqi Luan,Yiyang Li,Dalian Polytechnic University,Successful Participant,
2224104,Gao Jie,Tian Rongjia,Zhuo Xiaoying,Putian University,Successful Participant,
2224105,Yuqi Xia,Xinyan Lin,Junkai Sun,East China University of Science and Technology,Successful Participant,
2224106,Jiaqi Yan,Xiaoyu Tian,Yikuan Yan,Central University of Finance and Economics,Successful Participant,
2224107,Tianshi Wei,Yunqi Li,Jingjie Zeng,Central University of Finance and Economics,Successful Participant,
2224108,Lin Baoqing,Lian Xueqin,Cai Qiaoting,Putian University,Honorable Mention,
2224109,Lingxiao Feng,Tianhu Liu,Libo Zhou,Beijing Forest University,Honorable Mention,
2224110,Wanli Wang,Chaohua Liu,Rukang Zhang,Zhengzhou Railway Vocational and Technical Colleg,Successful Participant,
2224111,Fangchi Lu,Zhiyu Tian,Yuhan Geng,Chinese University of Hong Kong  shenzhen,Honorable Mention,
2224112,Zhou Zishu,Zhou Shijie,Guo Yihang,Zhengzhou University of Light Industry,Successful Participant,
2224113,Lijia Zheng,Yangyang Xie,Haoran Liu,East China University of Science and Technology,Successful Participant,
2224114,Yanle Feng,Yaozhu Chen,Huimin Guo,Beijing Normal University,Honorable Mention,
2224115,Jiqin Wang,Yan Guo,Qihong Chu,Beihang University,Successful Participant,
2224116,Haobo Zhang,Guoqing Yang,Yisong Xue,Xidian University,Disqualified - P,
2224117,Liwen Fu,Zizhuo Zhao,Zekai Miao,Northwestern Polytechnical University,Successful Participant,
2224118,Lin Xiaoyu,Li Xinxin,Liu Yuanyuan,Sun Yat-Sen University,Successful Participant,
2224119,Bryou Wang,Shenao Shang,Yuyan Liao,Wuhan City College,Successful Participant,
2224120,SuQianhui,LiQiqi,LiuShihao,Qingdao City University,Successful Participant,
2224121,Jie Yao,Lingyi Jiang,Yuxin Ye,Beijing Normal University,Successful Participant,
2224122,Xin Tian,Yuchen Ge,Ningfan Xie,Soochow University,Successful Participant,
2224123,Tianyun Qiu,Qiying He,Danni Ji,Beijing Noemal University,Successful Participant,
2224124,Tao Chen,Zhiyao Zhou,Jiahui Yang,Hohai University,Successful Participant,
2224125,YunzeWu,Yang Xu,RuiyangZhuang,Xidian University,Successful Participant,
2224126,Jiahao Gu,Shuwen Zhang,Changsheng Yang,Zhengzhou Railway Vocational and Technical Colleg,Successful Participant,
2224128,Yue Feng,Xiayl Song,Shiqi Shen,University of International Business and Economic:,Honorable Mention,
2224129,Jiani Zhang,Pei Tian,Yiying Zhang,Tongji University,Successful Participant,
2224130,Zhou Shuyu,Li Zhize,Jin Ziyang,XIDIAN UNIVERSITY,Honorable Mention,
2224131,Au Wang,Yanhui Xue,Tao Quan,Hohai University,Successful Participant,
2224132,Zhang Ting,Wang Dejiang,Liu Chang,Beijing Normal University,Honorable Mention,
2224133,Yang Jinghan,Wang Ruoxi,Li Xiaokai,Beijing University of Aeronautics and Astronautics,Successful Participant,
2224134,Chenyue Li,Quan Qian,Jinya Yang,Hohai University,Successful Participant,
2224135,Zihang Chen,Jiarong Zhang,Hang Q1,Hohai University,Finalist,
2224136,Xiangyu Wu,Zhicheng Li,Xuelin Wang,Hohai University,Successful Participant,
2224137,Heyang Zhao,Jiawen He,Tang Lei,Anhui University,Successful Participant,
2224138,Qiying Yao,Zirui Zhang,Xuefeng Jiang,Wuhan City College,Successful Participant,
2224139,Hongxin Wu,Chengqi Zhang,Hongtao Li,Hohai University,Honorable Mention,
2224140,Shuning Gu,X1ao0 Qin,Yuning Zhang,Hohai University,Successful Participant,
2224141,Qianrui Chen,Yongqi He,Shuyin Wang,Shanghai University of Finance and Economics,Successful Participant,
2224142,Chentao Li,Xinyue Huang,Jingyuan Huang,Zhejiang University,Successful Participant,
2224143,Yiqian Yao,Yongkang Zhai,Zihan Zhou,Hohai University,Successful Participant,
2224144,Lingyi Jiang, , ,Hohai University,Disqualified - P,
2224145,Yan Zhang,Xuexue Li,Xiaolong Gu,Shanghai University of Engineering Science,Honorable Mention,
2224146,Han Wang,Zhiyuan Du,Mengxi Luo,Wuhan City College,Successful Participant,
2224147,Daniel Long, , ,Governor Livingston High School,Successful Participant,
2224148,Qimin Tian,Zhiyu Zhou,Zhiwei Chen,Beijing Forestry University,Honorable Mention,
2224149,Chenglong Ji,Junrong Wang,Shaoxuan Qi,Xinxiang College of Engineering,Successful Participant,
2224150,Juncong Tang,Zhien He,Yutian Zhou,Ocean University of China,Successful Participant,
2224151,Wang Zhaoging,Dai Wenjun,Yu Yuman,Beijing Normal University,Successful Participant,
2224152,Haoyuan Li,Yao Liu,Jiani Li,Beijing Technology and Business University,Successful Participant,
2224153,Yichun Chen,Yanyan Zhang,Qingtao Qin,Yunnan University of Finance and Economics,Disqualified - P,
2224154,SUN  YUWEN,GONG  JINGXIANG,ZHANG  QILIN,Telecommunications,Honorable Mention,
2224155,Weihao Tu,Ziqian Liu,Zihang Shen,Beijing University of Aeronautics and Astronautics,Honorable Mention,
2224156,Yuchen Lin,Runqiu Wu,Ran Wu,Anhui Agricultural University,Successful Participant,
2224157,Ruiyie Yang,Guorui Qiu,Yaqi X1ao,Wuhan City College,Successful Participant,
2224158,Qianjun Xia,Zhe Chen,Kaiwen Li,Shanghai Jiao Tong University,Honorable Mention,
2224159,Jiarui Yuan,Hailong Wang,Jiexin Wang,China University of Mining and Technology,Successful Participant,
2224160,Ying Jiang,Ziqin Wan,Haiqiang Cheng,Wuhan City College,Successful Participant,
2224161,Ruixiang Zhang,Suoyu Liu,Junhao Wang,Wuhan University,Successful Participant,
2224162,Zhao Jinyan,Cai Mingcan,Guo Jiayi,Fujian University of Technology,Successful Participant,
2224163,Haogian Li,Junshen Luo,Danlu He,SUN YAT-SEN UNIVERSITY,Successful Participant,
2224164,Zhangyjingao,Huyifan,Yushilong,Beijing Technology and Business University,Honorable Mention,
2224165,Tailin Song,Ziyue Yan,Xueran Chai,Beijing Normal University,Successful Participant,
2224166,Ma Zhehao,Yang Jieer,Fang Yichun,Nanjing Audit University,Successful Participant,
2224167,Tiankuo.Jiao,Zebin.Cao,Zekun.Li,University of Liverpool,Meritorious Winner,
2224168,Haotian Zhang,Mingzhe Ren,Fangfei Liu,Hebei Finance University,Disqualified - P,
2224169,Yu Kejun,Yang Hua,Liu Xiang,hejiang University of Water Resources and Electric Pc,Successful Participant,
2224170,Zhou LingMin,Fang XinYan,Zheng YiHong,yhejiang University of Water Resources and Electric P\xab,Successful Participant,
2224171,MaYikai,YuanMengyao,LouMenglu,yhejiang University of Water Resources and Electric P\xab,Successful Participant,
2224172,Siwen Jin,Xiaolin Liu,Zihan Dong,Beijing Technology and Business University,Successful Participant,
2224173,zongweitang,chili,jiyoufu,yhejiang University of Water Resources and Electric P\xab,Successful Participant,
2224174,Junlong Meng,Yuliang Huang,Xiangsen Bai,Tianjin University,Meritorious Winner,
2224175,Yujie Lu,Yuqiong Tian,Yutong Ma,Southern University of Science and Technology,Successful Participant,
2224176,Qihang Wang,Runqi Yu,Yuzhe Wang,Beijing Institute of Technology,Successful Participant,
2224177,Beining Ding,Mengyan Liu,Junhao Zhang,Yangtze University,Successful Participant,
2224178,Renlong Wang,Zhou Lv,Xiaohan Luan,Nanjing Tech University,SIAM Award,
2224179,Zheng Jiangli,Song jiajie,Shi Yanxin,Beijing Technology and Business University,Successful Participant,
2224180,Zhu Muchen,Zhu Yucheng,Zhu Yangyang,Beihang University,Successful Participant,
2224181,Enjian Zhang,Feng Liu,Weihang Ding,Jinan University,Honorable Mention,
2224182,Shuo Zhang,Rui Li,Qiaoqiao Hu,Renmin University of China,Successful Participant,
2224183,Han Lui,Zhihui Wang,Ziqing Song,Zaozhuang University,Unsuccessful - I,
2224184,Wang Zeren,Ding Yue,Lu Nana,Beijing Technology and Business University,Successful Participant,
2224185,Tian Li,Zhangwen Jia,Youmeng Qiu,Beijing Technology and Business University,Successful Participant,
2224186,Zhihan Guo,Shiqi Wang,Yifan Pu,Beijing Normal University,Successful Participant,
2224187,Yao tianyu,Chen weiye,Cao qirul,Nanjing Tech University,Successful Participant,
2224188,Xiangyu Xie,Weihao Xu,Anqi He,Telecommunications,Successful Participant,
2224189,Yuqi MA,YuHu1 CHEN,QiTeng HAN,NANJING TECH UNIVERSITY,Successful Participant,
2224190,Yuan Xu,Haonan Du,Qi Shi,Zhejiang University,Successful Participant,
2224191,Yingke Sun,Chenhe Xia,Zixuan Zhang,Northwestern Polytechnical University,Successful Participant,
2224192,Xiaolong Gong,Rui Sun,Hao Gao,Telecommunications,Successful Participant,
2224194,Yizhuo Yang,Shu Jia,Guanglei Dai,Nanjing Medical University,Honorable Mention,
2224195,Juncheng Guo,Dongyang Wu,Heng Tang,Nankai University,Successful Participant,
2224196,Guanyi Li,Yuqing Chen,Lei Tang,Beijing Forestry University,Successful Participant,
2224197,Zhexin Zhou,Xianjin Lin,Fan Qu,Telecommunications,Successful Participant,
2224198,Xudong Liu,Haotian Li,Zeyang Yang,National University of Defense Technology,Honorable Mention,
2224199,Zengsimin,Liuyuhao,Tangzijie,Beijing Technology and Business University,Successful Participant,
2224200,Junyi Zhang,Junran Jia,Wang Yi,Huazhong University of Science and Technology,Successful Participant,
2224201,Yunhao Zhao,Chen Zhou,Yuyang Cen,Lanzhou University,Successful Participant,
2224202,Xinyu Xiang,Junwen Zhang,Haoran Xu,Telecommunications,Successful Participant,
2224203,Yi Tian,Maodong L1,Sen Chen,Henan Normal University,Successful Participant,
2224204,Aixiao Wel,Yaling Hong,Jiabo Wang,East China Normal University,Successful Participant,
2224205,Zongtao Zhu,Dongliang Wu,Shunjin Zhu,Telecommunications,Successful Participant,
2224206,Xianqi Deng,Xikai Lin,Dong Yi,North Minzu University,Honorable Mention,
2224207,Jiale Wu,Xinyue Zheng,Sitong Lin,Ningbo University,Successful Participant,
2224208,Yawen Wang,Chaogui Gou,Chongshan Du,University of Science and Technology Beting,Successful Participant,
2224209,Xinze Xue,Jingy1 Zhang,Zhuoxin Zhang,Tianjin University of Finance and Economics,Honorable Mention,
2224210,Minghui Hu,Wei Zhang,Xiaochang Chen,Telecommunications,Successful Participant,
2224211,Puzhen Wu,Han Weng,Yi Zhan,Beijing University Of Technology,Meritorious Winner,
2224212,Jinyang LI,Zhiyong TIAN,minghao feng,Shaanxi University of Technology,Successful Participant,
2224213,Li Nan Xin,Liu Xin Miao,Lin Peng,Beiing Technology and Business University,Successful Participant,
2224214,Guangwei Yuan,Junjie Qu,Guojia Liao,Harbin Institute of Technology  Shenzhen,Honorable Mention,
2224215,Yingyue Xu,Guanghe Yang,Y Uxing Jian,Telecommunications,Successful Participant,
2224216,Jiaxiang Li,Zhichen Yan,Zefei Guan,University of Shanghai for Science and Technology,Successful Participant,
2224218,Au Zang,Shenshen Hu,Wencheng Wang,Telecommunications,Successful Participant,
2224219,Jinyuan Zhang,Yueheng Zhang,Qian Chen,Huazhong University of Science and Technology,Successful Participant,
2224220,Binyan Zhao,Xiao YuPan,Haodong Liu,Nankai University,Successful Participant,
2224221,Ruizhan Li,Xiaoqian Jin,Yutian Lei,Sun Yat-sen University,Honorable Mention,
2224222,Yonghao Pan,Bangwei Xu,Wanting Shu,Ningbo University,Honorable Mention,
2224224,Chenweihan,Chenyujia,Wuminegxi,Yango University,Disqualified - P,
2224225,Na Chen,Yusheng Zhang,XiaoFeiTeng,Shandong University of Finance and Economics,Successful Participant,
2224226,Jianing Guo,Haokun Q1,Yunmeng Xing,Shandong University of Science and Technology,Successful Participant,
2224227,Xinyu Li,Xiaoman Sha,Zeyu Cal,XIDIAN UNIVERSITY,Meritorious Winner,
2224228,Jie Gao,Wanying Guo,Shuying Zhuang,Linyi University,Successful Participant,
2224230,Fetyu Chen,Chang Liu,Jiaxuan Liu,Shenyang University of Technology,Successful Participant,
2224231,Yichen Huang,Sihao X1a0,Zhichen Ren,Tongji University,Honorable Mention,
2224232,Yigeng Jiang,Kui Zhang,Miyuan Chen,Zhejiang Sci-Tech University,Honorable Mention,
2224233,Qinghang Bao,Jiale Yu,Ruoyu Wang,Beiing University of Technology,Meritorious Winner,
2224234,Zhangquan Chen,Xin Xie,Wen Cui,Sun Yat-sen University,Successful Participant,
2224235,Yunxiang He,Renzheng Zhao,Shaofen Mao,Telecommunications,Successful Participant,
2224236,Panyuan Xue,Hui Xiang,QinGuo Dai,Shanghai International Studies University,Successful Participant,
2224237,Xiaoyu Guo,Ruixi Yao,XAuecong Huang,Huazhong University of Science and Technology,Successful Participant,
2224238,Qixing Yang,Shenglong Li,Jingzhuo Xu,Telecommunications,Successful Participant,
2224239,Yuan Yao,Haonan Yang,Weihao Lan,Ningbo University,Successful Participant,
2224240,Qionglu Ruan,Yicheng Zhang,Simin Tang,Zhejiang Sci-Tech University,Successful Participant,
2224241,Huan Wu,Xin Wang,Dequan Wang,Sun Yat-sen University,Successful Participant,
2224242,Zifeng Liu,Xiayu Qiu,Yifan Liu,Shanghai University of Finance and Economics,Successful Participant,
2224243,Miao Yue,Manyi Lu,Shuangshuang Cheng,Linyi University,Successful Participant,
2224244,Yizhuo Zhang,Qiying Pan,Qu Fenghao,Xiamen University,Successful Participant,
2224245,Shiwei Ma,Yu Zhu,Yuechun Ni,Telecommunications,Successful Participant,
2224246,Zinuo X1ao,Xinran Peng,Jian Xu,Linyi University,Honorable Mention,
2224247,Yidan Yao,Qiwen Liu,Yuhan Chen,Zhengzhou University,Successful Participant,
2224248,Ma ZhiJun,Luo Jie,Chang Lequan,Fucheng Road  Haidian District  Beijing,Successful Participant,
2224249,Zhang keyan,Jia yibo,Cao yifel,college of science Northwest A & F University,Honorable Mention,
2224250,Zexuan Liu,Lirui Wu,Mengyu Liu,Hohai University,Finalist,
2224251,Yongjun Fan,Haokun Qi,Rui Ma,Shandong University of Science and Technology,Successful Participant,
2224252,Yuyao Wang,Jiarui Qin,ZiHan Li,Telecommunications,Successful Participant,
2224253,Shi Chengkai,Yu Xinglong,Yuan Jingyi,Sichuan University,Honorable Mention,
2224254,Rutyi Qin,Zhuoyue Shi,Wenxuan Li,Beijing Normal University,Successful Participant,
2224255,Anxun Zhang,Qi Zhang,Xinyu Li,Hebei University of Technology,Successful Participant,
2224256,Jiahe Cao,Jiahua Ding, ,Northwestern Polytechnical University,Successful Participant,
2224257,Yue Xu,Haoyuan Yan,Yueming Wang,Nantong University,Disqualified - P,
2224258,Junyu Chen,Yife1 Yuan,Zhou Hu,Telecommunications,Honorable Mention,
2224259,Chaosong Zheng,Youlong Chen,Shujuan Chen,Fujian Agriculture and Forestry University,Successful Participant,
2224260,Zhiyong Ge,Junging Huang,Qinwen Yang,Telecommunications,Successful Participant,
2224262,Rishen Zhong,Rong Chen,Ning Zheng,Fujian Agriculture and Forestry University,Honorable Mention,
2224263,Han Zhang,Wenhao Tang,Wenyu Mu,Beijing Forestry University,Successful Participant,
2224264,Zhigiang Zhu,Yilin Dong,Rong Song,Telecommunications,Successful Participant,
2224265,Jingzhe Jing,Yuying Feng,Enqi Zhang,Nankai University  Tianjin,Successful Participant,
2224266,Xiudan Xie,Jiao Xu,Gexuan Zhou,SHAOGUAN UNIVERSITY,Successful Participant,
2224267,Yungao Deng,Zidong Zhao,Yijie Jiang,Zhejiang Sci-Tech University,Honorable Mention,
2224268,Minhao Wang,Hui Liu,Wenkai Tong,Tianjin University,Successful Participant,
2224270,He Wang,Chen Shi,Ruofan Dai,Linyi University,Successful Participant,
2224271,Sai Wang,Xufei Li,Zeweli Yang,Telecommunications,Successful Participant,
2224272,Quan Junjie,He Yihao,Wang Yuan,Hubei University of Technology,Successful Participant,
2224273,, , , ,Fuzhou University,Disqualified - P,
2224274,Jiawei Qiao,Rongjia Bao,Xinyang Di,Jniversity of Electronic Science and Technology of Cl,Honorable Mention,
2224275,Gengmo Zhao,Zhiyuan Liu,Zikang Song,Jniversity of Electronic Science and Technology of Cl,Disqualified - P,
2224276,Beichen Zhou,Haoyu Zhang,Zizhuo Zhao,University of Electronic Science and Technology of Cl,Meritorious Winner,
2224277,Tao Wang,Xin Wang,Jinsheng Ji,SUN YAT-SEN UNIVERSITY,Successful Participant,
2224278,Zhuolin Zhu,Wending Ye,Xinyu Li,East China University of Science and Technology,Honorable Mention,
2224279,Wenxiang Che,Leyan Zou,Chengke Dai,Jniversity of Electronic Science and Technology of Cl,Meritorious Winner,
2224280,Rui Hu,Xiameng Zhang,Yifei Cao,Jniversity of Electronic Science and Technology of Cl,Successful Participant,
2224281,Xiangbin Xu,Mengyao lang,Yufei Liang,Ningbo University,Successful Participant,
2224282,Dengfeng Bi,Xuanjie Zhang,Huanjie Yu,SHAOGUAN UNIVERSITY,Successful Participant,
2224283,Yuzhen Gao,Tian Deng,Yuxuan Fan,Sun Yat-Sen University,Successful Participant,
2224284,LiuZhenlong,He Yan,ZhouZidong,SUSTech,Successful Participant,
2224285,Muyu Lin,Yuyan Wang,Yuanmei Chen,Yangtze University,Successful Participant,
2224287,Canheng Liang,Zenan Yu,Junchuan Jiang,Sun Yat-Sen University,Successful Participant,
2224288,Rui Zhang,Ke-Ni Lai,Yong-Chang Li,Lanzhou University of Technology,Honorable Mention,
2224289,Xiaoxu Gao,Yuhuan Xiong,Xianlin Tang,Hangzhou Dianzi University,Successful Participant,
2224290,Chongtao Zhang,Suping Hu,Xuan Lin,SHAOGUAN UNIVERSITY,Successful Participant,
2224291,Xiangfei Guo,Yueren Zou,Zinan Gong,Sun Yat-Sen University,Successful Participant,
2224292,Xia Yuye,Jiang Zeka1,Hu Huatyu,Beihang University,Honorable Mention,
2224293,Le Jiang,Ming Xin Teng,Jun Cao,Lanzhou University of Technology,Successful Participant,
2224294,Wenzhen Yuan,Yan Mao,Xianghe Wang,mniversity Of Electronic Science And Technology Of C,Successful Participant,
2224295,Nan Shang,Yunyu Li,Tongyu Wu,Shanghai Maritime University,Successful Participant,
2224296,Xunxing Bian,Dingjun Wang,Youjiu Ceng,Lanzhou University of Technology,Honorable Mention,
2224297,Liu Xiaoli,Ma Rui,Liu Yichen,mniversity Of Electronic Science And Technology Of C,Successful Participant,
2224298,Heng Yue,Tian Li,YuJi Wang,mniversity Of Electronic Science And Technology Of C,Successful Participant,
2224299,Anye Wang,Ruwei Wei,Ziyi Zhou,SHAOGUAN UNIVERSITY,Honorable Mention,
2224300,Zhangmai Li,Xiang Gao,Kaili Sun,Huazhong University of Science and Technology,Successful Participant,
2224301,Beilin Zhu,Mengyue He,Manfei Huang,Shanghai maritime university,Honorable Mention,
2224302,Yanli Liu,Di Dou,Rongxuan Hao,Linyi University,Successful Participant,
2224303,Gengping Peng,Yuanjia Zheng,Yingbo Huang,SHAOGUAN UNIVERSITY,Successful Participant,
2224304,JiaHui Nie,Qiming Qiu,Zhicheng Zhang,University of Chinese Academy of Sciences,Successful Participant,
2224305,Truong Van Hong,Tieu Khoi Mai,Tran Minh Ngoc,University of Science - VNUHCM,Successful Participant,
2224306,Hongtao Chen,Huanlei Shi,Chenxing Li,Hangzhou Dianzi University,Meritorious Winner,
2224307,Dongyi Liang,Junyuan Lin,Qian Li,SHAOGUAN UNIVERSITY,Successful Participant,
2224308,Jing Zhang,Zhe Wang,Yuxin Wang,Zhengzhou Railway Vocational and Technical Colleg,Successful Participant,
2224309,Ran Tao,Hongru Lu,Zhili Wang,University of Chinese Academy of Sciences,Successful Participant,
2224310,Jiashuang Zhang,Yan Sun,Rongrong Qian,Beiing Technology and Business University,Honorable Mention,
2224311,Yuan Ao,Jin Zilan,Li Jiarui,Taiyuan University of Technology,Successful Participant,
2224312,Xin Liang,Junni Huang,Jiawen Tan,Hubei University of Technology,Successful Participant,
2224313,Ou Yanlei,Guo Gengquan,Wang Zihan,XIDIAN UNIVERSITY,Successful Participant,
2224314,Yujia Wang,Lingxiao Gao,Jiahao Liang,Shandong University of Science and Technology,Successful Participant,
2224315,Hexing Wu,Gaoliang Xu,Minwei Zhu,Hangzhou Dianzi University,Honorable Mention,
2224316,Gabriel Jonathan,Indriana Marcela,Laurentius Michael,Institut Teknologi Bandung,Successful Participant,
2224317,Luyun Chen,Wangliang Yan,Jiahui Li,Hangzhou Dianzi University,Successful Participant,
2224318,Xinyl Lin,Yunlong Miao,Qi Li,SHAOGUAN UNIVERSITY,Successful Participant,
2224319,Guanbin Zheng,Xin Liu,Yehong Zou,South China Normol University,Honorable Mention,
2224320,Peiyu Cui,Lingyan Zhu,Yuhang Ma,Hangzhou Dianzi University,Honorable Mention,
2224321,Fangzhou Yan,Yueze Zhu, ,AJTLU,Successful Participant,
2224322,Yilong Leng,Yali Hu,Siyuan Hu,Northwest Normal University,Successful Participant,
2224323,Zicheng Zheng,Yanchun Peng,Shanru He,SHAOGUAN UNIVERSITY,Successful Participant,
2224324,Yuhang Feng,Dongxing Hong,Shihuang Pan,Hangzhou Dianzi University,Honorable Mention,
2224325,Yuhui Hu,Chen He,Zeliang Zhou,Hangzhou Dianzi University,Honorable Mention,
2224326,Liu Ruyyia,Li Renren,Qu Shaohuan,Beijing Technology and Business University,Successful Participant,
2224327,Jinjin Lu,Xinyun Li,Yiran Ding,Hangzhou Dianzi University,Successful Participant,
2224328,Miao Xu,Yiteng Xu,Jiang Lin,Hangzhou Dianzi University,Honorable Mention,
2224329,Zhao Huan,Li Xin,He Jun Zhu,Beiing Technology and Business University,Successful Participant,
2224330,Chenghao Xia,Yimin Tian,Gening Lu,Hangzhou Dianzi University,Successful Participant,
2224331,Yunxin He,Jieting Lin,Zijing Lin,SHAOGUAN UNIVERSITY,Successful Participant,
2224332,Deyi Cai,Fei Yang,Yongan Liao,Chongqing Jiaotong University,Successful Participant,
2224334,Auyao Kang,Jinxin Cui,Zhexin Zhang,Hangzhou Dianzi University,Successful Participant,
2224335,Feiqi Lai,Ruili Huang,Zhimin Pan,SHAOGUAN UNIVERSITY,Successful Participant,
2224336,Minjie Wei,Auan Zang,Wendi Zhang,Linyi University,Successful Participant,
2224337,Junjie Zhang,Zesen Chai,Zhiqi Yan,Hangzhou Dianzi University,Successful Participant,
2224338,GUO AOYUN,ZHANG MENGDI,WANG YIBO,North China University of Science and Technology,Successful Participant,
2224339,Zhu Hanging,Liu Kangyjia,Wang Shikang,NANJING TECH UNIVERSITY,Successful Participant,
2224340,Runlin Ma,Long Li,Minghui Wang,Hangzhou Dianzi University,Successful Participant,
2224341,WANG XINYING,YU JIAHUI,LU JIAYANG,North China University of Science and Technology,Successful Participant,
2224342,Zeshang Huang,Jingying Guo,Zihao Kuang,SHAOGUAN UNIVERSITY,Successful Participant,
2224343,Zihan Yang,Mengyuan Hu,Teng Huang,Hangzhou Dianzi University,Honorable Mention,
2224344,Jie Long,Lihua Li,Lingyjie Chen,Chengdu Technological University,Successful Participant,
2224345,MA LIANGCHEN,ZHANG XUEDONG,BAI RUYAN,North China University of Science and Technology,Successful Participant,
2224346,Shibo Ruan,Xiaotian Wu,Sitong Xu,Hangzhou Dianzi University,Honorable Mention,
2224347,Yechen Jin,Jiangtao Xu,Ding Ding,Hangzhou Dianzi University,Honorable Mention,
2224348,CHEN KEMING,ZHAI MEIXIANG,LIN HAO,North China University of Science and Technology,Successful Participant,
2224349,Xiayuan Chai,Xiangxu Wang,Jiaqi Xu,Hangzhou Dianzi University,Honorable Mention,
2224350,ZHANG SHUO,LI XICHANG,LIU KUN,North China University of Science and Technology,Honorable Mention,
2224351,Wen Zhaokun,Huang Zun,Gao Zh1yY1,University of Science and Technology Beting,Honorable Mention,
2224352,Xiaoyu Liu,Haokun Yang,Haifeng Zeng,Nanjing Tech University,Successful Participant,
2224353,Zhu Yiming,Li Min,Duan Qiangweli,Beiing Technology and Business University,Successful Participant,
2224354,WANG ZHIDUO,LIU ZIXING,LIU JIANCONG,North China University of Science and Technology,Meritorious Winner,
2224355,Kangxiang Jia,Xiaomel Xu,Ruizhi Wang,Hangzhou Dianzi University,Honorable Mention,
2224356,AiXin,DengDonghong,Yang Wenqing,Chengdu University of Technology,Honorable Mention,
2224357,Yuyang Liu,Yiran Hu,Jiangcheng Zhou,Hangzhou Dianzi University,Finalist,
2224358,LIU BOBO,HUANG HAOCHEN,LAN XIANGYU,North China University of Science and Technology,Successful Participant,
2224359,Chenglong Yu,Zhuoran Hu,Jingchen Fei,Hangzhou Dianzi University,Meritorious Winner,
2224360,YUAN XIANCHONG,ZHANG HAOBO,YU DEQIANG,North China University of Science and Technology,Successful Participant,
2224361,Yongqing Li,Minyi Hu,Qiaona Chen,SHAOGUAN UNIVERSITY,Successful Participant,
2224362,Jiahui Xu,Yuli Q1,Jiayun Yu,Hangzhou Dianzi University,Honorable Mention,
2224363,LI CONG,LIU KANGJIAN,QI HAIIANG,North China University of Science and Technology,Finalist,
2224364,Shiting Yin,Bowen Hu,Zengwei Xu,SHAOGUAN UNIVERSITY,Successful Participant,
2224365,Ying Ku,Wenqing Hu,Qiong Chen,Hangzhou Dianzi University,Honorable Mention,
2224366,NIU HAOMIAO,SONG HANSHUO,CUI HUIYAN,North China University of Science and Technology,Honorable Mention,
2224367,Nie Yan,Lv Meng yuan,Wei Yi ting,North China University of Science and Technology,Successful Participant,
2224368,Hailong Zhao,Guanzhen Chen,Jiaqi Tian,Hangzhou Dianzi University,Honorable Mention,
2224369,LIAN XUHUAN,LIU FAYU,HOU WEI,North China University of Science and Technology,Successful Participant,
2224370,Yiying Ou,Qun Yuan,Hongxiu Liu,SHAOGUAN UNIVERSITY,Successful Participant,
2224371,Xinzhou Qian,Junhui Zhang,Zetong Ji,Nanjing University,Successful Participant,
2224372,Liping Chen,Ziming Zhao,Rui Yang,Hangzhou Dianzi University,Meritorious Winner,
2224373,Wang Wenjie,Hu Hanyu,Ding Yunhong,Beijing Normal University,Successful Participant,
2224374,Shanying Chen,Hongyu Long,Jingyi Li,Beijing Normal University,Successful Participant,
2224375,YANG SHENXUAN,XING SHUWEN,XUE JINGXUAN,North China University of Science and Technology,Successful Participant,
2224376,Yiquan Zhu,Jiahui Liu,Ruiling Zou,SHAOGUAN UNIVERSITY,Successful Participant,
2224377,Zhaohui Yuan,Yixuan Zhang,Sitong Ding,Hangzhou Dianzi University,Honorable Mention,
2224378,Xinda Li,Yibo Shi,Jiahang Mu,Hohai University,Honorable Mention,
2224379,Ruihan Li,Yuhong Jiang,Jiaqi Che,Hangzhou Dianzi University,Honorable Mention,
2224380,Xiangyu Mu,Maoda Yang,Xinyuan Fang,Qingdao University of Science and Technology,Honorable Mention,
2224381,Yuxuan Lu,Chenyu Wang,Yuqi Wu,Hohai University,Honorable Mention,
2224382,ZHAO YIXIN, , ,University,Disqualified - P,
2224383,Junyi Li,Pubo Bao,Jingwen Hu,Hangzhou Dianzi University,Meritorious Winner,
2224384,Sining Zhang,Meng Hu,Hanrong Su,Jinan University,Disqualified - P,
2224385,Hao Wang,Junxuan Liu,Runyao Liu,Sun Yat-Sen University,Honorable Mention,
2224386,Lingxiao Sun,Wenzhe Xie,Shuzhe Duan,Hangzhou Dianzi University,Honorable Mention,
2224387,Xinping Liu,Wanqiao Zhou,Xinyu Yu,Hohai University,Successful Participant,
2224388,Lingqian Yan,Peihua Guan,Ziqing Shao,Soochow university,Successful Participant,
2224389,Yanmin Zhao,Yibing Fan,Lei Liang,Hangzhou Dianzi University,Successful Participant,
2224390,Xin Xu,Jiaming Wu,Junwen Yang,East China University of Science and Technology,Successful Participant,
2224392,Kaizhen Zhu,Jingjing Huang,Xinyue Ying,Hangzhou Dianzi University,Honorable Mention,
2224393,CHEN ZIYAN,WEI XIMENG,HUANG SHITONG,North China University of Science and Technology,Successful Participant,
2224394,Yuxuan Yang,Lingxin Wang,Siyuan Zhou,Hangzhou Dianzi University,Successful Participant,
2224395,ZHENBIN ZHANG,BINGBING SHI,RENZHUO WANG,North China University of Science and Technology,Honorable Mention,
2224396,DAI YAXUN,WANG JUNYING,GE ZIXUAN,North China University of Science and Technology,Honorable Mention,
2224397,WANG YIBO,ZHU YI,QIN SIJIA,North China University of Science and Technology,Meritorious Winner,
2224398,Chaohao Hua,Xiaojia Yang,Wenli Hu,Hangzhou Dianzi University,Successful Participant,
2224399,WANG HANCHEN,SUN YUWEN,JI TIANHAO,North China University of Science and Technology,Successful Participant,
2224400,ZHANG XINGYUAN,MENG YICHEN,LIU CHAOQIANG,North China University of Science and Technology,Successful Participant,
2224401,Jiaming Zhu,Tianyuan Xu,Jun Zhang,Hangzhou Dianzi University,Meritorious Winner,
2224402,YuleFu,LanboZhao,Yunhao Wang,Tianjin University,Successful Participant,
2224403,ZHOU ZHIHUI,LIU JIAJIA,JIANG YUEYONG,North China University of Science and Technology,Honorable Mention,
2224404,Shuyan Zheng,Lingfeng Zhou,Yan Chen,Hangzhou Dianzi University,Successful Participant,
2224405,CHEN ZHUO,HE JUNTAO,GAO BAOJIAN,North China University of Science and Technology,Honorable Mention,
2224406,Xi Zhang,Zengyong Deng,Hang Hang,Hangzhou Dianzi University,Successful Participant,
2224407,ZHU SHIQUAN,LU YI,WANG JINGLI,North China University of Science and Technology,Successful Participant,
2224408,Tan quanwen,Mei kaixuan,Qian jiayl,Nanjing Tech University,Successful Participant,
2224409,Yilong Zhang,Chengyu Du,Yufei Qiu,Hangzhou Dianzi University,Meritorious Winner,
2224410,YI HONGYU,YANG GE,DENG QIUCHENG,North China University of Science and Technology,Successful Participant,
2224411,Zhihe Wu,Kaikai Xu,Xuqin Lv,Hangzhou Dianzi University,Finalist,
2224412,Kelin Chen,Junshu Dai,Yuliang Guo,Hangzhou Dianzi University,Meritorious Winner,
2224413,LANG XIAOYU,QIAO SHUANG,FENG ZIYUAN,North China University of Science and Technology,Successful Participant,
2224414,WANG MENGYAO,YANG ZHIWEI,SUN YUQING,North China University of Science and Technology,Meritorious Winner,
2224415,Suqi Xue,Hang Zhang,Chengle Lin,Hangzhou Dianzi University,Successful Participant,
2224416,SHI KUANLONG,LU QIYUAN,ZHANG JIAXI,North China University of Science and Technology,Honorable Mention,
2224417,Ziyan Zhang,Qi Zhao,Ruiqi Shu,Hangzhou Dianzi University,Honorable Mention,
2224418,Xu Yiping,Wang Yife1, ,Central China Normal University,Successful Participant,
2224419,AN YINING,YANG BOCHAO,ZHAN KAIDI,North China University of Science and Technology,Successful Participant,
2224420,Bin Zang,Jingqi Zhang,Zhenyu Zou,Hangzhou Dianzi University,Successful Participant,
2224421,Zhao Ziy1,Mao Xinpei,Wang Luyue,Qingdao University of Technology,Successful Participant,
2224422,Zhixuan Hong,Rutyu Yang,Dongsheng Liu,Hangzhou Dianzi University,Honorable Mention,
2224424,WANG JINCAN,XING ZIAO,LI WENHUA,North China University of Science and Technology,Successful Participant,
2224425,Weiping Xie,Yuehan Zhou,Hao Qiu,Hangzhou Dianzi University,Honorable Mention,
2224426,LI ZIY1],ZHANG ZIYI,LIU ZIJIAN,North China University of Science and Technology,Successful Participant,
2224427,Haolun Wu,Chenyi Wang,Jiongkai Ye,Hangzhou Dianzi University,Honorable Mention,
2224428,YAN HAOWEI,GAO YIXUAN,DONG XIAOXIAO,North China University of Science and Technology,Successful Participant,
2224429,XU YIMING,ZHOU HAOYU,LIU YIYAO,North China University of Science and Technology,Successful Participant,
2224430,WANG RUIFANG,MO QIANMING,DI JIANGSHUAI,North China University of Science and Technology,Successful Participant,
2224431,Haibin Zhu,Wenlong Cai,Tian Xu,Hangzhou Dianzi University,Meritorious Winner,
2224432,YANG JIAPENG,ZU YUWEI!I,PAN XUYANG,North China University of Science and Technology,Successful Participant,
2224433,WU YUCHAO,WANG HAOXIONG,LIU QIAN,North China University of Science and Technology,Successful Participant,
2224434,REN SHANGSHENG,ZHANG ZICHI,SHEN CHNEGAO,North China University of Science and Technology,Honorable Mention,
2224435,MENG XIANGDING,LIU XINTONG,GAO SHIRAN,North China University of Science and Technology,Successful Participant,
2224436,Yuanhao Liu,Yixiong Gao,Yingying QI,Hangzhou Dianzi University,Successful Participant,
2224437,XU ZHIANG,ZHAO LELE,WANG HANYUE,North China University of Science and Technology,Honorable Mention,
2224438,Yutong Lin,Xinpeng Song,Xinran Xie,Hohai University,Successful Participant,
2224439,YU ZIYANG,CUI XINTAO,GAO HONGWEI,North China University of Science and Technology,Honorable Mention,
2224440,Yifan Zhu,Xinyan Li,Chengke Tan,Hangzhou Dianzi University,Successful Participant,
2224441,Daiyang Jiang,Munchen Jin,Xux1 Ye,Hangzhou Dianzi University,Successful Participant,
2224443,Shoukun Guan,Chenyi Pu,Runying Xu,Hohai University,Meritorious Winner,
2224444,Yongbo Zhang,Ze Huang,Kang An,Hangzhou Dianzi University,Honorable Mention,
2224445,Yihong Guo,Mingyu Guo,Yuxuan Zhou,Hangzhou Dianzi University,Honorable Mention,
2224446,Fuxu Dai,Min Qu,Mingrui Zhang,Hohai University,Honorable Mention,
2224447,Xin Zhou,Yijia Xu,Biao Yang,Hangzhou Dianzi University,Successful Participant,
2224448,Yuxuan Lu,Baoren Q1,Tangyu Fu,Hangzhou Dianzi University,Successful Participant,
2224449,Jiaqi Li,Yibo Sun,Jin Shen,Hangzhou Dianzi University,Honorable Mention,
2224450,Xinyu Li,Yuhang Pan,Rui Zhang,Hohai University,Unsuccessful - I,
2224451,Zheng Liu,Yi Wang,Jialin Hui,Jilin University,Successful Participant,
2224452,Ruiqi Jin,Beining Chen,Yifan Lu,Hohai University,Successful Participant,
2224453,Jiayi Sun,Ziyan Huang,Shuheng Wang,Hangzhou Dianzi University,Honorable Mention,
2224454,Chengdong Lin,Jianzhi Yu,Yilin Wu,Hangzhou Dianzi University,Successful Participant,
2224455,Ye Liu,Songchen Li,Hao Zhang,Hangzhou Dianzi University,Honorable Mention,
2224456,YingyjingChen,YilinOu,JieSun,Hohai University,Successful Participant,
2224457,Bingfeng He,Bingxu Lin,Yuhan Zhou,Hangzhou Dianzi University,Honorable Mention,
2224458,Jianhao Ye,Xuanhan Tong,Fanding Huang,Hangzhou Dianzi University,Meritorious Winner,
2224459,Weihua Chen,Xin Liu,Yingyie Ye,Zhejiang Sci-Tech University,Successful Participant,
2224460,Ke Ye,Yiming Zhou,Jiahao Liu,Hangzhou Dianzi University,Honorable Mention,
2224461,Zhilong Chen,Ran Tao,Yiren Pan,Hangzhou Dianzi University,Successful Participant,
2224462,Yang Ye,Mengyin Liu,Xichong Qian,Hangzhou Dianzi University,Successful Participant,
2224464,Dianxuan Hu,Xiaoy! Huo,Xi Li,Zhejiang Sci-Tech University,Successful Participant,
2224465,Zhang Wanting,Lu Jianjun,Wang Shuo,NingboTech University,Successful Participant,
2224466,Tingwei Hu,Yifan Liu,Minyan Yu,Hangzhou Dianzi University,Honorable Mention,
2224467,Su Yuqing,Yang Zihan, ,South China University of Technology,Disqualified - P,
2224468,Xi Yang,Biao Chen,Yuwei Chen,Hangzhou Dianzi University,Honorable Mention,
2224469,Lingchao Zhu,Kehao Wu,Yingyjie Chen,NingboTech University,Honorable Mention,
2224470,Zhongcai He,XAueyuan Wen,Ziyuan Chen,Hangzhou Dianzi University,Meritorious Winner,
2224471,Ke Yu,Ruinan Zeng,Wenduan Xu,Hangzhou Dianzi University,Honorable Mention,
2224472,Xinwei Zhang,Xuhua Qiu,Zetao An,Beijing Technology and Business University,Disqualified - P,
2224473,Haonan Ye,Pethong Yin,Jingyi Shi,Hangzhou Dianzi University,Successful Participant,
2224474,Yongxin Zheng,Jiacheng Xie,Ying Ren,Zhejiang Sci-Tech University,Successful Participant,
2224475,Wenxuan Yang,Ruizi Peng,Huang Xia,Hangzhou Dianzi University,Successful Participant,
2224477,Ziyang Zeng,Zhehao Feng,Shuchang Liu,The Chinese University of Hong Kong (Shenzhen),Successful Participant,
2224478,Wendi Zhang,Zhichao Lin,Yutong Hu,Hangzhou Dianzi University,Successful Participant,
2224479,Kai Huang,Weihong Yan,Haitao Ren,East China University of Science and Technology,Successful Participant,
2224480,Qiyuan Li,Rui Wang,Wencai Liao,Zhejiang Sci-Tech University,Honorable Mention,
2224481,Yinghua Wu,Zhuojun Shao,Yuejia Zhu,Hangzhou Dianzi University,Successful Participant,
2224482,Yupei Zhang,Tingyu Q1,Yujie Chen,Hohai University,Successful Participant,
2224483,Donglei Niu,Wenxian Chen,Xuehui Wang,Zhejiang Sci-Tech University,Honorable Mention,
2224484,Yu Zhang,Junyi Zheng,Yijing Fan,Ningbo University of Finance & Economics,Honorable Mention,
2224485,Xiaoyu Lu,Kexin Wang,Jiaxi Chen,Shanghai Experimental School,Successful Participant,
2224486,Deyu Song,Junjie Shi,Jie Wu,Hohai University,Honorable Mention,
2224487,Rutyuan Zeng,Xinyi Jiang,Pengtao Ji,Hangzhou Dianzi University,Successful Participant,
2224488,Qinfeng Jiang,Jiahao Wei,Ziang Sun,Zhejiang Sci-Tech University,Honorable Mention,
2224489,Shao Zhu,Xingyu Niu,Mei Jiang,Nanjing Tech University,Successful Participant,
2224490,Qing Yang,Xingcheng Wen,Hangxiao Zhang,Ningbo University of Finance & Economics,Meritorious Winner,
2224491,Rongqi Nie,Jianli Ding,Jingyu Zhang,Hohai University,Successful Participant,
2224492,Xuanying Shen,Xinyang Ye,Haili Yan,Zhejiang Sci-Tech University,Successful Participant,
2224493,Wenjing Jiang,Wanli Zhao,Hanxiao Lu,Ningbo University of Finance & Economics,Successful Participant,
2224494,Xuanru Chen,Jianing Cheng,Chaowei Zhang,Ningbo University of Finance & Economics,Successful Participant,
2224495,Wei Sun,Jingyuan Liao,Yi Lu,Ningbo University of Finance & Economics,Successful Participant,
2224496,Kai Ge Xu,Fan Zhang,Jia Wen Cui,Linyi University,Successful Participant,
2224497,Chenxinya,Panxiaoqian,Zhangdi,NingboTech University,Successful Participant,
2224498,Jinyan Ye,Ziheng Guo,Hanwen Lu,Hohai University,Finalist,
2224499,Bate Jin,Yifan Wang,Zhenggeng Li,Beijing Technology and Business University,Successful Participant,
