2202002,Honglong Li,Chengjun Huang,Baiyu Chen,Dalian University of Technology,Honorable Mention,
2202003,Qiyun Yin,Yikai Wang,Jiahe Miao,Dalian University of Technology,Successful Participant,
2202004,Xu Guo,Zexuan Liu,Yufeng Huang,Dalian University of Technology,Successful Participant,
2202007,Zhijie Hu,Tianle Yang,Yutong Ge,Dalian University of Technology,Finalist,
2202008,Haotian Wel,Zihao Zhao,Jiakai Yang,Beihang University,Successful Participant,
2202009,Runyang He,Chengyu Dai,Zhongyu Cai,Nanjing University,Meritorious Winner,
2202010,Luyao Xu,Muingshuo Cao,Rui Shi,Shanghai Maritime University,Successful Participant,
2202011,Yiming Chen,Tianyuan Xu,Yixiang Lian,Dalian University of Technology,Successful Participant,
2202012,Yuyang He,Yuxin Yang,Deming Lei,Being Information Science and Technology Univers,Honorable Mention,
2202013,Xinyu Shangguan,Hejie Song,Kaixu Chen,Tongji University,Honorable Mention,
2202014,Zijin Cao,Powe1 Chang,Zhaoting Ji,Xiamen university,Successful Participant,
2202015,Zang Yihe,Zhou Xingsheng,Wang Yukun,Guizhou University of Finance and Economics,Disqualified - P,
2202016,Sanjin Huang,Yifan Ren,Siming Huang,Beihang University,Meritorious Winner,
2202017,Jingran Wang,Lan Chen,huryin Qian,Beijing Normal University,Honorable Mention,
2202018,Yigqin Wang,Qianyi Chen,Dongrui Xu,Southeast University,Honorable Mention,
2202019,Juny1 Chen,Yushi Huang,Junhua Shen,Beihang University,Successful Participant,
2202020,Yuanfan Cui,Chongwen Ge,Depeng Li,Xinjiang University,Successful Participant,
2202021,Wang Weining,Wu Boying,Wang Zhen,Xinjiang University,Successful Participant,
2202022,Zhiyu Chen,Xinyuan He,Yujia Gao,Shanghai Jiao Tong University,Successful Participant,
2202023,Zihang Shen,Shilin Cui,Chuansen Nie,Southeast University,Successful Participant,
2202024,Junyi Li,Yesong Pang,Songxin Lei,Tianjin University,Successful Participant,
2202025,Peryu Wang,Mingxia Shi,Ziyang Xu,Shanghai Jiao Tong University,Successful Participant,
2202026,Xiao Huang,Zeyuan Jin,Lang Zhu,Shanghai Jiao Tong University,Meritorious Winner,
2202027,Shencheng Zhou,Qinyun Lu,Jiajia Nie,University of Shanghai for Science and Technology,Honorable Mention,
2202028,Kaiwen Wang,Heng Ye,Li Zha,Shanghai Jiao Tong University,Successful Participant,
2202029,Yingfan Gao,Weiyu Chen,Guangyu Zhang,BNU-HKBU United International College,Successful Participant,
2202030,Mingyun Xie,Shi Jin,Jing Ma,Shaanxi University of Science & Technology,Successful Participant,
2202031,Kunyang Lv,Zijian XV,Zonglin Yang,Beijing Institute of Technology,Successful Participant,
2202032,Zimu Zeng,Yueqi Li,Zhongke Xu,Tongji University,Successful Participant,
2202033,WANG LIN,MA YIJIA,HUANG ZEYUAN,University of Macau,Successful Participant,
2202034,Yingyue Huang,Jiaying Li,Zihui Wang,Shanghai Jiao Tong University,Honorable Mention,
2202035,Yingyjia Li,Zeliang Tong,Sihan Li,Dalian University of Technology,Honorable Mention,
2202036,Zishen Wel,Yiguo Cao,Xiaoxiao Fang,Dalian University of Technology,Successful Participant,
2202037,Ziteng Li,Yiyun Liu,Yichi Wu,Dalian University of Technology,Meritorious Winner,
2202038,Jun Peng,Meiqi Li,Meijuan Zhu,Dalian University of Technology,Successful Participant,
2202039,Yife1 Wu,Yuhao Shen,Chenyang Li,Dalian University of Technology,Successful Participant,
2202040,Mingcong--Xu,Heyuan--Liu,Shuguang--Jiao,Dalian University of Technology,Successful Participant,
2202041,Geyuan Wang,Y1 Xiao,Wenhao Lin,Dalian University of Technology,Successful Participant,
2202042,jianghui chen,Ziqi Chen,Yunzi Hu,Dalian University of Technology,Successful Participant,
2202043,Wei Yang,Zhiyi Chen,Junming Pan,Dalian University of Technology,Successful Participant,
2202044,Chen Qi,Yufei Liu,Yanfei Min,Dalian University of Technology,Successful Participant,
2202045,Yicheng Yang,Siyu Du,Wenpeng Fu,Dalian University of Technology,Honorable Mention,
2202046,Chen Fan,Jiyu Zhao,Chenyue Wang,Dalian University of Technology,Successful Participant,
2202047,Xianghao Zheng,Chengyang Yu,Jingting Han,Dalian University of Technology,Successful Participant,
2202048,Shuyang Jin,Jialin Dong,Runyu Li,Dalian University of Technology,Honorable Mention,
2202049,Xinyu Hou,Kaijun Yang,Yuchen Ju,Dalian University of Technology,Successful Participant,
2202050,Yuheng Zhang,Xinyu Xue,Jiye Tang,Dalian University of Technology,Meritorious Winner,
2202051,Yixiao Liu,Changzhou Liu,Chenxuan Wang,Dalian University of Technology,Successful Participant,
2202052,Jiatai Liu,Yingnan Guo,Yuxuan Wu,Dalian University of Technology,Honorable Mention,
2202053,Wei Xu,Kaitong Cul,Runjin Yu,Shanghai Jiao Tong University,Honorable Mention,
2202056,Zhengxiang Huang,Mohan He,Kai Liu,Shanghai Jiao Tong University,Successful Participant,
2202057,Luming Wang,Bowen Tian,Changqing Zhang,Beijing Institute of Technology,Successful Participant,
2202059,Huanyv Tang,Jie Jiang,Xiaoli Han,Shanghai Jiao Tong University,Meritorious Winner,
2202060,Zongwei Liu,Xingyu Zhou,Fangyu Liu,Shanghai Jiao Tong University,Honorable Mention,
2202061,Pingchuan Wei,Yunfan Qing,Yan Zhang,Shanghai Jiao Tong University,Honorable Mention,
2202062,Jie Cheng,Jiayi Liu,Wenpei Lin,Beihang University,Successful Participant,
2202063,Hang Jiang,Wenhui Ge,Jiale Tan,Shanghai Jiao Tong University,Meritorious Winner,
2202064,Zhekai Liu,Jiale Zhang,Tianxiang Jiang,Shanghai Jiao Tong University,Honorable Mention,
2202065,CHEN YUNHUI,CHEN YUNXIN,NIU MUYUAN,University of Macau,Successful Participant,
2202067,Zhang Huakang,Wang Yilin,Zhang Xiaoqging,University of Macau,Honorable Mention,
2202068,XU YUNSHAN,WANG YUEQI,ZENG GE,University of Macau,Successful Participant,
2202069,ZHU SIMU,LIAO JIAYING,KE STYUN,University of Macau,Successful Participant,
2202070,Zihan Zhan,Zijun Huang,Heyu Shen,Shanghai Jiao Tong University,Finalist,
2202071,Zhaowei Xu,Feihan Zhu,Jixin Wang,Dalian Ocean University,Successful Participant,
2202072,Yonghui Liu,Zijun Jian,Yuying Li,Sun Yat-Sen University,Successful Participant,
2202073,Jinhui Chen,Chao Qin,Tanjing Xie,Zhejiang University,Honorable Mention,
2202075,Dongtong Zhong,Leyang Liu,Siryuan Fan,Renmin University of China,Successful Participant,
2202076,Xiaoqi Xuan,Xinyu Shen,Xiaoqi N1,Shanghai University,Finalist,
2202077,Jying,Yingke Liu,Xiaoman An,Qingdao University,Successful Participant,
2202078,Wenchong Pan,Xiaonan Chen,Ming Yang Wu,Zhejiang University of Science and Technology,Successful Participant,
2202079,Lu Zhang,Yibo Xu,Jiabin Fu,Nanjing University of Posts and Telecommunication,Unsuccessful - I,
2202080,Yiyjia Cui,Yingrong Yang,Aiping Han,Tianjin University of Commerce,Finalist,
2202081,Taofe1 Guo,Liqian Chen,Qi Wang,Beijing University of Posts and Telecommunication,Successful Participant,
2202082,Ruoyu Wu,Jifeng Luo,Yaoyun Hu,Beiing University of Technology,Successful Participant,
2202083,Xie ShangFeng,An Dong,Chen Lu,Shanghai Normal University,Successful Participant,
2202084,Weixin Liao,Dengdeng Huang,Jixian Su,Shanghai Jiao Tong University,Successful Participant,
2202086,Wendi Yang,Yufei Li,Jiwei Fu,Shanghai Normal University,Successful Participant,
2202087,Yanjyun Liu,Lvxinlin Li,Yue Zhang,Shanghai Normal University,Honorable Mention,
2202088,Junhao Xu,Zhenghao Chen,Xiangyu Li,Beihang University,Meritorious Winner,
2202089,Haoji Ruan,Chenyu Liu,Siyuan Shen,Shanghai Jiao Tong University,Successful Participant,
2202090,Ganwei Zhou,Yikai Zhao,Jiayue Chen,Shanxi Agricultural University,Successful Participant,
2202091,Jiaqi Zhang,Jiahao Deng,Xinjun Wang,Shanghai University,Successful Participant,
2202092,Yuxin Xiong,Lexin Shao,Yurui Wang,Shanghai Jiao Tong University,Honorable Mention,
2202093,Ruizhi Huang,Nanxi Chen,Xinmin Du,Shanghai Jiao Tong University,Honorable Mention,
2202094,Zhiyu Liu,Rongjun Jin,Wenyuan Xie,Shanghai Jiao Tong University,Successful Participant,
2202096,WeiruZhou,NingHan,RunCheng,AARNE,Successful Participant,
2202097,Nanyu Zhang,Hou Sai,Wuha Niku,Shanghai University,Successful Participant,
2202098,Chuanrui Cui,Zijian Hu,Jingwen Gu,Shanghai Normal University,Honorable Mention,
2202099,Zehao Chen,Hongjie Xu,Chong Ye,Shanghai Jiao Tong University,Successful Participant,
2202100,Pengyi Chen,Wenyu He,Yuhang Liu,Shanghai Jiao Tong University,Honorable Mention,
2202101,Zhangrong Qu,Jingkai Wang,Guiquan Liu,Shanghai University of Electric Power,Disqualified - P,
2202102,Zekun Li,Jianhuan Sun,Zhe Liu,Shanghai Jiao Tong University,Successful Participant,
2202103,Zheng Yaxin,Du Jingiu,Gao Qihang,BNU-HKBU United International College,Finalist,
2202105,Yawei Peng,Cuiran Shi,Fan Wu,BNU-HKBU United International College,Honorable Mention,
2202106,Junping Luo,Hongren Xie,Zhou Li,Sun Yat-Sen University,Honorable Mention,
2202107,Jianke Zhang,Yiming Liu,Tongfeng Yan,Beijing Institute of Technology,Successful Participant,
2202108,Shunyjie Li,Zhiyong Hu,Chi Jing,Shanghai Jiao Tong University,Meritorious Winner,
2202109,Zhenlei Shao,Wentao Wang,Ruogu Yao,Shanghai Jiao Tong University,Successful Participant,
2202110,Boyun Ren,Fei Wu,Yichen Hou,Shanghai Jiao Tong University,Successful Participant,
2202111,Yiyue Zhao,Xinyu Yun,Yangmin Li,TONGJI UNIVERSITY,Successful Participant,
2202112,Yunpeng Dong,Xianzheng Liang,Guang Cao,Shanghai Jiao Tong University,Successful Participant,
2202113,Shubo Zhang,Yaochen Song,Yang Zhou,Being Information Science and Technology Univers:,Successful Participant,
2202114,Chenyan Wang,Jingyi He,Zhirui Li,Tongji University,Honorable Mention,
2202115,Xingdian Li,Xuancheng Yao,Jiaqi Huang,Shanghai Jiao Tong University,Honorable Mention,
2202116,Chenjing X1,Changhai Xia,Xiaochen Liu,Shanghai University,Successful Participant,
2202118,Yachao Liu,Jie Liu,Zijie Zeng,China University of Mining and Technology,Honorable Mention,
2202119,Yuzhe Wang,Yitei Li,Yuhang Chen,Huazhong University of Science and Technology,Successful Participant,
2202120,Yue Tian,Han Zhou,Wuyue Zhang,Harbin Engineering University,Meritorious Winner,
2202121,Yuxuan Yue,Boqian Zhou,Yaqi Yang,Ocean University of China,Meritorious Winner,
2202122,Boging Wu,Z1xin Deng,Li Yang,Sun Yat-Sen University,Honorable Mention,
2202123,Shaoyuan Xie,Qingwen Bu,Huayu Zhang,Huazhong University of Science and Technology,Meritorious Winner,
2202124,Haoyi Niu,Qinhan Yu,Yinghao Tan,Nankai University,Honorable Mention,
2202125,Zhigeng Zhan,Wensen Wu,Jin Yan,Sun Yat-Sen University,Honorable Mention,
2202126,Ye Yintong,Zheng Tianyang,Zhang Wen,BNU-HKBU United International College,Successful Participant,
2202127,Hatyan Xu,Shryuan Cao,Jingjing Wang,Northwestern Polytechnical University,Successful Participant,
2202128,Yuxiang Lin,Jiajun Peng,Liuyan Li,Shanghai JiaoTong University,Meritorious Winner,
2202130,Bathan Li,Yueru Chen,Yiwei Gong,Shanghai Jiao Tong University,Successful Participant,
2202131,Zhang Yujie,Qin Tian, ,AAAS,Successful Participant,
2202132,Xiaotang Shen,Lin Li,Yulin Liu,Shanghai Jiao Tong University,Honorable Mention,
2202135,Jinjie Liu,Changsheng Hao,Kutyuan Huang,Shanghai Jiao Tong University,Successful Participant,
2202136,Zhicheng Hui,Chenhao Zhu,Xiquan Li,Shanghai Jiao Tong University,Finalist,
2202137,Jinhui Hu,Gan Luo,Zhicheng Liao,Central South University,Successful Participant,
2202138,Yudie Zheng,Liyuan Dong,Can Xun,Dongbei University of Finance and Economics,Successful Participant,
2202139,Weikang Zhang,Jinyi Sun,Zekai Dai,Nanjing University of Information Science & Technol,Honorable Mention,
2202140,Xiaoyu Xie,Liantan Duan,Xinhui Li,Dongbei University of Finance and Economics,Successful Participant,
2202141,Chengyuan Shan,Haoxiang Hou, ,Shanghai Jiao Tong University,Successful Participant,
2202142,Tingting Yang,Han Dou,Yuying Qiu,Nanjing University of Information Science & Technol,Finalist,
2202144,Sihan Liu,Katyu Zhao,Zhijie Zhou,Shanghai Jiao Tong University,Honorable Mention,
2202145,Jingwei Zheng,Jinglei Lou,Jiangnan Wan,Dongbei University of Finance and Economics,Honorable Mention,
2202146,Hangyu Li,Yujie Liu,Yaoxin Yang,Dongbei University of Finance and Economics,Honorable Mention,
2202147,Juny1 Wu,Qianyu Chen,Jianan Ouyang,Dongbei University of Finance and Economics,Honorable Mention,
2202148,Junhao Zhang,Lei Huang,Z1xin Fu,Dongbei University of Finance and Economics,Meritorious Winner,
2202149,Kaige Chi,Zibo Jin,Yue Liang,Dongbei University of Finance and Economics,Successful Participant,
2202150,Zhuoyan Zhou,Zefeng Liu,Ruikai Zhu,Nanjing University of Information Science & Technol,Honorable Mention,
2202151,Shengzhou Qiang,Haozhe Pang,Ying Lai,Nanjing University of Information Science & Technol,Successful Participant,
2202152,Qishuai Han,Dayu Sun,Chenji Jin,Nanjing University of Information Science & Technol,Successful Participant,
2202153,Wenjie Xu,Yue Zhang,Changhao Xiang,Nanjing University of Information Science & Technol,Honorable Mention,
2202154,Wanting Li,Ziyuan Zhu,Guanlong Ma,Nanjing University of Information Science & Technol,Successful Participant,
2202155,Zhi Li,Liwen Xu,Ziqi Wei,Nanjing University of Information Science & Technol,Honorable Mention,
2202156,Yiwen Lou,Jie Chen,Mingyu Chen,Nanjing University of Information Science & Technol,Meritorious Winner,
2202157,Chi Zhang,Mengqi Sun,Yufei Li,Dongbei University of Finance and Economics,Successful Participant,
2202158,Lili Huang,Zijyun Zhou,Yu Lei,Nanjing University of Information Science & Technol,Successful Participant,
2202159,Zhaopeng Lu,Hatyang Hu,Denglei Zhou,Nanjing University of Information Science & Technol,Successful Participant,
2202160,Bing Wu,Xiaoran Wen,Pengyu Chen,Nanjing University of Information Science & Technol,Successful Participant,
2202161,Xian Jiang,Yuemeng Li,Anqi Wang,Nanjing University of Information Science & Technol,Successful Participant,
2202162,Ziqi Li,Tong Zhang,Tian Geng,Nanjing University of Information Science & Technol,Honorable Mention,
2202163,Yiming Gao,Jingxin Wang,Xuli Tan,Dongbei University of Finance and Economics,Successful Participant,
2202164,Peiqi Sun,Mana Sai,Yueyuan Zhang,Dongbei University of Finance and Economics,Successful Participant,
2202166,WANG Ye,YU Chang,LI Xiny1,BNU-HKBU United International College,Successful Participant,
2202167,Keyi Meng,Hao Chen,Lingjia Zhang,Nanjing University of Information Science & Technol,Successful Participant,
2202168,Yu Penghui,Cui Atyu,He Xiaojing,Shanghai Normal University,Successful Participant,
2202169,Cai Mingsheng,Tseng Yuqun,Chu Zukun,Beihang University,Successful Participant,
2202170,Wu Yuxuan,Shen Yuqi,Tao Yilin,Beihang University,Successful Participant,
2202171,ZhiLin Song,Xinye Qiu,Jiawei Lu,Nanjing University of Information Science & Technol,Outstanding Winner,
2202172,Siie Chen,Hui Wu,Xuanhao Zhang,Nanjing University of Information Science & Technol,Honorable Mention,
2202173,Liu Keqing,Huang Feiyang,Ma Zhuoheng,BNU-HKBU United International College,Successful Participant,
2202174,Zehan Wang,Rongrong Guo,Yunhang Ma,Dongbei University of Finance and Economics,Successful Participant,
2202175,Hongyi Ren,Diangiang Zhou,Xinhuan Lv,Dongbei University of Finance and Economics,Successful Participant,
2202176,Pengxiang Zhu,Shengyang Zhou,Qiwen Zeng,Shanghai Jiao Tong University,Finalist,
2202177,Zhaowei Zeng,Bangzhe Sun,Shuhao Lin,Zhejiang University of Finance and Economics,Successful Participant,
2202178,Zuolong Wang,Xiaochang Cheng,Kenan Lu,Zhejiang University of Finance and Economics,Honorable Mention,
2202179,Hanbo Wang,Qiaodong Chen,Yanzhong Xu,Zhejiang University of Finance and Economics,Successful Participant,
2202180,Yixin Chen,Junting Lu,Xu Hua,Northwestern Polytechnical University,Successful Participant,
2202181,Jiahui Qin,Xinyu Zhao,Dong Qun,Beihang University,Successful Participant,
2202182,Jun Zhang,euodong wu,Zonghuan Ye,Jiangsu University of science and technology,Successful Participant,
2202183,Zhaoxuan Shi,Pian Li,Jiacong Qiang,Lanzhou University,Successful Participant,
2202184,Chenyan He,Zi Xiang,Baoli Liu,Jilin University of Finance and Economics,Successful Participant,
2202186,Yujun Wu,Shasha Luo,Lizheng Cao,China Three Gorges University,Successful Participant,
2202187,Shen Die,Yang Minhua,Yan Han,Shanghai Normal University,Honorable Mention,
2202188,Jiyin Shi,Peilin Yin,Xiangyjie He,Zhejiang University,Meritorious Winner,
2202189,Zimin Zhao,Bingtong Chen,Junyao Sun,Shanghai Jiao Tong University,Honorable Mention,
2202191,Zhiyu Tan,Shuoqi Fu,Keyi Xu,Shanghai Jiao Tong University,Successful Participant,
2202192,Yueyan Zhang,Xiny1 Hou,Xintong Cai,Shanghai Jiao Tong University,Finalist,
2202193,Binning Wang,Zhinuo Zhuang,Jielun An,Dongbei University of Finance and Economics,Honorable Mention,
2202194,Jiayue Wang,Zimeng Xu,Yijun Liu,Dongbei University of Finance and Economics,Meritorious Winner,
2202195,Shumin Yang,Yuyun Wang,Jiaying Du,Shantou University,Honorable Mention,
2202196,Kaizhen Zhang,Zhaobin Zeng,Min Liu,East China University of Technology,Successful Participant,
2202197,Haoran Li,Leifeng Fan,Xuanhao Chen,Shantou University,Meritorious Winner,
2202198,Zhang Yi-han,Li Meng-jie,Cao Ran-xing,Beijing Forestry University,Successful Participant,
2202199,Lei Ba,Yulin Chen,Zixin Ruan,Shantou University,Successful Participant,
2202200,Zhuang Dongrun,Xia Jiuzhou, ,Central University of Finance and Economics,Honorable Mention,
2202201,Zhiyuan Tong,Yulong Cai,Xinyan Xie,Shantou University,Successful Participant,
2202202,Yurong Yang,Wenhao Liang,Jiayi Li,Shantou University,Meritorious Winner,
2202203,Xiaotong Chen,Jingyou Zeng,Junan Dai,Shantou University,Successful Participant,
2202204,Xinlei Lin,Zhaotong Wu,Yuhan Tang,Shantou University,Successful Participant,
2202205,Jinhong Cai,Fei Huang,Ning Liu,Shantou University,Successful Participant,
2202206,Zesheng Lin,Ying Dan,Jian Feng,Shantou University,Successful Participant,
2202207,Jiaying Lin,Luning Zheng,Jie Zheng,Shantou University,Successful Participant,
2202208,Bolin Liu,Yirong Zhou,Siyan Li,Shantou University,Successful Participant,
2202209,Yuting Liang,Yixuan Tang,Yuzu Deng,Shantou University,Honorable Mention,
2202210,Min Tang,Yiman Luo,Yinfeng Ou,Shantou University,Successful Participant,
2202211,Zhuozhe Wu,Minzhe Yang,Yizhi Xie,Shantou University,Honorable Mention,
2202212,Haibo Zhou,Wenwen Lu,Zidong Yang,Yulin Normal University,Successful Participant,
2202213,Cuicui Li,Qi Yang,Zhuang Tian,Guizhou University,Successful Participant,
2202214,Hutyi Ren,Xiangyi Xue,Jingwen Ye,Shanghai University,Honorable Mention,
2202215,Hong Li,Yuchen Zhang,Xutao Miao,Nankai University Binhai College,Successful Participant,
2202217,Jingiu Li,Ziqi Zhang,Junke Wang,Shanghai Normal University,Successful Participant,
2202218,Xiangjin Lin,Ankang He,Zijie Liu,Jiaxing University,Honorable Mention,
2202219,Jiawei Wang,Chenyang Li,Yudong Wang,Shaanx1 Normal University,Successful Participant,
2202220,Chao Zheng,Xingtong Chen,Yanling Ye,Jiaxing University,Meritorious Winner,
2202221,Shuyi Zhang,Zhiyuan Qi,Yaliang Hou,Nanjing University of Information Science & Technol,Finalist,
2202222,Ge Rui,Liu Yubin,Xue Bingfei,Beijing Institute of Technology,Successful Participant,
2202223,Jiaqi Chen,Le Dai,Xinping Li,Beijing Institute of Technology,Honorable Mention,
2202224,Mengchi Jiang,Wenhao He,Mei Yang,Jiaxing University,Successful Participant,
2202225,Tong Chen,Shengyan Pan,Jiaxuan You,Jiaxing University,Successful Participant,
2202227,Siwen Jiang,Zhenqi Gu,Jiaru Zhou,Jiaxing University,Successful Participant,
2202228,Qiny1 Zhang,Mingxuan Xu,Chen Xu,Nanjing University of Information Science & Technol,Successful Participant,
2202229,Sen Zhang,Katyu Guo,Jing Ma,Sichuan University,Successful Participant,
2202230,Yutong Tian,Xinyl1 X1ao0,Jinsong Wu,Southwest University,Successful Participant,
2202231,Jie Li,Shudian Ni,Libing Jiang,Shantou University,Successful Participant,
2202232,Yifan Huang,Xincheng Zeng,Guoliang Zhong,Shantou University,Successful Participant,
2202233,Lichi Liang,Xinyi Li,Anqi He,Shantou University,Honorable Mention,
2202234,Chuxin Wu,Jiangfeng Ling,Zexiao Fang,Shantou University,Successful Participant,
2202235,Li Yimiao,Tang Wenlin,Wu Dan,BNU-HKBU United International College,Honorable Mention,
2202236,Hao Jin,Tianhao Liang,Yue Fan,Beijing Institute of Technology,Honorable Mention,
2202237,HuiLing Jiao,JunMin Wang,MengYe Lan,Shanghai Normal University,Successful Participant,
2202238,Fandi Gou,Huidong Xu,Zhihong Li,Shanghai Jiao Tong University,Honorable Mention,
2202239,Xu Chenyang,Tu Jiayin,Wang Gaoyang,Beijing Institute of Technology,Successful Participant,
2202240,Qihang Zhao,Zixuan Yu,Chuanting Liu,Southeast University,Honorable Mention,
2202241,Baoming Lei,Jinbin Wen,Junmiao Zhou,Northwestern Polytechnical University,Successful Participant,
2202242,Lijia Zhou,Kui Wu,Lu Zhang,Jiaxing University,Honorable Mention,
2202243,Cheng Chen,Guilin Song,Wenyie Lu,Jiaxing University,Meritorious Winner,
2202244,Xin Ye,Qian Deng,Mengyu Yao,Jiaxing University,Successful Participant,
2202245,Xiny1 Ye,Xiaowen Chang,Xiaohan Jiang,Jiaxing University,Successful Participant,
2202246,Zhengkun Wang,Yanheng Guo,Jundi Wang,BNU-HKBU United International College,Honorable Mention,
2202247,Yingying Liu,Yan Xu,Hailong Gu,SUN YAT-SEN UNIVERSITY,Successful Participant,
2202248,Zishang Ji,Xuhao Hu,Yizhe Wang,Beijing Institute of Technology,Honorable Mention,
2202249,Ming Ma,Guilin He,Xinyu Wang,Northwest A&F University,Successful Participant,
2202250,Junhui Xu,Yiyue Cao,Yu Zhang,Sun Yat-Sen University,Honorable Mention,
2202251,Chenbo Yan,Zixuan Yang,Haopeng Duan,XIDIAN UNIVERSITY,Honorable Mention,
2202252,Youlan Deng,Yixuan Li,Xingchen Li,Jianghan University,Successful Participant,
2202253,Heng Li,Yukun Zhu,Wenjun Wu,Jianghan University,Successful Participant,
2202254,Xingyu Liu,Jun Li,Chuanwei Shi,Jianghan University,Successful Participant,
2202255,Yuhan Lou,Hexiao Chen,Rongxiao Yu,Jianghan University,Successful Participant,
2202256,Siyuan Tang,Liyong Zhou,Fei Hu,Jianghan University,Successful Participant,
2202257,Lixin Tian,Jiahui Ke,Wenli Zhou,Jianghan University,Successful Participant,
2202258,Tian Tian,Zekai Li,Zhongqian Yang,Jianghan University,Successful Participant,
2202259,Minxin Yao,Tianyao Duan,Zijian Li,Jianghan University,Successful Participant,
2202260,Mengyao Zhang,Zhuoqun Cao,Xiaoqing Huang,Jianghan University,Successful Participant,
2202261,Naifeng Zhang,Xiaoyao Qiu,Xifan Song,Beijing Institute of Technology,Honorable Mention,
2202262,Jikai Yang,Chengchen Ma,Zihan Li,Huazhong University of science and technology,Successful Participant,
2202263,Qingqing Cheng,Liangliang Yang,Xingyu Chen,Hangzhou Institute for Advanced Study  UCAS,Successful Participant,
2202264,Ziang Chen,Zhuoqiang Wang,Zongqi Zhao,Harbin Institute of Technology,Successful Participant,
2202265,XinYang Song,JiaQi Si,Tianhao Wu,XiDian University,Successful Participant,
2202266,Jiaru Wen,Ao Meng,Dinghao Duan,Shanghai Customs College,Honorable Mention,
2202267,Ruohan Lu,Lin Wu,Wenying Lin,Shanghai University,Successful Participant,
2202268,Peiie Li,Gaoyang Li,Yueying Wang,Huazhong University of Science and Technology,Successful Participant,
2202269,Zirui Liao,Liang Ma,Dairui Li,SUN YAT-SEN UNIVERSITY,Successful Participant,
2202270,Junjie Wang,Qingxia Wang,Chao Song,University of Shanghai for Science and Technology,Successful Participant,
2202271,Songsi Yan,Ran Ma,Xiaotian Yang,Tibet University,Successful Participant,
2202272,Syia Wang,yunshu liang,yongqing liu,The university of shanghai for science and technolog,Honorable Mention,
2202273,Wenya Zhang,Linyao Jiang,Mengping Li,Shanghai University,Successful Participant,
2202274,Caixuan Guo,Jianan Yan,Renjie Yin,Shenzhen University,Successful Participant,
2202275,Runhe Lai,Yang He,Zhiping Zhou,South China University of Technology,Honorable Mention,
2202276,Geng tingting,Syia Yang,Chao Li,Tianjin University of Commerce,Successful Participant,
2202277,Xinyue Yao,Jie Mei,Weiyang Tong,Zhongnan University of Economics and Law,Successful Participant,
2202279,Liu Jinlong,Liu Zenghui,Liang Deyu,shenyang jianzhu university,Honorable Mention,
2202280,Cheng Ran,Wang Pengyang,Xiao Zipeng,shenyang jianzhu university,Successful Participant,
2202281,Haoran Chen,Jiahui Nie,Jiayin He,Guangdong Ocean University,Successful Participant,
2202282,Chen Zihan,Li Shengyie,Ni Tao,Huazhong University of Science and Technology,Honorable Mention,
2202285,Xu Jiewel,Li Huai,Xiao Xinjia,shenyang jianzhu university,Successful Participant,
2202287,Shuchang Hu,Chen Wang,Xlangfeng Sun,South China University of Technology,Successful Participant,
2202288,Yuanhao Liang,Ningqi Liu,Jiay1 Ding,Nankai University,Meritorious Winner,
2202290,Haohong Weng,Junjie Wu,Junjie Zeng,Guangdong Ocean University,Meritorious Winner,
2202291,Hao Du,Yurui Liu,Yuxuan Wu,Nanjing University,Successful Participant,
2202292,X1aoxiao Fang,Yida Sha,Qingyuan Liu,Lanzhou University,Honorable Mention,
2202293,Hanwen Ji,Rujie Ouyang,Lefei Qi,Liaoning University,Successful Participant,
2202294,QU Weiting,LI Yuanhao,LIN Shujia,BNU-HKBU United International College,Successful Participant,
2202295,Yicheng Wei,Zhongrui Ning,Yuhang Wang,Nanjing University of Information Science & Technol,Successful Participant,
2202296,Jiayi Weng,Yinglin Xu,Yingyjie Sun,Being Jiaotong University,Disqualified - P,
2202297,Jingjing Ma,Guanghui Wu,Yying Dai,Hefei University of Technology,Successful Participant,
2202298,Jiayi Wang,Bingyu Shi,Zuchen Li,Beihang University,Successful Participant,
2202299,Wety1 Guo,Wangyi Zheng,Zhaocen Zhang,Beijing Institute of Technology,Meritorious Winner,
2202300,Yi Li,Zuyao Song,Baiyi An,Fudan University,Honorable Mention,
2202301,Zhu Lv,Haiqing Gao,Shuangchen Du,Nanjing University of Information Science & Technol,Successful Participant,
2202303,Yichi Zhang,Chenxin Huang,Dake Li,Fudan University,Successful Participant,
2202304,Jiaxu Feng,Yuanzhuo Zhang,Mengying Yang,Fudan University,Successful Participant,
2202305,Chenyang Cao,Yaolin Yu,Yasi Zhang,Fudan University,Meritorious Winner,
2202306,Zhekun shi,yuxin wang,yuke an,Peking University,Successful Participant,
2202307,Hao Sun,Junjie Mu,Boxuan Du,Hefei University of Technology,Meritorious Winner,
2202310,Keyao Zhan,Kewei Wang,Xu Zheng,Peking University,Meritorious Winner,
2202311,Le Wel,Bo Feng,Cong Chen,Hefei University of Technology,Successful Participant,
2202312,Guoxiong Gao,Jiahe Li,Yusong Huang,Peking University,Honorable Mention,
2202313,Yizhao Chen,Ruixiang Luo,Qiliang Huang,Peking University,Successful Participant,
2202315,Zichen Xie,Rongyu Zhu,Zhihan Huang,Peking University,Honorable Mention,
2202316,Zixiuji Wang,Hao Luo,Weimin Xiong,Peking University,Meritorious Winner,
2202317,JONATHAN YI-AN TAN,Huiying Zhong,Chenyang He,Peking University,Successful Participant,
2202320,Binnan Wang,Ziyu Wang,Jiahao Meng,Peking University,Finalist,
2202321,Lang Baiming,Huang Yanqi,Han Shanyu,Peking University,Successful Participant,
2202322,Yuyang Liu,Zebin Yang,Jiangyan Ma,Peking University,Successful Participant,
2202323,Yipeng Cheng,Xiangyu Liu,Zhichao Zhu,ShanDong Jiao Tong University,Successful Participant,
2202324,Hao Zhou,YingQing Guo,YiYang Fan,Peking University,Honorable Mention,
2202326,Kai Jiang,Zhanwei Zhang,Hongyang Wang,Peking University,Successful Participant,
2202327,Wang Zhongyao,Zhao Pengcheng,Zhang Zhiwei,Peking University,Successful Participant,
2202329,Lei Cao,Maosen Zheng,Tiany1 Wang,Peking University,Successful Participant,
2202330,Du Tianqi,Zhang Yihao,Zhang Xinyin,Peking University,Honorable Mention,
2202331,Jun Sun,Xiao Pu,Zuliang Cheng,Peking University,Meritorious Winner,
2202333,Jinrun Han,Xinyuan Lv,Weitao Wang,Peking University,Successful Participant,
2202334,Tang Sihao,Sun Chenjie,Cao Yuqi,Peking University,Honorable Mention,
2202335,Yicheng Qian,Yuhan Guo,Yihui He,Peking University,Honorable Mention,
2202336,Mouyang Cheng,Liyuan Liang,Changxiao Xie,Peking University,Honorable Mention,
2202337,Mingchuan Shao,Minghui Li,Yajing Liu,Nanjing University of Information Science & Technol,Successful Participant,
2202338,Cui Jinzhi,Guo Linyang,Zhang Yongxiang,Nanjing University of Information Science & Technol,Unsuccessful - I,
2202339,Pengji Shen,Xiemeng Kun, ,Shanghai Jiao Tong University,Successful Participant,
2202340,Sihan Zhu,Ting Zhang,Jiaxin Liu,Fudan University,Successful Participant,
2202341,Zhangbohong,Yangzhidan,Shiyuqi,Nanjing University of Information Science & Technol,Honorable Mention,
2202342,Zilu Meng,Tianyu Chen,Mengyuan Yao,Nanjing University of Information Science & Technol,Successful Participant,
2202343,Yayu Liu,Tanghua Ye,Junke Zhu,Nanjing University of Information Science & Technol,Honorable Mention,
2202344,Huang Hongweli,Zhang Jiaolong,Chen Zhenglong,Nanjing University of Information Science & Technol,Finalist,
2202345,Tianshu Xu,Jiaxi Qian,Jinghao Shao,Nanjing University of Information Science & Technol,Meritorious Winner,
2202346,Xiaoyang Qi,Jinghang Xu,Zhifei Wang,Nanjing University of Information Science & Technol,Finalist,
2202347,Minhui Yang,Junzhe Gu,Chengrui Tian,Nanjing University of Information Science & Technol,Meritorious Winner,
2202348,Peng Wang,Xuesi Hu,Zheng Zhao,Anhui Agricultural University,Successful Participant,
2202349,Siqi Shen,Zhankang Xu,Yue Zhang,Northwest A&F University,Honorable Mention,
2202350,ZongLiang Zhang,FengGuang Zhou,Xi Chen,Nanjing University of Information Science & Technol,Meritorious Winner,
2202351,Chenxing Zheng,Yue Wu,Zhaolin Zhang,Northwest A&F University,Honorable Mention,
2202352,Kanghua Zhu,Hanqi Ou,Bixuan Liu,Southeast University,Honorable Mention,
2202353,Yujue Wang,Kunyang Yu,Zhengjin Wang,Southeast University,Finalist,
2202354,Zhuorong Li,Kehaoyu Yang,Xiang Ma,Southeast University,Meritorious Winner,
2202355,Wang Jiaxuan,Zhu Yanlin,Xiong Zihao,Southeast University,Honorable Mention,
2202356,Mengling Gong,He Zhang,Shuang Wu,Southeast University,Successful Participant,
2202357,Yudan Wang,Rutyi Ni,Shuyan Bai,Beijing Institute of Technology,Honorable Mention,
2202358,Junhao Huang,Jiashen Li,Shihui Huang,South China Normal University,Honorable Mention,
2202359,Xiaozhi Liu,Chunwang Yang,Chunyu Yan,Civil Aviation University of China,Honorable Mention,
2202360,Guowang Li,Yanru Dong,Wentao Chen,Dalian University of Technology,Successful Participant,
2202361,Xiaolin Liu,Ziyin Peng,Yuqing Li,Ocean University of China,Successful Participant,
2202362,Yihao Gu,Haina Qian,Yifan Ruan,Fudan University,Meritorious Winner,
2202363,Zhuoxuan Liu,Zecan Wang,Kaihan Chen,Sun Yat-Sen University,Successful Participant,
2202364,Shuguang QIU,Zhen XIE,Yunhao CHEN,East China University of Technology,Successful Participant,
2202366,Zhang Yingxin,Wang Zhuochen,Li Min,shenyang jianzhu university,Meritorious Winner,
2202367,Liu delong,Dou Zhongyu,Zhang yakun,shenyang jianzhu university,Successful Participant,
2202368,Zheng Qiang,Tang Jie, ,shenyang jianzhu university,Honorable Mention,
2202369,Hua Rundong,Kang Fangya,ZhouJunzhu,shenyang jianzhu university,Successful Participant,
2202370,Yang chen,Xue Yandong,Lixin,shenyang jianzhu university,Successful Participant,
2202371,Guoyun Zhang,Ziyi Wang,Junye Ji,Fudan University,Honorable Mention,
2202373,Xiny1 Tang,Ying Zhou,Rongkai Wei,Fudan University,Successful Participant,
2202374,Dong Huanchen,Zheng Wugeng,Chen Jixiang,BNU-HKBU United International College,Successful Participant,
2202377,Wang Shihan,Ye Yang,Wang Yueqi,BNU-HKBU United International College,Successful Participant,
2202378,Ran Li,Adam Adair Wilson,Zhili He,Northern Arizona University,Successful Participant,
2202379,Tian Rongqian,Zeng Xu,He Datyi,BNU-HKBU United International College,Successful Participant,
2202380,Zihan Gu,Ruoxuan Zhang,Xingzi Zhang,Shanghai Jiao Tong University,Successful Participant,
2202381,Jingfan Yang,Yan Liu,Zeng Can,National University of Defense Technology,Disqualified - P,
2202382,Xinyi Liu,Rui Zhu,Zheyan Li,Fudan University,Honorable Mention,
2202383,Zhiing Huang,Yichuan Zhang,Zhenhui Xi,Shanghai University,Successful Participant,
2202384,Haoxuan Xu,Mengyao lang,Xiaoyl Fang,Dongbei University Of Finance And Economics,Meritorious Winner,
2202385,Yueteng Zhang,Yuanfan Zhou,Junyuan Chen,Nanjing University of Posts and Telecommunication,Honorable Mention,
2202386,Changxuan Chen,Yixian Qin,Yang Y1,Sichuan University,Honorable Mention,
2202387,WU Enbao,ZHANG Aiulian,ZHANG Junyi,Donghua University,Successful Participant,
2202388,Wanbing Wang,Yanan Wang,Haoyu Han,BNU-HKBU United International College,Successful Participant,
2202389,Yihe Ni,Siying Zhang,Wenping Zhang,Nanjing Forestry University,Successful Participant,
2202390,Wenjie Lv,Wenxu Qian,Rui Zu,Shanghai University,Successful Participant,
2202391,Liqun Long,Wenrong Li,Yuchen Rui,University Of Shanghai For Science And Technolog,Honorable Mention,
2202392,Yuanliang Wan,Chengxian Zhao,Yuanze Xu,ShangHai University,Successful Participant,
2202393,Mouxin Wang,Sunlei Zhan,Zhitao Guo,University of shanghai for science and technology,Successful Participant,
2202394,Qingkang Ni,Haopeng Li,qinghao Meng,Lanzhou College of Information Science and Technol\xab,Successful Participant,
2202395,Yiheng Qin,Jinbiao Tang,Tan Chu,Huazhong University of Science and Technology,Successful Participant,
2202396,Xiaochen Ma,Yikun Han,Yuyang Ji,Sichuan University,Honorable Mention,
2202397,Li Zihan,Zhou Mengting,Li Linkai,BNU-HKBU United International College,Successful Participant,
2202398,Xing Songsirou,Liu Qizheng,Su Anqi,BNU-HKBU United International College,Successful Participant,
2202400,Hongyan Huang,Ningyue Wu,Yinbing Chen,Northwest A&F University,Finalist,
2202401,Zihao Zhao,Gefei Hu,Yiheng Lv,Donghua University,Successful Participant,
2202402,Qianyu Xu,Wanting Liu,Di Pei,Donghua University,Successful Participant,
2202403,Xiangling Ding,Jiahui Chen,Ruoqi Lin,Guangdong Ocean University,Honorable Mention,
2202405,Huang Zihan,Hu Yijia,Li Jinrui,Beihang University,Successful Participant,
2202406,Ma Qun,Li Jianhang,Fang Yingrong,Donghua University,Finalist,
2202407,Yicheng Shen,Chen Chen,MinSheng Luo,Zhejiang University of Finance & Economics,Honorable Mention,
2202408,Diyi Zhu,Guoquan Zhou,Pengxiang Shen,Yancheng Teachers University,Successful Participant,
2202409,Leilei Shi,Zhuoying Ying,Kezhuo Li,Jiaxing University,Finalist,
2202410,Caihai Guan,Zequn Dong,Zhihao Wang,Jiaxing University,Meritorious Winner,
2202411,Ni Zeng,Jian Fang,Liru Zhang,Jiaxing University,Honorable Mention,
2202412,Yang Chen,Lingyjie Zhang,Guanbao Wu,Jiaxing University,Honorable Mention,
2202413,Jiayin Chen,Keyu Li,Jingyi Wu,Shanghai Jiao Tong University,Successful Participant,
2202414,Dengzhen Lu,Yeyu He,Runze Suo,Harbin Institute of Technology  Shenzhen,Meritorious Winner,
2202415,Yanlong Chang,Juiyang Xu,Le Gu,Inner Mongolia University of Technologe,Honorable Mention,
2202416,QiAn Zhu, , ,Guangdong University of Finance and Economics,Disqualified - P,
2202417,Xu Ke,Ma Shuai,Wen Xingyue,Guilin Institute of Information Technology,Honorable Mention,
2202418,yisheng dong,haitao zhu,hongyu shi,tianjin university,Honorable Mention,
2202419,Meng Gao,Sichao Wang,Wenwen Cheng,Fudan University,Successful Participant,
2202420,Guiming He,Yuxuan Jia,Luting Wang,Donghua University,Successful Participant,
2202421,Bin Wang,Xiaogiang Wan,Xingyu Qiu,Fudan University,Honorable Mention,
2202422,CheXinHao,WangPing,Jiangyingyu,shenyang jianzhu university,Successful Participant,
2202423,ChenHuiMin,LiYunQi,Zhang Wenqi,shenyang jianzhu university,Successful Participant,
2202424,Gui jing yu,Zhang Ziyang,Zhang Siyuan,shenyang jianzhu university,Successful Participant,
2202425,Haobin Wei,Yu Zhang,Yangzhi Huang,Northwest A&F University,Honorable Mention,
2202426,Zhang Min,Zhang Yihao,Yue Yu,shenyang jianzhu university,Successful Participant,
2202427,Hu Shushen,Yu Hatyan, ,shenyang jianzhu university,Successful Participant,
2202428,Yuan Sui,Yingying Huang,Yiwei Ren,Southern University of Science and Technology,Finalist,
2202429,Meng Kuo,Sun Zeping,Zhang Hanwen,shenyang jianzhu university,Finalist,
2202430,Li Zyl,Sun Xinyl,Chen X1aox1ao,shenyang jianzhu university,Finalist,
2202431,Wei Wenyi,Wang Hui,Zhang Miao,shenyang jianzhu university,Successful Participant,
2202432,JingJing Zheng,Tian Xie,Qianwei Wang,Shanghai Jiao Tong University,Honorable Mention,
2202433,Xinyi Miao,Chenxi Wang,Chengyu Wang,Southwestern University of Finance and Economics,Successful Participant,
2202434,XU Shuang,LYU Wenchu,TIAN Haoli,BNU-HKBU United International College,Successful Participant,
2202435,Zhou Kaifeng,He Xi,Zhao Haiqiao,shenyang jianzhu university,Successful Participant,
2202436,Xing Na,Nie Fengxiang,Liang Yu,shenyang jianzhu university,Honorable Mention,
2202437,Shibin Xie,Yife1 Ma,Xinqi Liu,Donghua University,Finalist,
2202438,Hanxue Zhang,Tianyu Tu,Ruiyie Yu,Shanghai Jiao Tong University,Meritorious Winner,
2202439,Qingshan Tan,Bin Wu,Jie Du,Sichuan University,Meritorious Winner,
2202440,Jianing Zhou,Zhixuan Jiang,Wenjing Zheng,Anhui Normal University,Successful Participant,
2202441,Meyia Zhou,Han Yan,Yajing Li,Donghua University,Honorable Mention,
2202442,Bingke Cai,Zhen Zhang,Xiang Feng,Lanzhou University,Honorable Mention,
2202443,Jinwen Ding,Xiaodie Pan,Jiaqi Zou,East China University of Technology,Successful Participant,
2202445,Shuwen Pang,Yueli Zhao,Jing Qian,Guangzhou University of Chinese Medicine,Disqualified - P,
2202446,wangjinyan,wangyuying,shixi,ZhengZhou University,Honorable Mention,
2202447,Wei Deng,Naiming Cao,Qinyun Deng,Beihang University,Honorable Mention,
2202449,Bofan Liu,Yiling Yuan,Jiamin Guo,Nanjing University of Information Science & Technol,Successful Participant,
2202450,Runhua Li,Ge Ouyang,Yueyang Jin,Donghua University,Successful Participant,
2202451,Jie Xu,Chaochao Zhou,Yao Jin,Zhejiang University of Finance & Economics,Meritorious Winner,
2202453,Yuxiang Xie,Shaojia Ma,Shengli Yang,Zhengzhou University,Successful Participant,
2202454,Qian Wel,Lu Zhiying,Gao Zeyuan,Northwestern Polytechnical University,Unsuccessful - I,
2202455,Xinbo Zhu,Chenyun Zuo,sen zhang,Nanjing University of Aeronautics and Astronautics,Successful Participant,
2202456,Jingjing Cai,Jiahao Liu,Mengmeng Chen,Zhejiang University of Finance & Economics,Meritorious Winner,
2202458,Ziping Xu,Yang Shao,Beilv Ye,Zhejiang University of Finance & Economics,Successful Participant,
2202459,Zehao Chen,Xirui Kang,Qingpeng Zhao,Nanjing University of Posts and Telecommunication,Successful Participant,
2202460,Jixin Min,Jinxiang Du,Hang Yue,Huazhong University of Science and Technology,Successful Participant,
2202461,Haida Zhou,Xuan Chen,Yuanhao Su,Zhejiang University of Finance & Economics,Successful Participant,
2202462,Yu Zhang,Shirui Zhang,Hui Shen,Nanjing University of Information Science & Technol,Honorable Mention,
2202463,Yilin Yu,Ziyi Zhu,Qinjie Chen,Zhejiang University of Finance & Economics,Meritorious Winner,
2202464,Gao Yunxuan,Liu Ziyi,Hu Weicong,BNU-HKBU United International College,Successful Participant,
2202465,Linglong Ding,Yidan Sun,Zichen Wang,Nanjing University of Information Science & Technol,Finalist,
2202466,Zhiwen Zhao,Jianliang Zhao,Xueli Jiang,Nanjing University of Information Science & Technol,Successful Participant,
2202467,Zhen Wang,Pe1Yuan Liang,XiangRui Xu,Nanjing University of Information Science & Technol,Successful Participant,
2202468,Jiawei Li,Lei Ma,Zhongx1 Wu,Donghua University,Meritorious Winner,
2202469,KEXIN JIN,JINGWEN CHEN,ZEMING ZHAO,BNU-HKBU United International College,Successful Participant,
2202470,Wang xinyue,Sheng Ding,Wang xinyan,Donghua University,Successful Participant,
2202471,Tiantian Zhang,Yanru Wang,MENG Chu,Being Jiaotong University,Successful Participant,
2202472,Ziyi Wang,Yimo Cai,Di Wang,tast China Institute of Technology  Yangtze River Col,Successful Participant,
2202473,Ruiyie Gong,Yifan Hou,Jiahe Bai,Fudan University,Successful Participant,
2202474,Yihan Guo,Zichun Zhou,Wangy1 Mei,Fudan University,Successful Participant,
2202475,Yi Yuan,Wenyi Yang,Nan An,Harbin Institute of Technology  Weiha1,Meritorious Winner,
2202476,Jiajun Liu,Qize Ma,Jieman Yan,Harbin Institute of Technology  Weiha1,Honorable Mention,
2202477,Jintao Zhang,Zhihao Xu,Jingli Lin,Shanghai Jiao Tong University,Honorable Mention,
2202478,Gao Xuanxuan,Sui Yuesheng,Wan Jiahao,shenyang jianzhu university,Successful Participant,
2202479,Chenlong Shao,Ting Wang,Meige Yang,tast China Institute of Technology  Yangtze River Col,Disqualified - P,
2202480,Shikun Gao,Chaoyu Chen,Changtfa Zeng,tast China Institute of Technology  Yangtze River Col,Successful Participant,
2202481,Li Yunpeng,Zhang fengrul,Zhang Yu,shenyang jianzhu university,Unsuccessful - I,
2202482,Wang Zheng,Zhang Ruiyi,Zhang Yuan,BNU-HKBU United International College,Successful Participant,
2202483,Aotian Yu,Haotian Fu,Kezhi Li,Shanghai Jiao Tong University,Honorable Mention,
2202484,Weijun Ye,Lingyan Zhang,Xiangjian Kong,Donghua University,Successful Participant,
2202485,Jun Ouyang,Houqi Shen,Hao Peng,Huazhong University Of Science And Technology,Successful Participant,
2202487,Chunliang Ye,Xing Zou,Qinghao Li,tast China Institute of Technology  Yangtze River Col,Successful Participant,
2202488,Xunrong Li,Lingmin Guo,Zhisheng Liu,tast China Institute of Technology  Yangtze River Col,Successful Participant,
2202489,Zhaohua Chen,Jie Zhou,Benjie Liu,tast China Institute of Technology  Yangtze River Col,Successful Participant,
2202490,Jiaxi Liu,Ke Han,Pengfei Tu,Beihang University,Successful Participant,
2202491,Weixuan Huang,Jiantao Li,Chenshou Guo,tast China Institute of Technology  Yangtze River Col,Successful Participant,
2202492,Bin Wan,Jinhua Wan,Jiabao Wu,tast China Institute of Technology  Yangtze River Col,Successful Participant,
2202493,Jianbing Ke,Wutao Yang,Junteng Li,tast China Institute of Technology  Yangtze River Col,Successful Participant,
2202494,Yuyou Wang,Fengqi Huang,Yougui Peng,tast China Institute of Technology  Yangtze River Col,Successful Participant,
2202495,Dan Zhang,Feng Zou,Jixiang Jiang,tast China Institute of Technology  Yangtze River Col,Successful Participant,
2202496,Chen Xu,Zuosheng Ye,Quanhao Shen,tast China Institute of Technology  Yangtze River Col,Successful Participant,
2202497,Meng Zhang,Xinpeng Zhou,Zhen Xu,tast China Institute of Technology  Yangtze River Col,Successful Participant,
2202498,Xiang Zhang,Chaodi Weng,Qi Jin,tast China Institute of Technology  Yangtze River Col,Successful Participant,
2202499,Siyong Huang,Yilin Pan,Haobin Chen,South China University of Technology,Honorable Mention,
