2228001,Maksymilian Wolski,Jakub Michalski,Mateusz Lichota,Imperial College London,Successful Participant,
2228002,Sishan Hu,Xiaomiao Wang,Ting Zhu,Beijing Forestry University,Successful Participant,
2228003,Senrun Zhi,Jiawen Xu,Yifei Chen,Dalian University of Technology,Disqualified - P,
2228004,Zhengyu Yang,Yi Liu,Quancheng Li,Zhengzhou University,Successful Participant,
2228005,Xiaodong Cai,Yifan Li,Naichao Han,Tongji University,Successful Participant,
2228006,Yajie Liu,Zhuoyue Meng,Qixin Zhou,Minzu university of China,Disqualified - P,
2228007,Yongyi Mi,Xiaolong Feng,Yonggong Han,Beijing Forestry University,Successful Participant,
2228008,Wang Tingyue,Zhang Yufan,Qi Ruixue,Xi'an University of Finance and Economics,Successful Participant,
2228009,Chunlei Deng,Runzhi Zhu,Xuexue Han,Liaoning University,Honorable Mention,
2228010,Jingrui Zheng,Yingjie Yang,Yujia Sun,Wuhan University of Science and Technology,Successful Participant,
2228011,ShiYue Xu,Jinqi Y1,Ruihan Liu,Central University of Finance and Economics,Successful Participant,
2228012,Hu Yunlu,Xu Zhuweli,Wang Senxu,Shanghai Maritime University,Unsuccessful - I,
2228013,Yuqi Wang,Yiwen Jiang,Huiwen Deng,Jilin Uni,Successful Participant,
2228015,Ruitao Liu,Tong Zheng,Junzhe Zong,Shanghai Jiao Tong University,Successful Participant,
2228016,Tong Xue,Sirul Xu,Byun Lin,Tianjin Normal University,Successful Participant,
2228017,Shimiao Li,Jixiang Xu,Chengyan Lv,Central South University,Successful Participant,
2228018,Yuzhao Luo,Chengqiao Zhao,Zheng Hu,Beihang University,Successful Participant,
2228019,Yilian Li,Shen Ye,Guobin He,Sichuan University of Science & Engineering,Successful Participant,
2228021,Shuangxiu Lv,Xinran Zheng,Siy1 Lu,Ocean University of China,Successful Participant,
2228022,Xu Delong,Denan Huang,He Qiting,Yangtze Normal University,Successful Participant,
2228026,Liu Meilin,Wang Linchen,Xing Yucheng,Central University of Finance and Economics,Successful Participant,
2228027,Tianqi Xing,YuJie Wang,Jiarong Sun,Inner Mongolia University of Technology,Successful Participant,
2228028,Wu XingYu,Jiang SiChao,Chen JieFeng,Zhejiang University,Successful Participant,
2228029,Chenx1 Dong,Zhuqing Ma,Minging Wang,Nankai University,Honorable Mention,
2228030,Kaiheng Yao,Jingyi Zhang,Yife1 Chen,Southern University of Science and Technology,Honorable Mention,
2228031,Youxuan Chen,Xinyue Gao,Zichao Yang,Ningbo University of Finance & Economics,Successful Participant,
2228032,Xinyue Gao,Le Lin,Yaozhuang Chen,Zhongyuan University of Technology,Successful Participant,
2228033,ZHANG SHUDI,ZHANG LUWEN,WANG JILONG,Beijing Normal University,Successful Participant,
2228034,Xvjie Sun,Zushuai Zhang,Pengfei Sun,Hohai University,Honorable Mention,
2228035,Yin Zhang,Tianqi Wei,Shengxiang Xu,Hohai University,Honorable Mention,
2228036,Zekun Xu,Jichen He,Jinfeng Li,Hohai University,Finalist,
2228037,Yizhen Huang,Keyan Miao,Xinyue Hu,Hohai University,Honorable Mention,
2228038,Li Changqi,Shi Zhichang,Li Xingyue,Xi'an University,Successful Participant,
2228039,Haolin Song,Mingxuan Tang,Yibo Fan,Hohai University,Honorable Mention,
2228040,LIU Pengaqi,LIU Yinghua,ZHU Yiming,Zhejiang University,Successful Participant,
2228041,Ye YunHao,Wang ShuoCheng,Shi Xing Yu,Wuhan University,Successful Participant,
2228042,Shiyu  JIANG,Yuan  YAO,Yangkexin LI,The Chinese University of Hong Kong Shenzhen,Successful Participant,
2228043,ZHANG Yunxuan,CHEN Jiahe,PAN Zhengy1,Zhejiang University,Successful Participant,
2228044,Yi Feng,Shuting Cai,Chuging Wang,Hohai University,Successful Participant,
2228045,Zhang Lining,Sun Sipeng,Chen Yuwel,Chinese University of Hong Kong  Shenzhen,Successful Participant,
2228046,Xiny1 He,Shangde Pan,Weimeng Yuan,Macau University of Science and Technology,Successful Participant,
2228047,Wan Zhonghang,Zhu Yuhan,Huang Yeshi,Beijing Technology and Business University,Successful Participant,
2228048,Junhao Guo,Yutong Xu,ZhaoLan Gong,Northeast Normal University,Successful Participant,
2228049,Sun Yipeng,Liu Yang,Li Fuqi,Renmin University of China,Successful Participant,
2228050,Jiahui Wang,Wanting Xiang,Xiaomeng Gao,Zhengzhou University,Meritorious Winner,
2228051,Deepika Kumawat,Yixiao X1a0,Ana Stan,Mount Holyoke College,Successful Participant,
2228052,Junhao Zhang,Liqing Yang,Huanxi Gong,Southwest University,Successful Participant,
2228053,Zhijie Tang,Yuyang Liu,Yan Li,Hohai University,Honorable Mention,
2228054,Zhang si xiao,Xiong zheng,Zhou xiao chi,Wuhan Textile University,Disqualified - P,
2228055,Xianyl Ye,Chentai Qiao,Yehan Wang,Hohai University,Meritorious Winner,
2228056,Juan Ni,JiaXu Gao,Yu Zhang,Qingdao University of Technology,Successful Participant,
2228057,Jinning Song,Tianren Mao,Xiangquan Mai,XIDIAN UNIVERSITY,Successful Participant,
2228058,Wenqi Zhang,Jiawei Yao,Tianyi Fu,Hohai University,Successful Participant,
2228059,Chaofan Zhu,xlaowei duan,Ao Ding,Xuzhou Medical University,Successful Participant,
2228060,Zhu Zhentao,Huang Q1,Zhang Yuke,Xi'an University,Successful Participant,
2228061,Runyang Li,Lingyun Huang,Fengchen Zhou,Zhejiang Chinese Medical University,Successful Participant,
2228062,Hui Yuan,RongLe Li,Fei Duan,dunan University of Humanities  Science and Technol,Successful Participant,
2228063,Xinyan Zhao,Meng Li,Yang Qu,Sichuan University,Successful Participant,
2228064,Qian Li,Emily Rosaci,Yuxuan Wang,Mount Holyoke College,Unsuccessful - I,
2228065,Qiyu Zheng,Zhidong Yang,wang xin yu,huazhong university of science and technology,Successful Participant,
2228066,Yanran Qin,Liang Zeng,Cao Cheng,Hohai University,Honorable Mention,
2228067,Zirui Liu,Ningyuan Zhang,Helin Wang,Fudan University,Successful Participant,
2228068,Ruyi Sun,Zixuan Wang,Yitao Lin,Hohai University,Successful Participant,
2228069,Ling Xuheng,Zhang Yue,Hou Tongtong,Zhengzhou University,Successful Participant,
2228070,Muwu Ling,Rong Tang,Yongliang Gao,Hohai University,Honorable Mention,
2228073,Yantong Chen,Sihao Li,Yue Xu,Hohai University,Honorable Mention,
2228074,Wanyao Zhang,Zihan Ning,Yuzhao Li,Qingdao University of Technology,Honorable Mention,
2228075,Minmin Yi,Yan He,Senye Qiu,Hohai University,Successful Participant,
2228076,Yaodong Zhang,Zechen Feng,Huaying Xu,Hohai University,Honorable Mention,
2228077,Songyu Bai,Shi Qiu,Yihe Wang,Northeast Petroleum University,Successful Participant,
2228079,Jie Ding,Xuyao Zhao,Tingwei Geng,Hohai University,Successful Participant,
2228080,Jiaqi Luo,Zixuan Wu,Jialuo Wang,University of International Business and Economic:,Meritorious Winner,
2228081,X1aox1 Li,Mengqi Sun,Zhenyu Yang,Hohai University,Honorable Mention,
2228082,Zhangning Zhu,Ting Luo,Yue Pan,ShenZhen University,Successful Participant,
2228083,Zijyun Fu,Haibo Gao,Boyang Li,University of Electronic Science and Technology of Cl,Disqualified - P,
2228084,Xiangcheng Li,Gan Jin,Rongze Pang,Hohai University,Honorable Mention,
2228085,Luo Yang,Shang Jia,Sijia Huang,Southwestern University of Finance and Economics,Honorable Mention,
2228086,Yixuan Chen,Zhuoyue Chen,Tianruo Xu,Hohai University,Honorable Mention,
2228087,Nan Cen,Zhen Shi,Lanjia Xu,Wuhan University,Successful Participant,
2228088,Wei Wang,Liang Qiao,Jiaqi Xiao,Hohai University,Successful Participant,
2228089,Xinyu Lou,Chuangchuang Tao,Jingying Zhuang,Hohai University,Successful Participant,
2228090,Daofu Gong,Yong Li,Yilu Sun,Hubei University of Technology,Successful Participant,
2228091,Bingqian Zhou,Yuhao Ding,Yize Guo,Hohai University,Finalist,
2228092,Feng Zixuan,Wei Lan,Li Yunlong,Peking University,Successful Participant,
2228093,Wenjing Zhang,Metying Liu,Gehang Xue,Hohai University,Successful Participant,
2228094,Jiayi Wang,Yuyang Wang,Ang Chu,Qingdao University of Technology,Successful Participant,
2228095,Jun Wang,Runze Bai,Luyao Jiang,University of Science and Technology Beting,Disqualified - P,
2228096,Runping Zheng,Jiawei Gao,Jianhai Xu,Fuzhou Institute of Technology,Disqualified - P,
2228097,Wenxuan Ji,Zhuoyi Tu,Weichen Li,Central University of Finance and Economics,Successful Participant,
2228098,Chen Cheng,Yinjie Zhong,Huatyu Cao,Hohai University,Honorable Mention,
2228099,Xiaoqi Fan,Weili Lin,Yanmeng Wang,Northeast Petroleum University,Successful Participant,
2228100,Feng Shiyu,Wang Lele,Luo Yijie,X1 an University of Finance and Economics,Successful Participant,
2228101,Zeyu Bai,Xinxin Zhang,Honghang Zhou,Hohai University,Meritorious Winner,
2228102,Meng Feng,Yunfei Liu,Hongrui Yu,Shanghai Lixin University of Accounting and Financ,Honorable Mention,
2228103,Xinrui He,Xinyl Ren,Yutong Liu,Beijing Forestry University,Successful Participant,
2228104,Yaowen Zhang,Weihao He,Shiqi Xu,Sichuan Agricultural University,Successful Participant,
2228105,Guangwu Wu,Shuwei Wu,Chunshi Wang,Guilin University of Electronic Technology,Honorable Mention,
2228107,Shanghaoran Quan,Zhu Qing,Yinxiang Huang,Beihang University,Successful Participant,
2228108,Jiaqi Liang,Xiangyang Song,Lingfeng Tang,Shanghai University,Successful Participant,
2228109,Congshi Zhu,Haojyun Feng,Tong Su,Hohai University,Meritorious Winner,
2228111,Siying Li,Yuechen Bai,Zihan Yang,Hohai University,Honorable Mention,
2228112,Chengyu Li,Haohan Zhang,Xinyu Xie,Beijing University of Aeronautics and Astronautics,Successful Participant,
2228113,Wenyuan Zhang,Xiyun Lu,Ying Zhang,Guilin University of Electronic Technology,Successful Participant,
2228114,Chenrong Ding,LinYu Chen,Linyu Zeng,Sun Yat-sen University,Honorable Mention,
2228115,Ziyan Huang,Xinyu Zheng,Xingyu Zhang,Hohai University,Successful Participant,
2228117,Xiaolu Jiang,Bin Chen,Yuanyuan Zhang,Hohai University,Successful Participant,
2228118,Yang Zihao,Ma MuGuang,Fan Wuhui,Wuhan University of Science and Technology,Successful Participant,
2228119,Liang Yan,Yunlong Wang,Hang Zhou,Jiangsu Normal University,Successful Participant,
2228120,Wei Zhang,Kai Hou,Kunqi Han,Hohai University,Disqualified - P,
2228121,Yitong Niu,Hengzhi Huang,Yutian Wei,Guilin University of Electronic Technology,Honorable Mention,
2228122,Yunan Jiang,Z1ix1ao Xu,Wenhao Yu,Hohai University,Successful Participant,
2228123,Zhao Huan,Huang Zhiyao,Deng Huijie,SHENZHEN UNIVERSITY,Honorable Mention,
2228124,Xinyu Shi,Minhao Zhang,LinXuan Lv,Nanjing Normal University,Honorable Mention,
2228125,Yuchen Jiang,Yihang Wu,Jiryu Li,Guilin University of Electronic Technology,Successful Participant,
2228126,Zhixuan Qi,Wanting Zhang,Miao Wang,Beiying University of Technology,Honorable Mention,
2228127,Yanyu Chen,Xiaoling Luo, ,Southwestern University of Finance and Economic:,Disqualified - P,
2228128,Jingchen Liu,Lei Jin,Siying Lin,Hohai University,Honorable Mention,
2228129,Mingze Li,Jun Luan,Xinyl Hua,Hohai University,Successful Participant,
2228130,Peilin Han,Zhengqi He,Liging Chen,Hohai University,Honorable Mention,
2228131,Tiany1 Tan,Mengchen Cui,Huiwen Wang,Beijing Forestry University,Disqualified - P,
2228132,Haochen Yang,Xinyue Zhang,Jiaoyang Li,Hohai University,Successful Participant,
2228133,Zhou Zhou,Jianing Chou,Feifan Xiong,Soochow University,Successful Participant,
2228134,Zhang Yan,Ye Xinlan,Shang Zhidi,Central University of Finance and Economics,Successful Participant,
2228135,Li Pengcheng,Cong Petyuan,Qing Zhang,Tianjin University,Successful Participant,
2228136,Zhao Jingjing,Wang Yixiang,Wang yiran,Central University of Finance and Economics,Successful Participant,
2228137,Zheng Jin,Tang Yun,Liu Yuan,The Chinese University of Hong Kong  Shenzhen,Successful Participant,
2228138,Ke Gu,Jiahe Yu,Simin Chen,Hohai University,Finalist,
2228139,Wang Jing Yan,Xu Jin Yi,Feng Wen Qian,Xi'an University of Finance and Economics,Successful Participant,
2228140,Zhihe Liao,Xinyang Zhang,Ziyan Xie,Sichuan University,Successful Participant,
2228141,Yuanyuan Wu,Zunsheng Tan,Guoshi Wang,South-Central Minzu University,Unsuccessful - I,
2228142,Zhou Ji,Liu Jinchi,Ma Xinyue,Shenzhen MSU-BIT University,Successful Participant,
2228143,Huidi Qiu,Tianyi Shi, ,Sichuan University,Successful Participant,
2228144,Haosheng Li,MuHao Wei,Shujing Hou,Nanjing University,Honorable Mention,
2228145,Junpu Wang,Tengfei Ren,Hanegxiu Li,Shanghai Jiao Tong University,Successful Participant,
2228146,Wei Fu,Xingyu Tang,Shanci Hu,Southern University of Science and Technology,Successful Participant,
2228147,Xiangyu Wang,Sitian Jiao,Baichuan Liu,Hunan university,Honorable Mention,
2228148,Shuchen Liang,Dan Fei,Xueqian Zhou,Central South University,Honorable Mention,
2228149,Jiaxin Zhao,Siyao Li,Xuhui Ma,South-Central Minzu University,Successful Participant,
2228150,Junlong Ge,Xinkai Hu,Kunhong Xie,JiangXi University of Science and Technology.,Successful Participant,
2228151,Wensong Song,Hongzeng Zhang,Tianrun Yan,Zhejiang University,Honorable Mention,
2228152,Rui Li,Lu Zhang,Guanghuan Yang,South-Central Minzu University,Successful Participant,
2228153,Guo Shengzhao,Zhu Changshuo,Xiong Ao,Northwestern polytechnical university,Successful Participant,
2228154,Gongao Huang,Chunhao Li,Jinghao Zhang,Tianjin University of Finance and Economics,Successful Participant,
2228155,Shuang Wu,Jiaxin Guo, ,Ocean University Of China,Successful Participant,
2228156,Yu Zhu, , ,Nanjing Normal University,Unsuccessful - I,
2228158,Hatyun Sui,Xinru Lin,Yuxuan Wang,University of International Business and Economics,Successful Participant,
2228159,Yang Zhou,NingJia Liu,Yu Zhang,Shenyang Agricultural University,Disqualified - P,
2228160,Collins Nji,Graham Preston,Sergio Quijano-Sanin,Mount St. Mary's University,Successful Participant,
2228161,Pan Gao,Jieying Nong,Junhao Li,South-Central Minzu University,Meritorious Winner,
2228162,Xinchao Yu,Tong Mu,Xiging Zhang,Qingdao University,Successful Participant,
2228163,Jiawei Chen,Yanxin Zhou,Zhijin Yu,University Of Science & Technology Beting,Successful Participant,
2228164,Hao Chen,Guanghui Liu,Ziwel Dat,Zhengjiang Ocean University,Successful Participant,
2228165,Tao Yan,Jiapeng Wang,Chenglin Yu,Hohai University,Successful Participant,
2228167,LEE LOK SZE,CHEN JUNHAO,MA YIDING,Central University of Finance and Economics,Honorable Mention,
2228168,Guangyu Ji,Enze Zhao,Changxin Wan,Hohai University,SIAM Award,
2228169,Yunqi Shi,Xinyuan Yang,Yanze Lv,Nanjing University,Finalist,
2228170,Xinghan Li,Jingya Zhang,Changbin Deng,Hohai University,Meritorious Winner,
2228171,CHEN Menglan,JI Geyu,TAO Sha,the University of Nottingham,Successful Participant,
2228172,Xiaoqgian Sun,Yi Zheng,Wenhao Fang,Hohai University,Successful Participant,
2228173,Lu Qingqian,Wang Wenli,Zhao Jiayi,Jiangsu Normal University,Successful Participant,
2228174,Hualin Bai,Meiqi Cul,Tianxian Liu,Capital Normal University,Successful Participant,
2228175,Xianqin Du,Zijun Wei,Jiaying Ji,South-Central Minzu University,Successful Participant,
2228176,Peiheng Li,Qing Yuan Ma,RuiFeng Ma,Beihang University,Successful Participant,
2228177,Yulin Wu,Yilin Gu,Yuxi Guo,Hohai University,Honorable Mention,
2228178,Yanying Yang,Huanhuan Du,Zhongxuan Yu,South-Central Minzu University,Successful Participant,
2228179,Zhu Haidong,Ni Yunyi,Chen Hongyu,Tongji University,Successful Participant,
2228180,Canyang Chen,Qiuyu Yao,Jiahao Liu,Hohai University,Honorable Mention,
2228181,Yilan Xu,Anxian Huang,Junyu Chen,Hohai University,Finalist,
2228182,Renjie Zhang,Hatyu Yuan,Kaiwen Zhang,Hohai University,Honorable Mention,
2228183,Jingyan Huang,Shiding Cai,Wei Chen,National University of Defense Technology,Successful Participant,
2228184,Boxuan Chen, , ,Huazhong University of Science and Technology,Successful Participant,
2228185,Jiahao Luo,Jingtong Dai,Shun Li,Hohai University,Meritorious Winner,
2228186,Jiacheng Duan,Yunbo Geng,Tao Xu,Hohai University,Honorable Mention,
2228187,Han Xia,Shuheng Zhang,Chongyang Xu,University of Science and Technology of China,Successful Participant,
2228188,Jingfu Peng,Yunshu Wu,Haixiang Yu,Hohai University,Successful Participant,
2228189,Guo Tang,Yutong Lai,Zhigiang Zou,Hohai University,Successful Participant,
2228190,Hanzhe Cui,Yuanjie Zhang,Yisong Xu,Hohai University,Honorable Mention,
2228191,Peng Liu,Long Chen,Zinan Guo,Hohai University,Successful Participant,
2228192,Yuanyuan Wang,Haowen Liang,Jie Tang,Hohai University,Successful Participant,
2228193,Luo Yuxuan,Yang Haolan,Sun Zeyl,Beihang University,Successful Participant,
2228194,X1yu Wang,Binjie Yang,Zicheng Zhu,Wuhan University,Successful Participant,
2228195,Mengzhe Zhang,Mengzhu Li,Wenxin Zhang,Qufu Normal University,Honorable Mention,
2228196,Enchu Shangguan,Junru Zheng,Wanlin Wu,Southwestern University of Finance and Economics,Meritorious Winner,
2228198,Weichuan Zhang,You Xu,Jiahao Zhao,National University of Defense Technology,Successful Participant,
2228199,Xiangyu Tian,Zheyuan Zhang,Jiayue Tao,Tianjin University,Successful Participant,
2228200,Songge Zhang,Tao Su,Jiarui Cul,Changchun University of Science and Technology,Honorable Mention,
2228201,Jayun Shui,Xiayu Cao,Hongyang lang,Shanghai University of Electric Power,Honorable Mention,
2228202,Yutong Li,Ziyi Wang,Zhiming Qi,Hohai University,Honorable Mention,
2228203,Yating Liu,Zhehan Yu,Jiajin Ji,Anhui Polytechnic University,Successful Participant,
2228204,Bingrong Zeng,Yufeng Nie,Yifei Lai,University Of Chinese Academy Of Social Sciences,Successful Participant,
2228205,Dongsheng Jiang,Xinna Chen,Baojie Fu,Anhui University Of Technology,Disqualified - P,
2228206,Zeqing Yuan,Wanjia Zhao,Xiuyuan Wang,Zhejiang University,Successful Participant,
2228208,Yaohao Zhang,Hongji Xu,Tianyu Chen,Beihang University,Honorable Mention,
2228209,Yunhan Li,Yiyan Hua,Xiaohan Yan,Hohai University,Successful Participant,
2228210,Jiayu Chen,Jinge Ma,Wentao Lv,Hohai University,Honorable Mention,
2228211,Shunxian Gu,Zhenning Shi,Keyue Yao,Hohai University,Honorable Mention,
2228212,Huang Jialu,Zhu Guangzhan,Huang Weihong,Guilin University of Technology,Successful Participant,
2228213,Ligao Zheng,Kai Li,Lin Chen,Hohai University,Honorable Mention,
2228214,Bozhi Fu,Jiayu Sun,Jia Qiao,Central university of Finance and Economics,Honorable Mention,
2228215,Cai Songyl,Zhao Qianer,Li Yiyun,Shanghai Lixin University of Accounting and Financ,Successful Participant,
2228216,Caiyi Wang,Ziyu Huang,Zhou Xing,Sun Yat-Sen University,Honorable Mention,
2228217,Wanru He,Zhenshi Yin,Lina Ma,Zhejiang Chinese Medical University,Successful Participant,
2228218,Hao Lu,Bingzhe Yu,Yuhao Zhang,Hohai University,Meritorious Winner,
2228219,Qi Qiu,Runnan Zhang,Jiechao Xie,Hohai University,Successful Participant,
2228220,Zhangruilong Yu,Yunru Sun,Xiangyu Li,Hohai University,Successful Participant,
2228221,Yuxuan Ding,Binglan Gu,Ruiyang Hu,Hohai University,Meritorious Winner,
2228222,Zhanchen Li,Weihan Li,Chen Wang,Hohai University,Meritorious Winner,
2228223,Su Chengxin,Liang Xinyu,Yu Haixin,Guilin University of Technology,Successful Participant,
2228225,Yulin Hu,Weijia Liao,Zhipeng Yuan,Hohai University,Successful Participant,
2228226,Wenyu Li,Boyan Wu,Le Liu,Hohai University,Successful Participant,
2228227,Yuting Duan,Yudong Wang, ,University of Shanghai for Science and Technology,Successful Participant,
2228228,Yuchao Zhang,Yu Chen,Jiayi Lin,Hohai University,Successful Participant,
2228229,Jie Li,Xinyt Li,Zefeng Ni,Hohai University,Successful Participant,
2228230,Fangtao Zhao,Dina Cheng,Wei Gu,Hohai University,Successful Participant,
2228231,Wertyi Shi,Le Ni,Xinyue Qian,Hohai University,Meritorious Winner,
2228232,Yang Zonglin,Cong zhenglong, ,University of Chinese Academy of Social Sciences,Successful Participant,
2228233,Dongyjie Fu,Yuqing Niu,Chenxi Song,Shanghai University,Successful Participant,
2228234,Jiabin Lian,Yuning Jia,Lingbo Yang,National University of Defense Technology,Successful Participant,
2228235,Brendan Villnave,Lydia Robling,Roberto DeFazio,University of Pittsburgh at Johnstown,Unsuccessful - I,
2228236,Yongtao Ding,Shenglin Chen,Haorun Mu,National University of Defense Technology,Finalist,
2228237,Xueyin Xu,Ting Cui,Yeqing Zhang,Renmin University of China,Successful Participant,
2228238,Zhiyi Tang,Auxuan Fan,Jingjie Wan,Shanghai Jiao Tong University,Successful Participant,
2228239,Shuai Zhou,xlaoyu Xing,Xianwang Yuan,National University of Defense Technology,Successful Participant,
2228240,Letian Tian,Zhengdao Dong,Longyjie Gai,National University of Defense Technology,Successful Participant,
2228241,Yuchen Tang,Yumeng Shi, ,Changchun University of Technology,Successful Participant,
2228242,Bing Yan,Feng Jiang,Haili Lu,National University of Defense Technology,Successful Participant,
2228243,Conghui Li,Xufan Wan,Huang Xiaoy1,National University of Defense Technology,Successful Participant,
2228244,Yiting Wang,Xin Mu,Haozhe Bian,University of International Business and Economics,Honorable Mention,
2228245,Ting Lu,Kang Xiong,Changqi Liu,Northwestern Polytechnical University,Successful Participant,
2228246,Daigao Li,Yigun Li, ,University of Shanghai for Science and Technology,Successful Participant,
2228247,Yuanli Zhou,Xilong Chen,Runming Zou,National University of Defense Technology,Honorable Mention,
2228248,Yuting Zhou,Chen Wang,Luqi You,Sichuan University,Successful Participant,
2228249,Hao Qin,Jieqing Huang,Zhiwei Yuan,Guilin University of Technology,Successful Participant,
2228250,Zhaoting Ou,Hanrui Liu,Zhigiao Wang,Ocean University of China,Successful Participant,
2228251,ShiLong Yi,Yiwei Tong,JiangCheng Lu,NUDT,Successful Participant,
2228252,Muge Qi,Xing Hu,Junjie Shi,China University of Geosciences,Meritorious Winner,
2228254,Minghao Shi,Hao Wu,Jiushuo Ruan,Nanjing Tech University,Successful Participant,
2228255,Yifan Wang,Yilin Zhu,Xinran Wang,Ocean University of China,Successful Participant,
2228258,SUN CAIXI,ZHUANG YEQI, ,Huazhong University of Science and Technology,Successful Participant,
2228259,Lily Simmons,Megan Woltz,Katelyn Auman,Shippensburg University,Successful Participant,
2228260,Zenghao Duan,Yutong Zeng,Xiang Li,People's Public Security University of China,Successful Participant,
2228261,Yiyun Li,Zhen Li,Yixin Liang,University of Shanghai for Science and Technology,Successful Participant,
2228263,Bohua Wang,Yihao Pan,Yinghan Hu,University of International Business and Economic:,Successful Participant,
2228265,Sara Welsch,Robbie Stansbury,Sydney Schmidt,Sterling College,Successful Participant,
2228266,Tingke Huang,Yitian Zhou,JiaZhen Pan,Zhejiang University,Successful Participant,
2228267,Yingyjia Liu,Qiulin Yang,Youqi Duan,Renmin University of China,Successful Participant,
2228268,Zimo Wang,Minxin Cheng,Xinyao Li,Southern University of Science and Technology,Successful Participant,
2228269,Haoxuan Cheng,Yu Dong, ,Bohai University,Successful Participant,
2228270,Hunter Kindlin,Gerard Marvin,Steven Hanaway,Shippensburg University,Successful Participant,
2228271,Liu Kunlin,Wang Shuying,Xing Yunqi,Being normal university at ZhuHa1,Successful Participant,
2228272,Chenhao Ouyang,Xuyang Liu,Qirui Jin,Renmin University of China,Successful Participant,
2228273,Zhuang shilong,Xu Qian,Kang Jinlong,renmin university of china,Meritorious Winner,
2228274,Weiran Xiong,Xiaohu Luo,Yizhi Zhou,Sichuan University,Meritorious Winner,
2228275,Xinsong Feng,Bo Zhou,Shiqi Zhang,Chongqing University,Successful Participant,
2228276,Li Xinqiang,Yisheng Deng,Yichen Guo,Sun Yat-sen University,Successful Participant,
2228277,Simon Hodson,Max Worth, ,Grinnell College,Successful Participant,
2228278,Hao Xiaori,Zheng Yufeng,Sang Shijie,Inner Mongolia University of Technology,Successful Participant,
2228279,Xiaofeng Chen,Jiaqi Wang,Fangming Liang,Shenyang Pharmaceutical University,Disqualified - P,
2228280,Yangjunbo,Shiging,Mengyonghui,Nanjing Audit University,Successful Participant,
2228281,Kathryn Hund,Natalia Luna,Molly McCann,Saint Mary's College,Successful Participant,
2228282,Filip Matic,Ahmed Cheema,Ruipeng Deng,Grinnell College,Successful Participant,
2228283,Brooke Brewer,Nadia Hartman, ,Saint Mary's College,Successful Participant,
2228285,Qi Zhou,Zhixin Yu,Peizhi Chen,Jiangxi University of Chinese Medicine,Honorable Mention,
2228286,Coleen Joelle Valencia,Katherine O'Connell, ,Saint Mary's College,Successful Participant,
2228288,Li Jiaqi,Yang Zehua,Tang qi,Wuhan University of Science and Technology,Successful Participant,
2228289,Zhicheng Zhang,Yeqing Shen,Jiying Zhou,Shanghai Jiaotong University,Honorable Mention,
2228290,Yanyao Xu,Runze Shen, ,Wuhan University,Successful Participant,
2228291,Siqian Wu,Lining Quan,Zhihan Wang,University of Southern California,Honorable Mention,
2228292,Zhang Y1,Luo Junqi, ,Central University of Finance and Economics,Successful Participant,
2228293,Jing Zhang,Yin Yin,Zhining Zhang,Sun Yat-sen University,Successful Participant,
2228294,Guorui Song,Jiacheng Wu,Shun Hu,Beihang University,Honorable Mention,
2228295,Hengli Liu,Wenlong Yin,Lanqi Chen,Jiangxi University of Chinese Medicine,Honorable Mention,
2228296,Jozef Koleda,Ales Srsen,Adam Barla,Czech Technical University in Prague,Successful Participant,
2228297,Jiachen Fan,Ruizi Qin,Hua Yi,Guangxi University of Science and Technology,Honorable Mention,
2228298,Rongjin Huang,Xue Zhou,Kun Xie,Guangxi University of Science and Technology,Successful Participant,
2228299,Yilong Ou,Yuliang Li,Xu Wu,Guangxi University of Science and Technology,Successful Participant,
2228300,Min Tang,Panpan Zhang,Zhigiang Qin,Guangxi University of Science and Technology,Successful Participant,
2228302,Lvqiang Lai,Xingi Wang,Dan Zhou,Guangxi University of Science and Technology,Successful Participant,
2228303,Kaichuang He,Lirou Su,Xiaoshan Mo,Guangxi University of Science and Technology,Successful Participant,
2228304,Yuze Wan,Nan Gao,Ming Wu,Shanghai University of Political Science and Law,Successful Participant,
2228305,TuXiuzhu,Ye Yuxin,WangJinger,University of International Business and Economics,Successful Participant,
2228306,Yulei You,Zhekai Ge,Wei Dai,University of Science and Technology of China,Meritorious Winner,
2228307,Zirong Zheng,Jinhao Lu,Yiwei Gan,South China Normal University,Successful Participant,
2228308,Jingxuan Gui,Ting Zeng,Aueyan Wu,Shanghai University,Successful Participant,
2228309,PengBin Dong,LingJuan Wang,Yuan Wang,Northwest University,Successful Participant,
2228311,Zhenya Wang,Da Chen,Wei Meng,QingHai University,Successful Participant,
2228312,Peng Tao,Ying Xu,Shuting Zhong,Jiangxi University of Chinese Medicine,Successful Participant,
2228313,Jia Shuqi,Liu Chuanfeng,Yue ShunXin,Shanghai Business School,Successful Participant,
2228315,Wyan Wan,Serena Li,Ruixiao Wang,University of California  Los Angeles,Unsuccessful - I,
2228316,Asmita Majumder,Alex Shih,Rachel Song,University of California  Los Angeles,Successful Participant,
2228317,Ziqi Li,Mingyan Xia,Yutong Y1,University of California  Los Angeles,Successful Participant,
2228320,Haoyang Lyu,Fengyi Lin,Youxuan Xu,University of California  Los Angeles,Successful Participant,
2228322,Liam Crafton,Kaylie Green,Hannah Boucher,Washington State University,Successful Participant,
2228323,Melissa Matteo,Taylor West, ,Washington State University,Successful Participant,
2228324,Xuan Fei,Yaomin Wang,Jinxian Zhao,Wake Forest University,Successful Participant,
2228325,Li Rongqiang, , ,Dong Hua University,Successful Participant,
2228326,Jiachen Liu,Zishan Shao,Kaixin Zhang,Wake Forest University,Meritorious Winner,
2228327,John Beggs,Samuel Budoff,Jack Hernon,United States Military Academy,Successful Participant,
2228331,Caleb Kim,Sion Yu,Katherine LaReau,United States Military Academy,Successful Participant,
2228332,Michael Waggoner,Alexander Bigelow,Gabriel Leja,United States Military Academy,Successful Participant,
2228333,Hiep Nguyen,Albrun Johnson, ,Gettysburg College,Successful Participant,
2228334,Thanh Duong, , ,Gettysburg College,Successful Participant,
2228335,Richie Allende,Anthony Vaccaro,Matthew Murphy Abbott,Clemson University,Successful Participant,
2228336,Janiece Jackson,Lucy Staubes, ,Clemson University,Successful Participant,
2228337,Sally Zhao,Naveen Raman,Clarissa X1a,University of Maryland,Honorable Mention,
2228338,Adam Levav,Abdulrahman Alenazi,Joey Kim,University of Maryland,Successful Participant,
2228339,Edward L1,Carter Tams,Nicholas Morrow,University of lowa,Successful Participant,
2228340,Richard Alexander Howell, , ,Midlands Technical College,Successful Participant,
2228341,Zhicen Lai,Zhou Zheng,Jiqiang Liu,Jiangxi University of science and technology,Successful Participant,
2228342,Albert,Ashish,Jeevan,Washington University in St. Louis,Disqualified - P,
2228343,Ruyue Wang,Xiyu Hu,Qihao Gao,University of Birmingham,Disqualified - P,
2228344,Chenbo Ma,Jintao Guo,Aidong Zhou,China University of Petroleum,Disqualified - P,
2228345,Peter de Bruin,Everest Small, ,Shippensburg University,Successful Participant,
2228346,Hien Nguyen,DJ Slater,Adam Uremek,Saginaw Valley State University,Successful Participant,
2228348,Wenxuan Li,Chih-Hsin Chen,Jingyi Liu,Colorado College,Successful Participant,
2228349,Haoru Yang,Yousheng Tang,Joshua McFeeters,Colorado College,Successful Participant,
2228350,Xallan Wilson,Karl Ficken, ,Pacific University,Successful Participant,
2228351,Rochelle Qu,Jaeva Cash,Enrique Casas Cofradia,Pacific University,Successful Participant,
2228352,Miao Zheng,Biying Lian,Zhenyu Zhang,McMaster University,Successful Participant,
2228353,Kaelen Baird,Allison Blais,Emilios Christodoulou,Skidmore College,Successful Participant,
2228354,Anushka Acharya,Tenzin Sherpa, ,Ramapo College,Successful Participant,
2228355,Sanskar Marahata,Nikolay Valev, ,Ramapo College,Successful Participant,
2228356,Xinyu Liu, , ,University of North Carolina at Chapel Hill,Successful Participant,
2228357,Xinyi Liu,Yuyao Jang,Shuangyi Xie,Sichuan University,Meritorious Winner,
2228358,Jiaqi Lv,Haikang Meng,Xin Liao,Sichuan University,Successful Participant,
2228359,Hang Dai,Xinyl1 Long,Zeyu Xu,Hefei University of Technology,Honorable Mention,
2228360,Rongyi Chen,Lifei Jiang,Jingyue Wang,Communication University of China,Successful Participant,
2228361,Honghao Zhao,Xinwu Ji,Yufeng Hu,Hohai University,Successful Participant,
2228362,Xia Chen,Tianyu Zhao,Lanqin Ye,Hohai University,Successful Participant,
2228363,Haiqing Yang,Aijia Zhong,Wenqi Huang,Hohai University,Meritorious Winner,
2228364,Haokun Fan,Shuo Han,Wenjun Gu,Hohai University,Successful Participant,
2228365,Junwen Xie,Lei Zhu,Jiamin Cao,Hohai University,Meritorious Winner,
2228366,Ozan Tekben, , ,Rowan University,Unsuccessful - I,
2228367,Yaling Li,Xinyl Tong,Yang Zhao,Hohai University,Successful Participant,
2228368,Qiqi Lu,Xuanxuan Li,Hao Wang,Hohai University,Successful Participant,
2228369,Jiawei Yang,Lu Li,Liwen Jia,Hohai University,Disqualified - P,
2228370,Yuhan Cao,Zijie Wang,Hao Yang,Hohai University,Honorable Mention,
2228371,Yue Mao,Heyichen Xu,Zhuoying Li,Hohai University,Successful Participant,
2228372,Hongyjie Lu,Mingyue Hu,Jianjie Zhou,Hohai University,Successful Participant,
2228373,Ling Qin,Jiaxuan Li,Zhiquan Ou,Hohai University,Successful Participant,
2228375,Yanbin Lang,Hongrong Zong,Hongyi Wei,Hohai University,Successful Participant,
2228376,Difeng Zhang,Han Gao,Zhenglong Wu,Hohai University,Honorable Mention,
2228377,Fangying Shi,Yuanzheng Liu,Xin Huang,Hohai University,Successful Participant,
2228378,Shusheng Shuai,Yongrong Hu,Haotian Li,Hohai University,Honorable Mention,
2228379,Shuo Liu,Zhaoyu Chen,Shaohan Wang,Hohai University,Successful Participant,
2228380,Chunwei Shi,Petyuan Sun,Qianyi Cao,Hohai University,Honorable Mention,
2228381,Xiao Zhang,Zeyu Liang,Jiani Zhou,Hohai University,Meritorious Winner,
2228382,Zongtao Qin,Shan Lu,Peipei Zhao,Hohai University,Honorable Mention,
2228383,Yuxin Xiong,Xiaoqiang Hou,Zixu Wang,Hohai University,Successful Participant,
2228384,Mengyuan Fu,Chiyu Zhou,Jiayue Yu,Hohai University,Successful Participant,
2228385,Lu Cheng,Lei Gao,Qi Zhang,Hohai University,Honorable Mention,
2228386,Yujing Sun,Xinhao Du,Ruifei Zheng,Hohai University,Honorable Mention,
2228387,Yuanzhuo Wang,Lingkai Xing,Shicheng Yu,Hohai University,Successful Participant,
2228388,Zhangliang Song,Hao Yang,Jing Huang,Hohai University,Disqualified - P,
2228389,Wendong Chen,Yuzhang Wang,Bowen Zeng,Hohai University,Honorable Mention,
2228390,Ziliang Jin,Huiyun Dong,Weibo Wang,Hohai University,Successful Participant,
2228391,Shaopu Zhang,Yuxin Jiang,Jiangxu Gu,Hohai University,Honorable Mention,
2228392,Ziqi Tang,Yan Yu,Yicheng Cai,Hohai University,Successful Participant,
2228393,Li Q1,Lang Hu,Dongxu He,Hohai University,Successful Participant,
2228394,Zhaoshuo Gao,Yitong Liu,Jie Zhan,Hohai University,Successful Participant,
2228395,Li Mengwei,Zhang Jiale,Liu Yumeng,Xi’an University of Finance and Economics,Successful Participant,
2228396,Zixuan Li,Yuanying Xue,Yu Wang,Hohai University,Successful Participant,
2228397,Zhiqiang Lan,Yichi Zhang,Yihang He,Hohai University,Successful Participant,
2228398,Qilong Yuan,Sihang Zhang,Jiakang Zhang,Hohai University,Honorable Mention,
2228399,Yang Hong,Jichen Xie,Yetao Xu,Hohai University,Successful Participant,
2228400,Linlin Wei,Junjie Zuo,Hance Li,Hohai University,Successful Participant,
2228401,Shuyu Zhang,Fang Peng,Xiaotong Ji,Zhongnan University of Economics and Law,Honorable Mention,
2228402,Minyan Zhu,Hansheng Liu,Kunhang Zou,Hohai University,Honorable Mention,
2228403,Aoqi Sun,Xinyu Cheng,Yixin Bao,Hohai University,Meritorious Winner,
2228404,Jiajie Lu,Yang Deng,Xiuxiu Zhang,Taizhou Vocational College Of Science & Technolog,Successful Participant,
2228407,Sun Chuting,Fan Yuhan,Yang Zesheng,Zhongnan University of Economics and Law,Successful Participant,
2228408,Han Yang,Hemin Wang,Zhengrui Xia,Donghua University,Disqualified - P,
2228409,Jinghang Song,Huarun Ding,Dagqian Li,Sun Yat-sen University,Successful Participant,
2228410,Zihan Li,Xiaokun Cui,Haun Zhang,Xihua University,Successful Participant,
2228411,Fei Teng,Hualu Xu,Yeling Liang,Shiyuan College of Nanning Normal University,Successful Participant,
2228412,Yaqi  You,Wei  Zhao,Ting Me1,Guilin University of Technology,Successful Participant,
2228414,Xingsheng Han,Sa Gao,Linxian Chen,Tongji University,Honorable Mention,
2228415,Jiaxi1 Huang,Minjie Hu,Qiu'e  Yan,Guilin University of Technology,Successful Participant,
2228416,Liyun Fu,Minggang Li,Ruoyu X1a0,Chongqing University of Science and Technology,Successful Participant,
2228417,Yiwei Feng,Yue Zhang,Xin Su,Tianjin University,Meritorious Winner,
2228418,Feng Chenbo,Zhang Han,Xu Kaishi,Guilin University of Technology,Disqualified - P,
2228419,Hatyang Liu,KeNing Wang,Zhe Liu,X1’an University of Technology,Disqualified - P,
2228420,Tao Liu,Chunyue Zhou,Wenjing Qi,Chongqing University of Science and Technology,Successful Participant,
2228421,Chenchen Yu,Miaozeng Du,Haoran Niu,Hohai University,Successful Participant,
2228422,Liu Yutao,Li Chongyang,Chen Xiao,Hubei Minzu University,Honorable Mention,
2228423,Zhuang Qian,Mengcheng Zhu,Lihui Wang,Hubei University,Successful Participant,
2228424,YU SHEN GUO,XIAO XI XUE,KAI HU,Shanghai University of Finance and Economics,Successful Participant,
2228425,Ziqing Lin,Jingyi Zhou,Rongguang Yu,Guangdong Technology College,Successful Participant,
2228426,Cuilan Chen,Rui Wang,Guo Lv,Shanghai Jiao Tong University,Successful Participant,
2228427,Lanqing Liao,Hongji Yuan,Juan Yang,Yangtze Normal University,Successful Participant,
2228428,Au Kang,Mei Kuntong,Cheng Yiping,Guilin University of Technology,Successful Participant,
2228430,Sizhe Qiu,Mingxian Xian,Danhua Zhu,South China Normal University,Successful Participant,
2228431,Yin Gey,Zuo Yuxuan,Zhong Yunuo,Central University of Finance and Economics,Successful Participant,
2228432,Zhang Chengyang,Sun Siyang,Yu Wenjie,Hubei Minzu University,Meritorious Winner,
2228433,Haoyang Liu, , ,Southeast University,Successful Participant,
2228434,Haoren Mao,Boyu Li,Chenging Liao,University of Electronic Science and Technology of ck,Successful Participant,
2228435,Yuanyuan Zhong,Ping Zeng,Yuwei Lai,Jiangxi College Of Applied Technology,Successful Participant,
2228436,Li Yanlin,Ruan Mingzi,Yang Li,Hubei Minzu University,Successful Participant,
2228437,Ruiming Luo,Yi Ding,Jian Peng,Hainan University,Successful Participant,
2228438,Jinhong Chen,Jingrong Li,Cengxin Cal,Nanjing University,Successful Participant,
2228439,Au Rong,Zhang Yiran,Yang Zhengji,Central University of Finance and Economics,Honorable Mention,
2228440,Jinger Chen,Danyan Li,Syie Mo,Huizhou University,Honorable Mention,
2228442,Guofeng Jian,Ziying Luo,Six1 Gong,Huizhou University,Successful Participant,
2228443,Fan Ziliang,Chen Jiahai,Lu Jiali,Guilin University of Technology,Successful Participant,
2228444,Hongzhong Wu,Jinshan We1,Fenglin Ou,Huizhou University,Successful Participant,
2228446,Dequan Kong,Jingmiao Chen,Yanming Yin,Huizhou University,Successful Participant,
2228447,Yanwei Tang,Zecong Xu,Junjie Ye,Huizhou University,Successful Participant,
2228448,Haiting Huang,Jiayi Gao,Ruty1 Gao,Qinghai University,Successful Participant,
2228449,Rongye Ye,Shichao Xu,Huiling Chen,Huizhou University,Successful Participant,
2228450,Xin Zhong,Yutong Zheng,Yeyun Liu,Jiangxi College Of Applied Technology,Meritorious Winner,
2228452,Chang Xu,Man Chen,Baoyi Qiu,chengxs@hzu.edu.cn,Successful Participant,
2228453,Weiting Wang,Muqi Xu,Yuehui Deng,Huizhou University,Successful Participant,
2228454,Lewen Yan,Yang Li,Yaokun Gao,Northwest University,Meritorious Winner,
2228455,Hui Xu,Jiaming Bai,Di Wu,Hubei University of Technology,Successful Participant,
2228456,Liting Wu,Qingyi Lin,Rudu Zhou,Huizhou University,Successful Participant,
2228457,Li Lianwu,Su Hui,Ren Fen,Hubei Minzu University,Successful Participant,
2228458,Hai Luo,Zhipeng Zou,Chenxin Yang,Jiangxi College Of Applied Technology,Successful Participant,
2228459,Zelin Qiu,Keyan Zeng,Chenhui Zhao,Zhengzhou University,Meritorious Winner,
2228460,Liangao Guo,Jiaqi Wang,Wenxu Wang,Qufu Normal University,Disqualified - P,
2228461,Weiqing Li,Huajie Chen,Zebin Yang,Huizhou University,Successful Participant,
2228463,Jiayi Li,Xia Peng,Lingxin Wen,Huizhou University,Successful Participant,
2228464,Yuqian Lan,Junxing Lee,Zhishuang Xu,Qingdao University of Technology,Successful Participant,
2228465,Hanxia Lin,Yanfen Lin,Chunhua Weng,Huizhou University,Successful Participant,
2228466,Ding Hang,Tu Yunlong,Zhu Qiuyu,Hubei Minzu University,Successful Participant,
2228467,Minh Xie,XiaoxianZhang,Rubin Zhang,Huizhou University,Meritorious Winner,
2228468,Xiangfei Liu,Liangqi Zhang,Xiaofen Yao,Jiangxi College Of Applied Technology,Meritorious Winner,
2228469,Bailan Zhao,Shijiao Zhang,Wenkang Dong,Central University of Finance and Economics,Honorable Mention,
2228470,Jianhong Liu,Yuhan Zhou,Shengchao Yuan,Wuhan University,Successful Participant,
2228471,Chuangxin X1a0,Chaojing Yang,Jiaxi Zheng,Huizhou University,Successful Participant,
2228472,Huinan Wang,Wanqi Wu,Ruping Chen,Huizhou University,Successful Participant,
2228473,Zhang Cheng,Li Yuan,Zeng Linjie,Jiangsu Normal University,Successful Participant,
2228474,Jiaqi Teng,Jiacheng Hu,Xi1aoxiao Jiang,Zhejiang University,Meritorious Winner,
2228475,Yu Deng,Zhuoying Deng,Zhaodi Huang,Huizhou University,Successful Participant,
2228476,Shenghao Gu,Haomiao Xia,Mingen Huang,Suzhou University of Science and Technology,Successful Participant,
2228477,Zejyun Ma, , ,Taiyuan University of Technology,Honorable Mention,
2228478,Bang Deng,Qian Luo,Hao Jiang,Shanghai University of Electric Power,Successful Participant,
2228479,Jianye Chen,Jincheng Zhou,Ziqi Guo,Zhejiang University,Successful Participant,
2228480,Mingyi Dong,Yuying Chen,Yuchen Lu,Xiamen University,Honorable Mention,
2228481,Zijing Hu,Zekai Cul,Peihuan Ding,University of international business and Economics,Honorable Mention,
2228482,Ruiqi Yu,Yitong Chen,Haonan Zhang,Zhejiang Chinese Medical University,Successful Participant,
2228483,Nankun Zhao,Peixuan L1, ,Beihang University,Successful Participant,
2228484,Pengyu Ye,Xicheng Liang,Jingxia Wu,Huizhou University,Successful Participant,
2228485,Zhang Tian,Zhang Xinxia,Liu Yan,Hubei Minzu University,Successful Participant,
2228486,Ke Yang,Hanging Xiong,Jiawei Li,Shanghai University of Electric Power,Successful Participant,
2228487,Xinyang Wang,Shiping X1,Xueqing XU,Jiangxi College Of Applied Technology,Honorable Mention,
2228488,Kexin Shi,Junjie Liu,Heng Zhang,Nanjing Vocational University of Industry Technolog,Honorable Mention,
2228489,Zhang Hanyuan,Huang Xiaonan,Weng Jiayi,The Chinese University of Hong Kong  Shenzhen,Successful Participant,
2228490,Jinghan Yang,Jiahao Li,Chi Zhang,Liaoning Technical University,Successful Participant,
2228494,Ruoshan Xin,Yazhao Zhou,Guanchen Hu,McMaster University,Honorable Mention,
2228495,Qingxuan Xu,Yusheng Fan,Jinhui Zhou,Nanjing Agricultural University,Successful Participant,
2228496,Lingrui Zhou,Jiachen Xu,Jialin Zeng,University of international business and Economics,Disqualified - P,
2228497,Liu Kaile,Zhen Peng,LiZibo,University of Chinese Academy of Social Sciences,Disqualified - P,
2228499,Liuya Chen,Meining Zhang, ,China University of Political Science and Law,Successful Participant,
