2202502,Huangxu Chen,Pengfei Mai,Jialiang Huang,South China University of Technology,Successful Participant,
2202503,Jie Dong,Luyang Cheng,Peishi Huang,Zhongnan University of Economics and Law,Successful Participant,
2202504,Qilin Huang,Junbin Zhu,Kaixin Lin,South China University of Technology,Successful Participant,
2202506,Huayjie Su,Shengyjie Qiu,Xiliang Yang,South China University of Technology,Successful Participant,
2202507,Yiping Xie,Kaiwen Cheng,Junjia Hu,South China University of Technology,Successful Participant,
2202508,Xiaowen Huang,Zekai Chen,Fudong Chen,South China Agricultural University,Successful Participant,
2202509,Boan Zhu,Lang Yang,Hongchi Zhou,South China University of Technology,Honorable Mention,
2202511,Xiaorui Liu,Yawen Zhang,Xin Feng,South China University of Technology,Honorable Mention,
2202512,Chun Feng,Yu Huang,Jianru Pang,South China University of Technology,Successful Participant,
2202513,Jiangan Yuan,Zhenghua Chen,Yuxiao Song,South China University of Technology,Successful Participant,
2202514,Shen Yang Deng,ShiCong Liu,YuanChi Suo,South China University of Technology,Finalist,
2202515,Yusen Xiao,Tengfei Chen,Zhenshen Ma,South China University of Technology,Successful Participant,
2202516,Ruibo Wu,Wenying Xiao,Linhejin Wei,South China University of Technology,Successful Participant,
2202517,Junhui Xu,Miao He,Guangfeng Zhou,South China University of Technology,Successful Participant,
2202518,Huan Wang,Xiaoyue Jiang,Yuan Lu,South China University of Technology,Honorable Mention,
2202519,Hongyu Fan,Chenhui Yang,Zichun Sun,Dongbei University of Finance and Economics,Successful Participant,
2202520,Bingxin Xu,Sutian Hou,Wenzhu Cai,Dongbei University of Finance and Economics,Honorable Mention,
2202521,Pengfei Yin,Zhengjia Zhong,Zichen He,Tongji University,Meritorious Winner,
2202522,Yang Liu,Siyu Lu,Kai Sun,Dongbei University of Finance and Economics,Successful Participant,
2202523,CHEN Hong,JIANG Tianhan,LIU Junxuan,BNU-HKBU United International College,Honorable Mention,
2202524,Xiangyue Xia,Shuhui Wu,Qianqi Wang,Sun Yat-Sen University,Successful Participant,
2202525,Wang Liyan,Yang Shenghao,Gu Tianyu,Donghua University,Honorable Mention,
2202526,Shiian Chen,Han Wu,Fengnian Lin,Sun Yat-Sen University,Finalist,
2202527,Yiwen Yang,Junfu Guo,Jingx1 Deng,Shanghai Jiao Tong University,Honorable Mention,
2202528,Tongxiang Zhou,Junying Qiao,Aue Huang,Dongbei University of Finance and Economic,Successful Participant,
2202529,Junkun Hu,Jingyi Zhang,Hongkuan Liu,Dongbei University of Finance and Economics,Successful Participant,
2202530,Rutyi Zhan,Jingling Wang,Jingxuan Liu,Beihang University,Honorable Mention,
2202531,Weiwei Zhao,Yining Liu,Songyuan Li,Dongbei University of Finance and Economics,Successful Participant,
2202532,Jingy1 Chai,Daohan Zheng,Bohao Tang,Shanghai Jiao Tong University,Honorable Mention,
2202533,Nuo Wang,Jiani Feng,Yan Zhang,Dongbei University of Finance and Economics,Successful Participant,
2202534,Qianhua Su,Jielin Li,Xinyue Hu,Dongbei University of Finance and Economic,Honorable Mention,
2202535,Shiyi Liu,Jiaqi Lin,Wei Yin,Dongbei University of Finance and Economics,Honorable Mention,
2202536,Xiaoke Wang,Xiaojing Sun,Xiaojing Li,Dongbei University of Finance and Economic,Successful Participant,
2202537,Hao Du,Wendi He,Xinlei Bian,Dongbei University of Finance and Economic,Successful Participant,
2202538,Qingyue An,Yanli Zhi,Te Han,Dongbei University of Finance and Economic,Successful Participant,
2202540,Yining Leng,Peiqi Mo,Yunxi Zhu,Dongbei University of Finance and Economic,Honorable Mention,
2202541,Linping Shang,Zhenhuan Pan,Yuqi Deng,Dongbei University of Finance and Economics,Successful Participant,
2202542,Yang Yang,Zhan Shen,De Zhang,Zhejiang University of Finance & Economics,Successful Participant,
2202543,Zhiwei Zhang,Yueyang Yao,Tianqi Wang,Dongbei University of Finance and Economics,Successful Participant,
2202544,Wanting Shi,Fetyu Huang,Runsheng Wang,Dongbei University of Finance and Economics,Successful Participant,
2202545,Liyan Wang,Keliang Zhu,Jingjing Lv,Dongbei University of Finance and Economics,Successful Participant,
2202546,Xinyu Wang,Jingy1 Wang,Mingfan Chen,Dongbei University of Finance and Economics,Successful Participant,
2202547,Wenjian Zhang,Petyao Dai,Hongyu Jing,Donghua University,Successful Participant,
2202548,Jingqi Xu,Xianda Zhao,Zhengqiao Wang,Dongbei University of Finance and Economics,Successful Participant,
2202549,Zhouyu Zhang,Yiyao Cui,Qiannuo Li,East China University of Science and Technology,Successful Participant,
2202550,Tong Wu,Shangyi Zhang,Zhigian Wang,Dongbei University of Finance and Economics,Successful Participant,
2202551,Chengjia Dong,Yize Zhang,Boyu Cui,Dongbei University of Finance and Economics,Meritorious Winner,
2202552,Huaiqian Ye,Rongjian Wu,Zexin Li,Beihang University,Successful Participant,
2202553,Kang Wang,Jiatong Liu,Yuansheng Qian,Dongbei University of Finance and Economics,Successful Participant,
2202555,JunLong Wu,Yipin Hu,Jingchi Xu,Harbin Institute of Technology  Weiha1,Successful Participant,
2202556,Yubo Cui,Shunjie Huang,Luheng Ning,Harbin Institute of Technology  Weihai,Meritorious Winner,
2202557,Ye Liang,Jing Wei,X1 Lu,Dongbei University of Finance and Economics,Successful Participant,
2202558,Guangchuan Ji,Yingshuang Gao,Shichao Dai,Harbin Institute of Technology  Weihai,Successful Participant,
2202559,Ke Xin,Yu Xiao,JiaHao Zhang,Ma RYE PKS ( FH),Successful Participant,
2202560,Ruoyu Yuan,Sen Zhang,Zhiging Li,Ma RYE ROWKS ( FH),Successful Participant,
2202561,Yifan Li,Zize Zhao,Ziqian Liu,Beijing University of Posts and Telecommunication,Successful Participant,
2202562,Dongyu Wang,Lu Yu,Shuyu Hou,Dongbei University of Finance and Economics,Successful Participant,
2202563,Yuhe Ma,Shan Lu,Wei Zhao,Dongbei University of Finance and Economic,Successful Participant,
2202564,Yongyu Zeng,Liyang Yan,Xinxin Wang,Dongbei University of Finance and Economics,Successful Participant,
2202565,He Wang,Mingyu Qiao,Haiqiang Xu,Dongbei University of Finance and Economics,Successful Participant,
2202567,Chengcheng Qian,Zijyun Cao,Yudi Zhang,Lanzhou University,Honorable Mention,
2202568,Xinyu Wang,Weihao Zhang,Shiwen Wang,Dongbei University of Finance and Economic,Successful Participant,
2202569,Ren Wenjing,Zhou Xin,Li Qiange,Shanghai Normal University,Successful Participant,
2202570,Cao Junyu,Jiang Hefeifei,Li Shaoxuan,Shaanxi University of Science and Technology,Meritorious Winner,
2202571,Zhuoxin Xu,Chengyjie Wang,Jiayang Wan,Zhejiang University of Finance & Economics,Successful Participant,
2202572,Lv Mingming,An Yuan,Zhou Chengkai,Nanjing Agricultural University,Successful Participant,
2202573,Qingzhe Yang,Mingyu Liu,Hao Peng,Dalian University of Technology,Successful Participant,
2202574,Tianqi Wang,Shitong Yu,Hongyu Chen,Dalian University of Technology,Honorable Mention,
2202575,Jinling Li,Zhuledezi Yeerlan,Tianyang Liu,Dalian University of Technology,Disqualified - P,
2202576,Yanhao Bai,Zhaohuan Teng,Zhiang Xu,Dalian University of Technology,Finalist,
2202577,Guany1 Wang,Tianrui Xie,Junyao Li,Dalian University of Technology,Honorable Mention,
2202579,Yufei Huo,Weiyu Li,Ningrui Wang,Dalian University of Technology,Successful Participant,
2202580,Yaocong Deng,Ruonan Zhou,Sizhuo Zhang,Dalian University of Technology,Successful Participant,
2202581,Jiayu Qu,Shibo Shen,Meix1 Huo,Dalian University of Technology,Unsuccessful - I,
2202584,Zhanlin Li,Bowen Zhai, ,Dalian University of Technology,Successful Participant,
2202585,Wenyu Bao,Yixin Sun,Haining Zhao,Dalian University of Technology,Successful Participant,
2202586,Zeqiang Xue,Wenjia Guo,Luqiao Feng,Dalian University of Technology,Successful Participant,
2202587,Xinyuan Zhang,Jinhang Li,Xiaojing Shi,Dalian University of Technology,Successful Participant,
2202588,Zhen Yuan,Hao Li,Yangguang Kou,Dalian University of Technology,Successful Participant,
2202589,Ke xin Yang,Qian ru Sun,Yi tong Zhu,Dalian University of Technology,Successful Participant,
2202590,Yigui Wang,Bocheng Wang,Yucheng Ren,Dalian University of Technology,Successful Participant,
2202591,Tai An,Boya Zhao,Zhaoqi Wen,Dalian University of Technology,Successful Participant,
2202592,Zhiguang Xiao,Zechao Ma,Qingpeng Zhou,Dalian University of Technology,Successful Participant,
2202593,Xinyun Ge,Chi Wu,Chang Qin,Dalian University of Technology,Successful Participant,
2202594,Jiani Luo,Xiaoqi Shi,Xiaomeng Qin,Dalian University of Technology,Honorable Mention,
2202595,Yunwei Qiu,X1ao Li,Yaocan Liu,Dalian University of Technology,Meritorious Winner,
2202596,Ziao Guo,Qiaoyan Li,Qianrui Liu,Dalian University of Technology,Successful Participant,
2202597,Auze lang,Shangye Li,Zhongyu Zhang,Dalian University of Technology,Successful Participant,
2202598,Linfang Guo,Shixuan Yu,Bolun Li,Dalian University of Technology,Successful Participant,
2202600,Xiaoyue Ji,Ruibo Ren,Zihan Fan,Dalian University of Technology,Successful Participant,
2202601,Tianyi Zhou,Yuan Wang,Tianyue Lv,Dalian University of Technology,Successful Participant,
2202602,Hao Ma,Puxin Wang,Yanbo Wang,Dalian University of Technology,Successful Participant,
2202603,Chang Ge,Xukang Wang,Yinghe Sun,Dalian University of Technology,Successful Participant,
2202604,Dairu ZHONG,Junbo ZOU,Zhoutian SHI,Dalian University of Technology,Successful Participant,
2202605,Yang GU,Jiale Ding,Shihang Gao,Dalian University of Technology,Successful Participant,
2202606,Cheng Chang,Mengzhen Yu,Yiming Zhang,Dalian University of Technology,Successful Participant,
2202607,Yifan Wang,Jiayi Cul,Xiuqi Song,Dalian University of Technology,Successful Participant,
2202608,Beining Hou,Haoyu Chen,Shuhan Cheng,Dalian University of Technology,Successful Participant,
2202609,Chenyun Wu,Xinyan Liu,Haoran Chen,Dalian University of Technology,Successful Participant,
2202610,Jinghong Zheng,Haijuan Cheng,Zongru Shen,Dalian University of Technology,Successful Participant,
2202611,Yixian Zheng,Xiaolu Hou,Xutao Liu,Dalian University of Technology,Honorable Mention,
2202612,Katyue Gong,Jiamu Li,Yupeng Liu,Dalian University of Technology,Successful Participant,
2202613,Xiny1 Wang,Linglin Xu,Tianyi Zhang,Dalian University of Technology,Honorable Mention,
2202614,Yitong Shen,Lin Chen,Jialin Liu,Dalian University of Technology,Successful Participant,
2202615,Yifan Hu,Junning Zheng,Zhanlei Hou,Dalian University of Technology,Successful Participant,
2202616,Minghan Li,Yuejia Zhao,Ziwei Wang,Dalian University of Technology,Meritorious Winner,
2202617,Zhihao Lu,Linlin Zhang,Haixin OuYang,Dalian University of Technology,Successful Participant,
2202618,Yazhuo Ni,Chenlin Zhang,Jia Ni,Dalian University of Technology,Successful Participant,
2202619,Huangchao Song,Tianxiang Du,Yiyuan X1a0,Dalian University of Technology,Honorable Mention,
2202620,Ran Jiang,Ruomu Lu,Xianhui Tang,Dalian University of Technology,Honorable Mention,
2202621,Ziming Wang,Sizhe Fang,Churan Yu,Dalian University of Technology,Successful Participant,
2202622,Ce Zhang,Longfei Zhang,Shenru Yuan,Dalian University of Technology,Unsuccessful - I,
2202623,Zijian Guo,Sheng Xu,Yiyang Lv,Dalian University of Technology,Successful Participant,
2202624,Yibing Gong,Songtao Wang,Yuxin Zhao,Dalian University of Technology,Successful Participant,
2202625,Xin Wang,Jingyan Zhang,Guo Chen,Dalian University of Technology,Successful Participant,
2202626,Zelin Zhang,Yuchen Hou,Jiangyang Yu,Dalian University of Technology,Honorable Mention,
2202627,Zhiyang Wen,Tianyu LI,Yingsong Wang,Dalian University of Technology,Honorable Mention,
2202628,Tingxu Chen,Tian Gao,Yiyang Han,Dalian University of Technology,Successful Participant,
2202629,Junlong Jiang,Hekai Yao,Zihan Liu,Dalian University of Technology,Successful Participant,
2202630,Xingchen Ye,Haoxiang Zhao,Xingchen Yan,Dalian University of Technology,Successful Participant,
2202631,Xiaolong He,Jianing Wang,Le Xu,Dalian University of Technology,Successful Participant,
2202632,Honghao Li,Mei Du,Yu Wang,Dalian University of Technology,Honorable Mention,
2202633,Xinwa Li,Heyuan Ma,Yuxuan Y1,Dalian University of Technology,Honorable Mention,
2202634,Haoming Li,Jinbo Yang,Lining Yang,Dalian University of Technology,Successful Participant,
2202635,Zhixiang Liu,Congrui Li,Zeyu Wu,Dalian University of Technology,Successful Participant,
2202636,Haolin Ju,Haolin Yu,Zhiji Wang,Dalian University of Technology,Successful Participant,
2202637,Yuqi Ding,Yezhou Wang,Kaixiang Shi,Dalian University of Technology,Successful Participant,
2202638,Yongliang Zeng,Junyan Long, ,Dalian University of Technology,Successful Participant,
2202639,Qingyue Ma,Jiaxu Wu,Jia Wang,Dalian University of Technology,Successful Participant,
2202641,Wang Jinjin,Yuan Zhiweli,She Yan,Ocean University of China,Successful Participant,
2202642,AoJia Rui,Xia Zhong,Mo Zhu,1anghai University of International Business and Econ,Honorable Mention,
2202643,Fangyuan Yu,Yuxuan Chen,Bohan Shen,Shanghai Jiao Tong University,Honorable Mention,
2202644,Jun Chen,Xiangfei Jia,Changrui Yu,Southwestern University Of Finance And Economic,Successful Participant,
2202646,Chen Jiahui,Su Shibo,Mo Kongchang,Tongji University,Successful Participant,
2202647,Rui Tang,Jianing Fang,Yunlong Dai,Zhejiang University of Finance & Economics,Successful Participant,
2202649,Siqi Chen,Yimeng Chen,Zixuan Xie,Fudan University,Meritorious Winner,
2202650,Canjie Xu,Xin Wang,Siie Zhou,Nanjing University of Information Science & Technol,Meritorious Winner,
2202651,Meng Yuan,Xiaoman Wang,Hexi Li,Nanjing University of Information Science & Technol,Honorable Mention,
2202652,Jingy1 Guo,Ruiheng Chen,Yikai Zou,Nanjing University of Information Science & Technol,Successful Participant,
2202653,Yueyang Liu,Buqiang Qi,Jiahao Zhu,Nanjing University of Information Science & Technol,Meritorious Winner,
2202654,Junjun Yang,Yu Duan,Shiyin Zhang,Nanjing University of Information Science & Technol,Successful Participant,
2202655,WANG Lei,HUANG Xiaoyu,QI Maoyu,Donghua University,Meritorious Winner,
2202656,Deng Chuxuan,Xiao Yike,Hu Zehan,BNU-HKBU United International College,Honorable Mention,
2202658,Xiao Linjun,Zhu Ziyang,Wang Canbing,Beiying University of Technology,Honorable Mention,
2202659,Li Ruyyie,Li Xuanchen,Li Ruiging,Ocean University of China,Successful Participant,
2202660,Mengchen Lu,Ting Tang,He Sui,Being Jiaotong University,Disqualified - P,
2202661,Xingyan Guo,Hetian Han,Yuling Liu,Fudan University,Meritorious Winner,
2202662,haoyang Xing,Wutianlong, ,ARMY ENGINEERING UNIVERSITY OF PLA,Successful Participant,
2202663,Yuwel wang,Zimao Han,Minghui Yu,Anhui Normal University,Successful Participant,
2202664,Zekai Wu,Li Danying,Aotian Chen,Huazhong University of Science and Technology,Successful Participant,
2202665,LIU ZeQiang,XIONG TianLe,CHEN Y1Tao,Central South University,Successful Participant,
2202666,Ruiqi Li,Zhao Ying,Dongchen Hu,Renmin University of China,Outstanding Winner,
2202667,Yihao Fu,Yijin Gong,Zhuodong Luo,Huazhong University Of Science And Technology,Successful Participant,
2202668,Peihong Wu,Minmin Chen,Yuqiang Li,Fuzhou Institute of Technology,Honorable Mention,
2202669,Zhou Pingping,Xiu Yiduo,Jia Yuxuan,BNU-HKBU United International College,Successful Participant,
2202670,Liu Shuaijun,Hu Xinwen,Pang Shu,BNU-HKBU United International College,Meritorious Winner,
2202671,Zihan Feng,Jun Ying,Xingyu Pei,Dongbei University of Finance and Economics,Successful Participant,
2202672,Xinhui Huo,Xinhui Zhang,Yani Ma,Dongbei University Of Finance And Economics,Honorable Mention,
2202674,Shan Jiang,Huinan Wang,Feng Li,Dongbei University Of Finance And Economics,Honorable Mention,
2202675,Tiansu Qiu,Youran Zhang,Haoging Li,Dongbei University Of Finance And Economics,Honorable Mention,
2202676,Yunfeng Z1,Yukun Zhang,Yiing Chen,Dongbei University of Finance and Economics,Finalist,
2202677,Zijiao Yang,Zhuang Liu,Kangzheng Ge,Dongbei University of Finance and Economics,Successful Participant,
2202678,Bixi Cai,Wendai Lin,Hanwen Chen,Dongbei University Of Finance And Economics,Successful Participant,
2202679,Yuemeng Li,Mingxin Zhu,Wentao Zhou,Dongbei University Of Finance And Economics,Successful Participant,
2202680,Yirong Wang,Yikun Tong,Chiyu Huang,Dongbei University of Finance and Economics,Honorable Mention,
2202681,Yumeng Wan,Ying Jin,Zhixuan Yan,Dongbei University Of Finance And Economics,Honorable Mention,
2202682,LUO Tengxiao,WANG Tianyi,PANG Linze,Being Jiaotong University,Honorable Mention,
2202683,Sizhe Zou,Lingchao Wang,Lingzhi Li,Being Jiaotong University,Successful Participant,
2202684,Tongfei Liu,Ayikuti yasheng,Qin Li,Dongbei University of Finance and Economics,Disqualified - P,
2202685,Yundong Zhou,Aosen Sha,Ruoxuan Ma,Dongbei University of Finance and Economics,Honorable Mention,
2202686,Faming Zhang,Yu Chen,Jialu Chao,Dongbei University of Finance and Economics,Successful Participant,
2202687,Chenxi Zhou,Yanfang Jing,Yining Huang,Dongbei University of Finance and Economics,Successful Participant,
2202688,Jiudi Yuan,Rongrong Wang,Zhuoyan Ma,Dongbei University of Finance and Economics,Successful Participant,
2202689,Xinyu Wang,Xuanda Liru,Yaotong Wu,Dongbei University of Finance and Economics,Meritorious Winner,
2202690,Ye Wang,Qi Zhang,Rui Zhao,Dongbei University of Finance and Economics,Successful Participant,
2202691,Xin Chen,Shuixiu Ren,Fanxi Zhu,Dongbei University of Finance and Economics,Successful Participant,
2202692,Li Yanni,Wang Jiawen,Zhang Xinyu,Being Jiaotong University,Successful Participant,
2202693,Ruixi Chen,Yihan Lu,Yibo Huang,Dongbei University Of Finance And Economics,Successful Participant,
2202694,Yueyao Guan,Jiayi Li,Jiali He,Dongbei University of Finance and Economics,Successful Participant,
2202695,Yihan Zhao,Rui Wang,Xinru Gong,Dongbei University of Finance and Economics,Honorable Mention,
2202696,Yixuan Chang,Hengyun Luo,Rui Yang,Dongbei University of Finance and Economics,Honorable Mention,
2202697,Zhuoru Li,Shuchen Jiang,Ziyi Guo,Fudan University,Successful Participant,
2202699,Yibing Chen,Yunhan Ji,Danyang Wang,Dongbei University of Finance and Economics,Successful Participant,
2202700,Zhixing Zhang,Liyun Yuan,Jishan Wu,Dongbei University of Finance and Economics,Successful Participant,
2202701,Songchao Yang,Junting Yang,Qianyi Xing,Dongbei University Of Finance And Economics,Meritorious Winner,
2202702,Weining Guo,Bin Ouyang,Liang Zhou,Dongbei University of Finance and Economics,Successful Participant,
2202703,Siqi Yao,Yue Gao,Zhengbo Wang,Dongbei University of Finance and Economics,Successful Participant,
2202704,Jiayin Sun,Lizhong Zhang,Qiongfeng Liu,Dongbei University of Finance and Economics,Successful Participant,
2202705,Jiang Kang,Shi Yu,Chen Haoyu,Beihang University,Successful Participant,
2202706,Chi Wang,Zinan Wu,Xiaotong Ye,Dongbei University of Finance and Economics,Honorable Mention,
2202708,Yilin Ji,Qingya Wang,Yufeng Hong,Dongbei University of Finance and Economics,Honorable Mention,
2202709,Tian Peng,Xiaoyu Gan,Zhongqian Cai,Dongbei University of Finance and Economics,Successful Participant,
2202710,Yang Chenggang,Cai Jing,Mao Yiting,BNU-HKBU United International College,Honorable Mention,
2202711,Yue Zhong,Jiny1 Zhao,Ailing Li,Dongbei University of Finance and Economics,Honorable Mention,
2202713,Shihui Li,Jinshuang Zhou,Chengran Xie,Dongbei University of Finance and Economic,Honorable Mention,
2202714,Zhirui Tian,Gekang Yuan,Zheng Lv,Dongbei University of Finance and Economics,Meritorious Winner,
2202715,Jialu Xin,Syin Li,Youyi Qin,Dongbei University of Finance and Economics,Successful Participant,
2202716,Jiatong Liu,Junnan Liu,Yong Ma,Dongbei University of Finance and Economics,Finalist,
2202717,Yuxin Sun,DongChi Dai,Fuyu Mu,Dongbei University of Finance and Economics,Honorable Mention,
2202718,Mingsi Yu,Deng Pan,Zhenyao Ma,Dongbei University of Finance and Economics,Finalist,
2202719,Xvsheng Zhang,Ming Zhang,Yating Chen,Dongbei University of Finance and Economics,Honorable Mention,
2202720,Xinze Li,Heran Ma,Zhiyuan Zhang,Being Jiaotong University,Meritorious Winner,
2202721,Ruihan Zheng,Danni Li,Jiahua Bao,Dongbei University of Finance and Economics,Meritorious Winner,
2202722,Lingy1 Wang,Linlin Cao,Xiyuan Huang,Dongbei University of Finance and Economics,Meritorious Winner,
2202724,Xingyue Zhang,Fan Yang,Jiajun Zhu,Dongbei University of Finance and Economics,Successful Participant,
2202725,Jiaqiang Jing,Jiaying Guo,Hanxiao Zhang,Dongbei University of Finance and Economics,Honorable Mention,
2202726,Hui Min,Chaodong Li,Hongyi Du,Donghua University,Successful Participant,
2202727,Zhou Die,Ding Jiayu,Liu Hao,Nanjing Forestry University,Unsuccessful - I,
2202728,Tiany1 Li,Xinyl Luo,Bingying Ruan,Beijing Language and Culture University,Successful Participant,
2202729,Miao Yang,Chen Yang,Jiawang Wu,Donghua University,Successful Participant,
2202730,Gu Xinyuan,Jiang Mengyjia,Huang Minying,Nanjing Forestry University,Honorable Mention,
2202731,Qimao Luo,Wei Hu,Ziyang Zhang,Beihang University,Successful Participant,
2202732,Zhu Yuhao,Guo Fenweli,Zhao xinchen,Being Jiaotong University,Successful Participant,
2202733,Yanming Zhang,Yifan Hao,Xinyu Li,Zhejiang University of Finance and Economics,Successful Participant,
2202734,Qianli Ning,Yu Cao,Qihao Fan,Zhejiang University of Finance and Economics,Meritorious Winner,
2202735,Zixuan Liu,Xin Guo,Yao Hou,Zhejiang University of Finance and Economics,Successful Participant,
2202736,Yifan Chen,Zhiyi Zhou,Bangyu Zhao,Zhejiang University of Finance and Economics,Finalist,
2202737,Shaohong Zheng,Jiedong Chen,Ziqiang Nie,OR HEEAS,Successful Participant,
2202738,Zemin Yang,Fanshuo Meng,Chenyang Liu,Hebei University,Successful Participant,
2202740,Jiongyi Chen,Zhan Xu,Kai Yu,Zhejiang University of Finance & Economics,Honorable Mention,
2202742,Zhu Yueyue,Wang Qian,Li Chengmin,Being Jiaotong University,Successful Participant,
2202743,Hutya Lin,Jianpu Xu,Shilong Li,Fuzhou Institute of Technology,Successful Participant,
2202744,Ma Wenxuan,Su Rina,Zhang Jintao,Nanjing Forestry University,Successful Participant,
2202745,Chengxin Ye,Jinshi Liu,Haobin Wang,Dalian Maritime University,Finalist,
2202746,Xinyl Zuo,Hongyu He,Zenglin Dang,Dalian Maritime University,Honorable Mention,
2202747,Longfei Li,Yueheng Wang,Rui Zhang,Dalian Maritime University,Successful Participant,
2202748,Zhengkang Xu,Jia Chen,Yuwei X1ao,Dalian Maritime University,INFORMS Award,
2202749,Haohui Miao,Yangtao Li,Xiahanxiao Zhu,Dalian Maritime University,Honorable Mention,
2202750,Mingze Zhu,Xinyu Tong,Zhangchi Sun,Dalian Maritime University,Successful Participant,
2202751,Tinglan Lin,Fan Xu,Xiny1 Wang,Dalian Maritime University,Successful Participant,
2202752,Fenglin Zhang,Xuan Wang,Qingrun Song,Dalian Maritime University,Finalist,
2202753,Siyia Lv,Yibin Zhang,Yuhao Ye,Dalian Maritime University,Successful Participant,
2202754,Jiajia Qin,Jingxuan Liu,Xiansi Jiang,Dalian Maritime University,Successful Participant,
2202755,Longyue Cong,Yuxuan Cai,Xiangyang Wu,Beihang University,Successful Participant,
2202756,Jin Tianhao,Shen Aoni,Chen Zhihao,Beihang University,Successful Participant,
2202757,Jingyun Sheng,Sichen Qian,Peng Guo,Harbin Institute of Technology  Weiha1,Successful Participant,
2202758,Sun Qihang,Ren Min,Zhang Xiyue,Beihang University,Honorable Mention,
2202759,Yifan Zhao,Yingfang Zhang,Wenya Ren,Harbin Institute of Technology  Weiha1,Successful Participant,
2202760,Wen Bo,Feng Yuxiang,Fu Yidi,Being Jiaotong University,Successful Participant,
2202761,Jiarong Wang,Yujie Zhang,Ying Guo,Ma RYE PKS ( FH),Honorable Mention,
2202762,Chicheng Xu,Qiming Zhang,Junhao Jiang,Shanghai University of Finance and Economics,Honorable Mention,
2202763,Zhi Chen,Xingtao Lai,Zijun Fan,Guangdong University of Technology,Successful Participant,
2202764,Muchun Wan,Liying Zhang,Feng Wang,Wuhan University,Successful Participant,
2202765,Ziji Tao,Runyjie Cai,Yuxin He,Tianjin University,Honorable Mention,
2202766,Yingying QI,Shuo Zhang,Manyue Hu,Ma RYE PKS ( FH),Successful Participant,
2202767,Yixuan Jiang,Wanying Mo,Kerui Li,Central University of Finance and Economics,Honorable Mention,
2202768,Aowen Chen,Jin Wang,Guang di Zhang,Shanghai Maritime University,Successful Participant,
2202770,Xing He,Yiyang Zhang,Zhengda Zhang,Northwestern Polytechnical University,Successful Participant,
2202771,Zhang Liuzeng,Han Shufan,Li Chenlong,Henan Normal University,Successful Participant,
2202772,Junjie Yin,Yiheng Zhang,Baolian Zuo,Wuhan university,Successful Participant,
2202773,Xin Wang,Jingu Xie,Zhicun Qiu,Ma RYE PKS ( FH),Successful Participant,
2202774,XAuyang Yao,Xuezhi Zhang,Yi Wang,Harbin Institute of Technology  Weiha1,Successful Participant,
2202775,Wenyjing Dou,Qing Li,Luyan Li,Harbin Institute of Technology  Weihai,Successful Participant,
2202776,Boyou Wu,Wangyu Sun, ,Ma RYE ROWKS ( FH),Successful Participant,
2202777,Jiakun Chen,Xiangle Yin,Yifei Sun,Harbin Institute of Technology  Weiha1,Successful Participant,
2202778,Yuxuan Wang,Xinyang Tang,Wenxin Xu,Ma RYE PKS ( FH),Successful Participant,
2202779,Sikai Qiu,Guangyue Liu,Keyan Liu,Harbin Institute of Technology  Weihai,Successful Participant,
2202780,Ming Lv,Shuowen Zhang,Zhuozhen Jiang,Ma RYE PKS ( FH),Honorable Mention,
2202781,Jiale Sun,Zhiyang Liu,Shuang Gao,Ma RYE PKS ( FH),Successful Participant,
2202782,Hengyuan Zhang,Juanxiu Bai,Yife1 Wang,Harbin Institute of Technology  Weihai,Successful Participant,
2202783,Xiangheng Li,Peigin Zhang,Wei Gu,Shanghai Jiao Tong University,Finalist,
2202784,Yukai Zhao,Jiaqian Lu,QiZhou Gong,Dalian Maritime University,Successful Participant,
2202785,Zheng Wang,Chenlong Zhang,Hao Chen,Dalian Maritime University,Successful Participant,
2202786,Jiahui Liu,Kaixin Wei,Qianwang Wang,Dalian Maritime University,Honorable Mention,
2202787,Ruoyu Wang,Pengyu Zhang,Haoqiang Zhao,Dalian Maritime University,Honorable Mention,
2202788,Huan Lu,Ke Liu,Yi Liu,Dalian Maritime University,Successful Participant,
2202789,Yuewen Li,Junpeng Li,Chi Zhang,Dalian Maritime University,Successful Participant,
2202790,Xinlong Duan,Kaiyu Zhang,Qian Pan,Dalian Maritime University,Honorable Mention,
2202791,Chuhang Zhang,Xiaole1 Mo,Jing He,Dalian Maritime University,Successful Participant,
2202792,Binggang Song,GuoFan Long,Yansong Peng,Dalian Maritime University,Successful Participant,
2202793,Zebin He,Jingyu Zhang,Jianan Ni,Dalian Maritime University,Meritorious Winner,
2202794,Darui Han,Chenlin Liang,Junliang Xu,Zhejiang University of Finance & Economics,Honorable Mention,
2202795,Yuxin Mo,Jie Zhu,Xinyu Huang,Tongji University,Successful Participant,
2202796,Wang Shiyu,Ge Qiyuan,Sun Yufan,Nanjing Forestry University,Successful Participant,
2202797,Yang Chi,Zhang Y1y1,Cai Junyi,Nanjing Forestry University,Successful Participant,
2202799,Yu Hua,Zihan Liu,Yi Sun,Beijing Technology and Business University,Successful Participant,
2202800,Junwei Qiu,Zijing Zhou,Lutong Jiang,Xinjiang University,Successful Participant,
2202801,Mao Haoyu,Liu Hailin,Xiao Chen,Nanjing Forestry University,Meritorious Winner,
2202802,Siyu Zhang,Xing Gao,Chuyue Xie,Tianjin University,Meritorious Winner,
2202803,Hongbo Ma,Shaojie Li,Qianxin Zhao,Hunan Institute of Science and Technology,Successful Participant,
2202805,Zhiyi Zhang,Bin Li,Zhixin Wen,South China Normal University,Successful Participant,
2202806,Minghan Yang,Rong Cao,Pengbo Zhu,Hunan University,Successful Participant,
2202807,Yuxuan Shi,Ruihua Wang,Jinhong Zhu,Northwestern Polytechnical University,Successful Participant,
2202808,Xiaolong Wu,Yuxuan Wang,Siy1 Huang,Dalian Naval Academy,Successful Participant,
2202809,Huang Kaixin,Chen Hongwei,Shao Taohong,Jiaxing Nanhu University,Successful Participant,
2202810,Yilin Li,Xurong Cheng,Sheng Cao,China Three Gorges University,Honorable Mention,
2202811,Yue Tang,Zongying Jiang,Yi Zhou,Southwest University,Honorable Mention,
2202812,Yueyang Wu,Ruihan Chen,Xiaoyan Qin,Guangdong Ocean University,Honorable Mention,
2202813,LIN Haorun,YANG Junyin,JIANG Xinbe1,Zhejiang University,Successful Participant,
2202814,Zihang Zhang,Jiabao Wang,Menghan Shi,Xidian University,Honorable Mention,
2202815,Zhi Mingyu,Cheng Muzi,Zhou Chi,Nanjing Forestry University,Successful Participant,
2202816,Sixian Zhao,Xinwei Chen,Letian Quan,East China Normal University,Successful Participant,
2202817,Jianbo Wang,Jingxian Li,Hejyun Hu,Sun Yat-Sen University,Successful Participant,
2202818,Lan Guo,Yi Zheng,Zhien Wang,Middlesex University London,Honorable Mention,
2202820,Yu Gu,Zhang Guangyuan,Xingyu Zhou,Xian International Studies University,Meritorious Winner,
2202821,Zequan Zhang,Yuqian Zong,Xiaowu Han,Wuhan University of Science and Technology,Successful Participant,
2202822,Zehong Ren,kouyazhi,Shengzhe Shi,Shanxi Agricultural University,Successful Participant,
2202823,Huilong Chen,Luo Haihua,Jie Shen,Jiangsu University of Science and Technology,Honorable Mention,
2202824,Junjie Yao,Yimiao Zhang,Ruthong Ma,Shanghai Normal University,Successful Participant,
2202825,Muhan Li,Peisong Yan,Zexi He,Fudan University,Honorable Mention,
2202826,Qi Wu,Qing Wang,Yuting Zheng,Zhejiang University of Finance and Economics,Successful Participant,
2202827,Yiran Li,Ruiyang Mao,Yaqing Zhang,Beihang University,Honorable Mention,
2202828,Kang Li,Jing Wu,Hongbin Chen,Nanjing University of Information Science and Techno,Successful Participant,
2202829,MAO SHUTING,Lou Yux1,Qin Shenyu,BNU-HKBU United International College,Honorable Mention,
2202830,Jiacheng Li,Yilong Lai,Guangzhengao Yang,Hefei University of Technology,Honorable Mention,
2202831,Lingli Wang,Xiaomeng Fan,Jiacong Hu,South China University of Technology,Honorable Mention,
2202832,Jiaxin Guo,Zhi Yu,Peng Chang,South China University of Technology,Successful Participant,
2202833,Yifu Liu,Jiada Chen,Haodong Zhu,South China University of Technology,Successful Participant,
2202834,Yidi Liu,Binyu Yang,Zhuotong Chen,South China University of Technology,Successful Participant,
2202835,Juny1 Mai,Dengfeng Deng,Tiantian Ma,South China University of Technology,Honorable Mention,
2202836,Chenyi Z1,Mingchen Cai,Hutyu Li,South China University of Technology,Finalist,
2202837,Hao Li,Jingyun Guan,Junqi Liu,South China University of Technology,Successful Participant,
2202838,Hao Huang,Renxu Wu,Ziyan He,South China University of Technology,Outstanding Winner,
2202839,Chenwei Zhang,Jiryu Qian,Shuqia Ma,South China University of Technology,Meritorious Winner,
2202840,Puchun Liu,Muye Li,Chenx1 Zheng,South China University of Technology,Successful Participant,
2202841,Jiayi Wang,Huilin Yao,Xin Lin,South China University of Technology,Successful Participant,
2202843,Zhiyong Chen,Zhuohao Liu,Yujia Chen,South China University of Technology,Successful Participant,
2202844,Tenglong Zheng,Junyu Zhong,Haobin He,South China University of Technology,Finalist,
2202845,Junji Chen,Kunxun Luo,Jinpeng Hu,South China University of Technology,Successful Participant,
2202846,Zekai Lin, , ,South China University of Technology,Successful Participant,
2202847,Yao Lv,Zilin Ye,Yongsheng Cui,South China University of Technology,Finalist,
2202848,Xuanyan Wan,Lingzi Gu,Jingying Wang,Shanghai Normal University,Honorable Mention,
2202849,Shuhao Liu,Guorui Zhu,Xingqi Lai,Fudan University,Meritorious Winner,
2202850,Chen Weiqian,Yu Jingle,Liao Yunzi,BNU-HKBU United International College,Successful Participant,
2202851,Lixiong Wu,He Wang,Zhongyuan Xu,Fudan University,Successful Participant,
2202852,Hongxu Chen,Hanliang Chen,Chenglin Cai,Sun Yat-Sen University,Successful Participant,
2202853,Zaize Gong,Chengyi Cai,Feryang Liu,Central South University,Successful Participant,
2202854,Zhou Zhexuan,Zhang Chen,Qin Yihang,Harbin Institute of Technology(ShenZhen),Successful Participant,
2202855,Zhilin Yang,Haoran Du,Shijie Wang,Tongji University,Successful Participant,
2202856,Zimu Li,Zhonghua Jiang,Ziyi Zhang,Donghua University,Successful Participant,
2202857,Minggqian Ma,Yiming Liu,Husyjie Tang,Shanghai Jiao Tong University,Successful Participant,
2202858,Xiong Dai,Haopeng Li,Zhehan Zhu,China University of Petroleum - Beijing at Karama‘,Successful Participant,
2202859,Jianxiong Ma,Xiangyu Li,Jiaoye He,Northwest A & F University,Successful Participant,
2202860,Yike Han,Jingxin Hou,Yitian Xu,Northwest A&F University,Successful Participant,
2202861,HU YUELIN,XU TIANYUE,WANG YIXUAN,Shanghai Jiao Tong University,Meritorious Winner,
2202863,Yihao Zhang,Dan Wang,Manqi Tian,Northwest A&F University,Successful Participant,
2202864,Tao Huang,Yao Huang,Yuyan Jiang,Zhejiang University of Finance and Economics,Successful Participant,
2202866,Nan Zhou,Haoxiong Wang,Bin Chen,Zhejiang University of Finance and Economics,Successful Participant,
2202867,Xiaoyi Li,Xinyl Du,Zhou Zhang,Fudan University,Finalist,
2202868,MeiChen Lai,Yue Jing,Xinyu Cao,Zhejiang University of Finance and Economics,Successful Participant,
2202869,Chen zhiyuan,Feng Jialong,Guo Qiyuan,Tongji University,Successful Participant,
2202870,Zeyu Yang,Yibo Wu,Xiaoyang Sheng,Shanghai Jiao Tong University,Successful Participant,
2202871,Yufeng Na,Erhao Jiang,Zhuhuan Wu,Beihang University,Successful Participant,
2202872,Zou Rui,Gao Chaofel,Meng Bo,Beihang University,Honorable Mention,
2202873,Jinghan Huang,Yuxiao Lin,Haoru Teng,Zhejiang University of Finance & Economics,Successful Participant,
2202875,Yi Zhang,Bohan Liu,Yujia Wang,Hefei University of Technology,Meritorious Winner,
2202876,Changlin Chen,Yi Shang,Epare Abudu ReheiMu,HeFei University of Technology,Successful Participant,
2202877,Linmeng Yang,Weijia Gao,Ximeng Xiang,China Three Gorges University,Disqualified - P,
2202878,Yang X1a0,Jiarui Cui,Jingtao Li,Xidian University,Honorable Mention,
2202879,Yao Xinyl,Yiran Chen,Zhang Chengy1,Fudan University,Successful Participant,
2202880,Wanru Zhuang,Linfeng Gao,Hengyi Cao,Xiamen University,Successful Participant,
2202881,Xuedong Xie,Xiaowei Xie,Zhihao Yi,Fuzhou Institute of Technology,Successful Participant,
2202882,Yang Chen,Zhaoyang Wang,Lusheng Fang,Qinghai Normal University,Successful Participant,
2202883,Xu Liu,bolun huang,Zhibo Zhang,Zhejiang University of Technology,Successful Participant,
2202884,Hangyu Sha,Siqiang Chen,Zixin Zhang,Nanjing University of Information Science & Technol,Successful Participant,
2202885,Ke Bai,Yang Su,Shuo Li,Nanjing University of Information Science & Technol,Finalist,
2202886,Yunqi Tang,Junyu Zhu,Zhichao Shi,Nanjing University of Information Science & Technol,Honorable Mention,
2202888,Lexing Zhang,Jiaxing Zhang,Kangle Liu,Northwest A&F University,Successful Participant,
2202889,Wanting Yuan,Chaofan Duan,Lina Q1,Nanjing University of Information Science & Technol,Successful Participant,
2202891,Yuanqin Lu,Yubing Li,Yun Sun,Nanjing University of Information Science & Technol,Successful Participant,
2202892,Huang Kai,Gu Yiping,Au Boyang,Being Jiaotong University,Successful Participant,
2202893,Hanghua Zhang,Junfei Xue,Meixi Song,Donghua University,Successful Participant,
2202894,Shiyuan Zhou,Ruiyao Xu,Mingyuan Ma,Beihang University,Successful Participant,
2202895,Shi Binze,Fu Qiwel,Chen Siyu,Northwestern Polytechnical University,Successful Participant,
2202896,Zigi ZHOU,Jianda MENG,Yufeng WU,Sun Yat-Sen University,Honorable Mention,
2202897,Ni Ding,Yunqing Xu,Ruitao Lu,Beijing Institute of Technology,Meritorious Winner,
2202898,Huanshuo Liu,Jiasheng Li,Yuheng Chen,Sun Yat-Sen University,Honorable Mention,
2202899,Rui Ma,Jingyun Wang,Banghong Qin,Beihang University,Successful Participant,
2202900,Haoming Liu,Chenjue Feng,Yunsen Zhu,Zhejiang University of Finance & Economics,Successful Participant,
2202902,Li Mengyu,Chen Yixin,Yang Pingshuo,Nanjing Forestry University,Successful Participant,
2202903,Jinxun Jiang,Xiaoqi Wei,Zihui Zhao,Zhejiang University of Finance & Economics,Successful Participant,
2202904,Yijin Peng,Yuxuan Lin,Yike Wu,South China University of Technology,Successful Participant,
2202906,Jiaxin Luo,Yanhui Li,Enlei Liao,South China University of Technology,Successful Participant,
2202907,Shuqin Zhang,Yongxi Zou,Fangjin Zhu,South China University of Technology,Honorable Mention,
2202908,Zhibang Yang,Kai Song,Huixuan Xu,South China University of Technology,Meritorious Winner,
2202909,Luyan Liu,Chenyue Du,Yiping Wang,Zhejiang University of Finance & Economics,Successful Participant,
2202910,Yiguo Tao,Congcong Yang,Tianle Hong,Zhejiang University of Finance and Economics,Honorable Mention,
2202912,Xinying Wang,Yongsi Chen,Yinting Feng,South China University of Technology,Meritorious Winner,
2202913,Qian X1ao Fei,Ying Chen,Jun Wang,South China University of Technology,Honorable Mention,
2202914,Xiaotong Zhang,Su Zhang,Xuhui Wang,South China University of Technology,Successful Participant,
2202915,Chenhao Sun,Xingyu Liu,Xiaoxuan Wang,Zhejiang University of Finance & Economics,Successful Participant,
2202916,Jialin Zhou,Yanting Huang,Yongzhi Zhu,South China University of Technology,Successful Participant,
2202917,Li Jia,Hanlin Wang,Xiang Zhang,South China University of Technology,Finalist,
2202918,Wei L1,Junle Chen, ,South China University of Technology,Successful Participant,
2202919,Zhiyao Zhao,Chongzhe Yuan,Sifer Xu,South China University of Technology,Honorable Mention,
2202920,Rongzhuang Wu,Yaotian Zhu,Fangy1 Zhao,Zhejiang University of Finance and Economics,Finalist,
2202921,Ziyang Wu,Chen Lin,Yixuan Lai,South China University of Technology,Successful Participant,
2202922,Yaowen Deng,Zhiqiu Ye,Daoping Rao,South China University of Technology,Successful Participant,
2202923,Yunfei Zhang,Jiahang Song,Jingchao Wang,Nankai University,Honorable Mention,
2202925,Yonghua Zhang,Jia Liu,Yuntao Ji,Northeast Forestry University,Successful Participant,
2202926,Zhengjun Huang,Qiuhe Hong,Zhuoyue Niu,Beihang University,Honorable Mention,
2202929,wangyiding,renjie, ,tatyuan university of science and technology,Disqualified - P,
2202930,Bayi Jin,Jun Hu,Ye Li,Dalian University of Technology,Successful Participant,
2202931,Shuanglong Zhu,Xinle Chen,Yixiang Lu,Dalian University of Technology,Successful Participant,
2202932,Zhonghe Ren,Baozhang Feng,Mingrui Yang,Dalian University of Technology,Honorable Mention,
2202933,Guangyuan Wang,Kaiwei Yang,Jiayi Huo,Dalian University of Technology,Successful Participant,
2202934,Zeren Li,Yingqi Wang,Siheng Zhou,Dalian University of Technology,Honorable Mention,
2202935,Junxiang Zeng,Minghao Qin,Congfei Zhao,Dalian University of Technology,Successful Participant,
2202936,Ruizhe Yang,Yanghan Liu,Danhui Chen,Dalian University of Technology,Successful Participant,
2202937,Yifan Yang,Yige Liu,Xiao Li,Dalian University of Technology,Successful Participant,
2202938,Chengrui Zhang,Yuting Zhao,Bicen Fan,Dalian University of Technology,Meritorious Winner,
2202939,Hongyu Xie,Linger Deng,Weisong Kong,Dalian University of Technology,Successful Participant,
2202940,Yueming Li,Siran Liu,Ye Lin,Sun Yat-Sen University,Finalist,
2202941,Mingkuan Yuan,Kairu1 Huang,Zhitao Xie,Sun Yat-Sen University,Honorable Mention,
2202942,Yuheng Ji,Kaiyan Wu,Yihan He,Fudan University,Successful Participant,
2202943,Wenhao Hang,Xinye Wang,Jiayi Li,Nanjing University of Information Science & Technol,Successful Participant,
2202944,Qifan Miao,Xiangru Lin,Jiaxin Yue,Nanjing University of Information Science & Technol,Honorable Mention,
2202946,Shuang Zhang,Zedong Wen, ,Harbin University of Commerce,Disqualified - P,
2202947,Guolin Wang,Ziyang Mu,Ziye Xie,Zhejiang University of Finance and Economics,Meritorious Winner,
2202948,Liu Mohan,Liu Jingwei,Li Zhaoyang,Being Jiaotong University,Meritorious Winner,
2202949,Yiwen Tu,Yinchen Ni,Haojia Sun,Shanghai Jiao Tong University,Finalist,
2202950,Supeng Chen,Yinuo Dai,Zilong You,Zhejiang University of Finance and Economics,Honorable Mention,
2202951,Qingyuan Fan,Yang Chang,Yu Gao,Shanghai Normal University,Disqualified - P,
2202952,Qizhi Qian,Kai Ying,Yingqi Liu,Zhejiang University of Finance and Economics,Honorable Mention,
2202953,Liang Yaoxing,Li Xiang,Niu Zekun,Beihang University,Successful Participant,
2202955,Shiyao Li,Hao Zhou,Shiqi Dai,Zhejiang University of Finance and Economics,Honorable Mention,
2202958,Qingrong Zhang,Yiling Tang,Junzheng Zhou,Southwestern university of finance and economics,Successful Participant,
2202959,Tianjun Zou,Cheny1 Yao,Leyi Zhang,China Three Gorges University,Honorable Mention,
2202960,Huthong Lin,Shujian Huang,Pei Yan,South China Normal University,Finalist,
2202961,XinXin Cao,Jing Li,LiJia Zhou,Jiangsu University Of Science And Technology,Meritorious Winner,
2202962,Enpu Lei,Shen Wu,Haoyang Jiang,Donghua University,Successful Participant,
2202963,Bai Yunshen,Gong Yile,Mai Yemin,BNU-HKBU United International College,Successful Participant,
2202964,Luo X1,Zheng Yuxin,Zhou Hongyin,BNU-HKBU United International College,Successful Participant,
2202965,Guilin Luo,Kun Wang,Zhenwen Xiang,Zhejiang University of Finance & Economics,Successful Participant,
2202966,Ting Yang,Shuyue Peng,Feilong X1ao,Hubei University of Science and Technology,Successful Participant,
2202967,Jiayi An,Taohan Weng,Haoyu Wei,Beihang University,Successful Participant,
2202968,Nan Jiang,Yang Hong,Shiqi Su,Shanghai University,Honorable Mention,
2202969,Ci Wang,Aihua Liao,Yifei Xing,Donghua University,Successful Participant,
2202970,Jihao Gu,Yipeng Zhang, ,Beiing University of Posts and Telecommunication:,Successful Participant,
2202971,Ying Li,Juny1 Cai,Ran Liu,Zhejiang University of Finance and Economics,Successful Participant,
2202972,Qiyang Jiang,Kangnian Zhao,Mingzhu Wang,Zhejiang University of Finance and Economics,Successful Participant,
2202973,Xingye Ma,Limin Sun,Jiahui Li,Shenyang Institute of Science and Technology,Successful Participant,
2202974,Hongpeng Lin,Zhonghao Lin,Yuchen Xi,Beijing Institute of Technology,Successful Participant,
2202975,Donghao Li,Haoyu Wang,Zhenxiang Jiang,Sichuan University,Successful Participant,
2202976,Lujia Liang,Zhen Wan,Yue Yu,Fudan University,Successful Participant,
2202977,Tonglin Luo,Shuting Wei,Yanqing Li,Zhongnan University of Economics and Law,Successful Participant,
2202978,Xingtu Qin,Minjie Ruan,Xuanchen Zhu,Southern Medical University,Meritorious Winner,
2202979,Yizhuo Lu,Jiaming Zhang,Haoran Zhao,Beijing Institute of Technology,Honorable Mention,
2202980,Xuehan Zhao,Zexin Li,Zepu Xing,Shandong University of Science and Technology,Successful Participant,
2202981,Biao Chen,Yunshu Zhou,Lanlin Zhu,HuaZhong University of Science and Technology,Honorable Mention,
2202982,Ziqi Wang,Yuexu Tong,Linxuan Li,Wuhan University,Meritorious Winner,
2202983,Weilian Luo,Chenyi Cao,Jiahui Luo,ECONOMICS,Honorable Mention,
2202984,WenBo Zhang,Wanli Duan,Werjing Luo,Hunan Agricultural University,Successful Participant,
2202985,Hao Li,Zihan Hu,Wang Cul,Central South University,Meritorious Winner,
2202986,Ruthao Liu,Chenyu Yang,Yining Li,China University of Petroleum-Beiing,Successful Participant,
2202987,Xiaowen Zhang,Jing Sun,Jingwen Chen,Yantai University,Honorable Mention,
2202988,Yang Tan,Pu Jia,Peishu Diao,Yantai University,Meritorious Winner,
2202989,Pingping Shi,Qingjie Cul,Di Zhang,Yantai University,Successful Participant,
2202990,Jin Wang,Yuewen JI,Yuxuan Xu,Dalian University of Technology,Honorable Mention,
2202991,Tianyue Hu,Xiang Meng,Shiqi Wang,Dalian University of Technology,Successful Participant,
2202992,Wang Yao,Mingfei Dai,Ruozhu Xu,Dalian University of Technology,Honorable Mention,
2202993,Yi Wu,Pengyu Zhao, ,Harbin institute of Technology,Honorable Mention,
2202994,Jia Liufu,Junzheng Wang,Haixin Pan,Dalian University of Technology,Successful Participant,
2202995,Jianing Ma,Guanwen Chen,Xin Lu,Dalian University of Technology,Successful Participant,
2202996,Yujie Xing,Ruichen Wang,Yuxuan Zhang,Dalian University of Technology,Honorable Mention,
2202997,Pengfei Cai,Zhirui Fang,Jingkai Huang,Dalian University of Technology,Successful Participant,
2202998,Haoxin Lun,Tong Li,Yuren Wang,Dalian University of Technology,Successful Participant,
2202999,Shuoheng Zhang,Hongzhuo Yu,Yuanhao Liu,Dalian University of Technology,Successful Participant,
