2203001,Haifei Liu,Manwenru Xu,Jianjun Lu,Dalian University of Technology,Successful Participant,
2203002,Yingnan Wang,Jiaxuan Yue,Zijun Huang,Ocean University of China,Honorable Mention,
2203003,Shaocheng Shen,Jiangwen Liu,Yueran Li,Dalian University of Technology,Successful Participant,
2203004,Jingtao Wang,Zhengnan Li,Yiting Zhang,Dalian University of Technology,Successful Participant,
2203005,Tianyuan Zhao,Jiawei Han,Yuting Chen,Dalian University of Technology,Successful Participant,
2203006,Guanlan Shao,Yulin Lu,Riyu Qiu,Dalian University of Technology,Honorable Mention,
2203007,Xianghong Liao,Wuyi Pu,Jiean Deng,Dalian University of Technology,Successful Participant,
2203008,Liuyi Meng,Linlin Zheng,Yunyang Zhou,Dalian University of Technology,Successful Participant,
2203009,Xainrui Liu,Haoxiang Yuan,Ke Yang,Dalian University of Technology,Honorable Mention,
2203010,Jiaqing Li,Yulong Liu,Xiao Shao,Dalian University of Technology,Successful Participant,
2203011,Jinchen Chang,Yubo Zhu,Junsong Wang,Dalian University of Technology,Successful Participant,
2203014,Xiny1 Tang,Yonghao Zhu,Mowen Shi,Dalian University of Technology,Honorable Mention,
2203015,Yuzhu Shi,Ruiwen Cao,Yuhua Deng,Dalian University of Technology,Successful Participant,
2203016,Chenqi Jia,Ziyi Huang,Lingchen Qiu,Donghua University,Successful Participant,
2203017,Haoyu Wang,Xiaojing Jin, ,Zhejiang University of Finance and Economics,Honorable Mention,
2203018,Catyuan Jin,Zhiwei Tang,Mingzhu Cai,Donghua University,Honorable Mention,
2203019,Weitao Lin,Jingyan Cao,Chuqian Huang,Guangdong Ocean University,Successful Participant,
2203020,Chen Yang,Fanye Wu,Shun Zhang,Southern Medical University,Meritorious Winner,
2203021,ShiModi,HuangKejing,TianQijian,Beihang University,Successful Participant,
2203022,Yuhua Meng,Yujing Wang,Guanyi Yue,Beihang University,Successful Participant,
2203023,Yilun Xu,Junjie Liu,Runmin Li,Zhejiang University of Finance & Economics,Successful Participant,
2203024,Wentong Jing,Junchi Liu,Jiahao Yan,Beihang University,Successful Participant,
2203025,Yang Boer,Feng Jingyun,Wang Yux1,Nanyang Technological University,Successful Participant,
2203027,Chen Yuanlin,Yang Ying,Chen Guopeng,University of Science and Technology Beting,Meritorious Winner,
2203028,Jun Wang,Keliang Lai,Yueyue Jiang,Luzhou Vocational and Technical College,Successful Participant,
2203029,Bing Yu,Yifan Du,Guangye Zhu,Beihang University,Successful Participant,
2203030,Hongxiong Zhong,Ting Zhou,Qin Li,Luzhou Vocational and Technical College,Successful Participant,
2203031,Liu Yang,Meilin Cao,Jinglin Xiong,Luzhou Vocational and Technical College,Successful Participant,
2203032,Shan Yu,Hongxia Chen,Wen Zhang,Luzhou Vocational and Technical College,Honorable Mention,
2203033,Zhicong Wang,Shaowei Huang,Wenlong Li,tast China Institute of Technology  Yangtze River Col,Successful Participant,
2203034,He Jiaming,Li Yang,Liu Tengteng,Yantai University,Successful Participant,
2203035,Peng Mi,Kun Yan,GuiLing Xu,Luzhou Vocational and Technical College,Successful Participant,
2203036,Sicheng Jiang,Zimo Wang,Meitong Li,Beijing Institute of Technology,Finalist,
2203037,Yuchen Bai,Shuang Liu,Rongyu Zheng,Luzhou Vocational and Technical College,Successful Participant,
2203038,Ziyue Kong,Ruoxuan Liu,Yinghan Liu,Beijing Institute of Technology,Honorable Mention,
2203039,Jun Lan,Bowen Rao,Shengyu Guo,Luzhou Vocational and Technical College,Honorable Mention,
2203040,BAOMIN HAN,SHIYU CUI, ,Camford Royal School,Disqualified - P,
2203041,Xiuping Wan,Chaobo Cong,Xinyl Xu,Being Jiaotong University,Successful Participant,
2203042,Chunbo Liu,Chuanshuo Wang,Yuqing Yan,Shandong University of Science and Technology,Honorable Mention,
2203043,Yanqi Wang,Linyi Chen,Chaoqun Sun,Zhejiang University of Finance and Economics,Honorable Mention,
2203044,Chengqian Zhang,Yiyang Zhang,Ziyue Zhou,Zhejiang University of Finance and Economics,Meritorious Winner,
2203045,Jiahe Hu,Qianru Lin,Qian Li,Zhejiang University of Finance and Economics,Successful Participant,
2203046,Zhu Yuanqing,Xiang Qingfeng,Zhu Ling,Beijing University of Posts and Telecommunication,Successful Participant,
2203047,Zhenyu Wang,Huishuai Jia,Daocheng Yu,Jiamusi University,Successful Participant,
2203048,Like Yue,Rui Zhang,Jing Zhang,Yantai University,Successful Participant,
2203049,Shan Fu,JiaLin Sui,Chen Wang,Yantai University,Successful Participant,
2203050,Yinan Yang,Shenxiang Cheng,Xiaoyl Yang,Yantai University,Successful Participant,
2203051,Zhong Shuyu,Jiang Yuying,Bi Jiarui,JiLin University,Honorable Mention,
2203052,Hongchao Sun,Xiaobo Hou,Jianing Wang,Yantai University,Successful Participant,
2203053,Ni Xinyue,Wang Shaoming,Liu Qirui,Yantai University,Successful Participant,
2203054,Sun Haowen,Wang Haifang,Liang Qizhe,Yantai University,Successful Participant,
2203055,Kaiqi JIANG,Maoyu WANG,Xinyuan YANG,NORTHWEST A&F UNIVERSITY,Successful Participant,
2203056,Yan Fei,Deng Changyuan,Xu Shusheng,Yantai University,Successful Participant,
2203057,Yuhan Qiu,Shanying Zhu,Jiyuan Xu,Zhejiang University of Finance and Economics,Honorable Mention,
2203058,Jiaping Li,Jintong Liu,Ziyu Zhao,Beijing Institute of Technology,Successful Participant,
2203059,Wei Jiang,Junhao Zhang,Xuanshuo Liu,Xiamen University,Disqualified - P,
2203060,Luran Zhang,Mei Guo,Minyan Shi,Zhejiang University of Finance and Economics,Successful Participant,
2203061,Lulu Chen,Yanging Gong,Baizhen Zhou,Zhejiang University of Finance and Economics,Disqualified - P,
2203062,YueQi Zeng,ZiQiang Yuan,XiaoWu Hu,Hubei University Of Economics,Successful Participant,
2203063,Cao Yulu,Pang Jie,Xiao Kang,HUBEI UNIVERSITY OF ECONOMICS,Successful Participant,
2203064,Tian Sheng,Chen Siying,Ye Deke,Hubei University Of Economics,Successful Participant,
2203065,Chen Tengchao,Liu Huyyuan,Zhang Tong,Hubei University Of Economics,Successful Participant,
2203066,Zou Linx1,Jiang Jinchi,He Jiahu1,HUBEI UNIVERSITY OF ECONOMICS,Meritorious Winner,
2203067,Ziting Zhou,Shaorui Qin,Shuai Ling,Hubei University of Economics,Successful Participant,
2203068,Chen Huiyang,Guo Hewen,Wang Jia,HUBEI UNIVERSITY OF ECONOMICS,Successful Participant,
2203069,Jiang Yu,Yin Yong Qi, ,HUBEI UNIVERSITY OF ECONOMICS,Successful Participant,
2203070,Kaiwen Zhou,Siying Zhao,Yujie Zhai,Zhejiang University of Finance and Economics,Successful Participant,
2203073,Chen xuan,Hu hanjun,Zhou ganduo,HUBEI UNIVERSITY OF ECONOMICS,Disqualified - P,
2203074,Chang Hu,Yajing Cao,Nuo Chen,Hubei University of Economics,Successful Participant,
2203075,Jiang Ganghu1,Zhou Zhi,Duan Zhanghan,Hubei University of Economics,Successful Participant,
2203076,Li Du,Zhao Chenx1,Peng Xiaoqin,Hubei University of Economics,Successful Participant,
2203077,Yuyang Zhu,Huigin Chang,Xinyue Peng,Hubei University Of Economics,Successful Participant,
2203078,Tiany1 Wang,Yang Zhang,Bingquan Zhang,Hubei UNIVERSITY OF ECONOMICS,Unsuccessful - I,
2203080,Wang Rui,Ming Ziqin,Zhao Xinglin,School of Information Management and Statistics,Successful Participant,
2203081,Huang Wenhao,Liu Sityu,Hua Yifan,Hubei University Of Economics,Successful Participant,
2203082,Bai Weichen,Zhang Hongqiang,Zhang Yujia,Beijing Normal University,Honorable Mention,
2203083,Zheng Chen,Kangjia Dong,Yuqi Liu,Harbin Institute of Technology,Successful Participant,
2203084,S1Bo Liu,Yue Yu,ZAY1 Sun,HUBEI UNIVERSITY OF ECONOMICS,Successful Participant,
2203085,Yunzhao Ma,Jia Song,Siyi Hu,Zhejiang University of Finance and Economics,Meritorious Winner,
2203086,YIN Xinyu,WANG Jingsi,LUO Dingke,Donghua University,Successful Participant,
2203087,Yongheng Qiao,Q1Yuan Li,Linzhen Liu,JIANGXI UNIVERSITY OF APPLIED SCIENCE,Successful Participant,
2203089,Cheng Huang,Enchao Hu,Yichong Liu,Changsha University Of Science & Technology,Successful Participant,
2203090,Yuyan He,Zhiran Meng,Xiaofan Yu,Shanghai Jiao Tong University,Honorable Mention,
2203091,Qiyu Han,Zilong Huo,Yufeng He,Beijing University of Posts and Telecommunication,Honorable Mention,
2203092,Chong Gao,Zihao Zheng,Fayuan Li,Nanchang University,Successful Participant,
2203093,Lu Ruoxin,Xiao Junshang,Yan Haoran,Being Jiaotong University,Successful Participant,
2203094,Zhang Menglin,Yuan X1aoqin,Yu Xinge,HUBEI UNIVERSITY OF ECONOMICS,Successful Participant,
2203096,Shuyu Guo,Haorui Zheng,Youmin Zhang,Zhejiang University of Finance and Economics,Successful Participant,
2203097,ShuRong Li,YeCong,CaiJin Li,Hubei University of Economics,Successful Participant,
2203098,Yaowen Hu,Jialei Zhan, ,CSUFT,Honorable Mention,
2203099,Zhonglin Xiao,Wenjun He,Guocui Hou,Civil Aviation University of China,Honorable Mention,
2203100,Xinyi Chen,Yiran Wu,Xiaoying Wu,Northwest A & F University,Honorable Mention,
2203101,Liu Ziyan,He Ningyie,Wang Chenyu,Capital University of Economics and Business,Successful Participant,
2203102,Ting Kong,Yu Lin,Zhixin Qian,Donghua University,Successful Participant,
2203103,Jiawei Zhang,Shuo Zhang,Yilin Xu,Fudan University,Successful Participant,
2203104,Chao Wan,Kai Liu,Rongqi Song,Northwest A&F University,Successful Participant,
2203105,Han Xudong,Liu Chenhao,Chen Yixuan,Hunan Normal University,Honorable Mention,
2203106,Hao Xiang,Peiran Qiao,Linghui Ye,SUN YAT-SEN UNIVERSITY,Meritorious Winner,
2203107,Chuanjun Guo,Da Zhong,Junhui Gao,Donghua University,Successful Participant,
2203108,Yue Zhang,Yuting Yue,Ziyan Mao,Being Jiaotong University,Successful Participant,
2203110,Keyang Lin,Yiming Li,Yifan Jiang,Civil Aviation University of China,Successful Participant,
2203111,Yixuan Yang,Shaokang Xie,Ziyu Wu,Southern University of Science and Technology,Successful Participant,
2203112,Liu Chuning,Zhou Yunlong,Zhou Xinyl,Beihang University,Successful Participant,
2203113,Zhe Gu,Daihao Yu,Lingsong Wang,Nanjing University of Information Science and Techno,Honorable Mention,
2203114,Kang Luo,YongHong Yang,HongMing Liu,Jiamusi University,Successful Participant,
2203115,Zihui Zhu,Yuelin Zheng,Shitao Huang,Nanjing University of Information Science and Techno,Successful Participant,
2203116,Runran Yang,Han Lyu,Rui Zhao,Yanjing University of Information Science and Technol,Honorable Mention,
2203117,Xu Jian,Zhang Yiyao,Ren Huiying,Yantai University,Honorable Mention,
2203118,Yifan Ren,Qi Zheng,Yuqi Xue,Nanjing University of Information Science and Techno,Meritorious Winner,
2203119,Zhen Zhang,Zixin Shan,Juntao Zhang,Yanjing University of Information Science and Technol,Meritorious Winner,
2203120,Bonan Wang,Wenxin Tang,Qinghua Wang,Shaanxi University of Science & Technology,Outstanding Winner,
2203121,ZongLei Zhang,Jun Sheng,JiaJun Wang,Shaanxi University Of Science & Technology,Successful Participant,
2203122,Song Shujun,Zhang Xin,Zhou Wenwen,Yantai University,Honorable Mention,
2203123,Qi Naixu,Cao Jinxin,Li Zhining,Yantai University,Successful Participant,
2203124,Xinrui Liu,Haoling Zhang,Jiayi Lu,Being Jiaotong University,Honorable Mention,
2203125,Delin Qu,Peiqi Zhao,Yiyi Yao,Harbin Institute of Technology,Successful Participant,
2203126,Yu Gan,Ziyu Liu,Yujie Yang,Harbin Institute of Technology,Honorable Mention,
2203127,Chongyu Zhang,Baoqi Ma,Zexi Jia,Harbin Institute of Technology,Honorable Mention,
2203128,Mufu Wu,Ruolin Xie,Xinhao Xu,Harbin Institute of Technology,Successful Participant,
2203129,Liutong Yang,Xu Xu,Bo Wang,Harbin Institute of Technology,Successful Participant,
2203130,Yang Liu,Jican Yang,Wanqi Zhang,Harbin Institute of Technology,Successful Participant,
2203131,Shen Yang,Zhenxiao Zhou,Beining Ma,Beijing University of Posts and Telecommunication,Successful Participant,
2203132,Xuechun Wang,Jiaying Zhi,Jiamin Ju,Harbin Institute of Technology,Successful Participant,
2203133,HaokunGui,HaowenXue,Shengzun Yang,Harbin Institute of Technology  Shenzhen,Successful Participant,
2203134,Chengxiang Li,Ruitong Li,Linhao Cong,Harbin Institute of Technology,Successful Participant,
2203135,Zhenyu Shao,Tianyou Yin,Yue Teng,Harbin Institute of Technology,Successful Participant,
2203136,Pengyu Chen,Zhenxin Gao,Yaoxing Guo,Harbin Institute of Technology,Honorable Mention,
2203137,Bole Liu,Jieyu Liu,Yuchang Guo,Harbin Institute of Technology,Honorable Mention,
2203138,Jiayi Li,Zundong Ke, ,Harbin Institute of Technology,Unsuccessful - I,
2203139,Yifan Wu,Xiang Tian,Xueyuan Li,Harbin Institute of Technology,Successful Participant,
2203140,Dingkun Liu,Haohai Lu,Shaoxun Ye,Harbin Institute of Technology,Successful Participant,
2203141,Sicheng Li,Hongcan Shen,Jiaqi Wang,Harbin Institute of Technology,Meritorious Winner,
2203143,Zhigiang Zhu,Kai Wang,Dongsheng Wang,Harbin Institute of Technology,Successful Participant,
2203144,Youwei Ma,Yuexian Wang,Xueqing Gao,Harbin Institute of Technology,Successful Participant,
2203145,Yuyao Wang,Siqi Zhang,Yulong Cheng,Harbin Institute of Technology,Successful Participant,
2203147,Chengchi Fei,Geyang Hua,Junhong Jia,Harbin Institute of Technology,Successful Participant,
2203148,Zhengrui Hu,Siyuan Hou,Jingyu Zhang,Harbin Institute of Technology,Honorable Mention,
2203149,Jinpeng Zhu,Renhao Zhao,Yihang Wen,Harbin Institute of Technology,Successful Participant,
2203150,Qi Wang,Chang Sun,Yu Tian,Harbin Institute of Technology,Successful Participant,
2203151,Jialu Li,Chengyuan Hu,Yuqing Zhu,Harbin Institute of Technology,Successful Participant,
2203152,Kailun Liao,Shan Gao,Qisong Zhang,Harbin Institute of Technology,Successful Participant,
2203153,Yiming Ding,Xianlei Zhu,Tianpeng Zhang,Harbin Institute of Technology,Meritorious Winner,
2203154,Haipeng Lin,Quanlong Li,Xingyi Liu,Harbin Institute of Technology,Successful Participant,
2203155,Hao Wang,Peiyu Ni,Junbo Yang,Xidian University,Honorable Mention,
2203156,Wanke Xia,Haoqi Chu,Songmin Li,China Agricultural University,Successful Participant,
2203157,Bingzhou Bao,Xiyu Wang,Mengying Zhou,Anhui Normal University,Successful Participant,
2203158,Yiran Wang,Chuanzhou Yu,Kangle Hu,Yantai University,Successful Participant,
2203159,Dongcui Zhang,Zhuoying Zhao,Qi Sun,Yantai University,Honorable Mention,
2203160,Zhonghao Wang,Shuyuan Zhang,Jiaqi Wang,Yantai University,Successful Participant,
2203161,Tongtong Yun,Xizhi Jin,Rongfan Wang,Yantai University,Successful Participant,
2203162,Fangyu Li,Runyao Xu,Yujie Jiang,Northeast Electric Power University,Honorable Mention,
2203163,Jianjiang Long,Fangzhou Dong,Xihan Chen,Harbin Institute of Technology,Successful Participant,
2203164,Jialian Zhang,Zikang Wang,Shulei li,Huazhong University of Science and Technology,Successful Participant,
2203165,Ting Zhang,Jingy1 Zhang,Zeyuan Zhang,Harbin Institute of Technology,Successful Participant,
2203166,Xin Wang,Jingwen Wang,Dongxiao Wang,Harbin Institute of Technology,Successful Participant,
2203168,Yang Wang,Hongyang Li,Pengkun Wang,Harbin Institute of Technology,Successful Participant,
2203169,Yaohui Cao,Wanhua Huang,Zhongte Du,Hebei University of Technology,Meritorious Winner,
2203170,Tengtao Fan,Yite Feng,Qitao Feng,Harbin Institute of Technology,Successful Participant,
2203171,Junya Shao,Guohao Zheng,Yipin Wang,Harbin Institute of Technology,Successful Participant,
2203172,Chenx1 Li,Ruiqi Xu,Zhen Luo,Huazhong University of Science and Technology,Honorable Mention,
2203173,Yaoyi Yang,Ben Liwel1,Cui Yunfan,Spe AS,Successful Participant,
2203174,Pengyu Jin,Yi Zhan,Jiaqi Liu,Shanghai University,Honorable Mention,
2203175,Yong Ma,Mingyang Li,Zhe Lu,Jiangsu University of Science and Technology,Successful Participant,
2203177,Wang Yang,Shaojun Yuan,Ziqi Deng,Harbin Institute of Technology,Successful Participant,
2203179,Ziheng Wang,Jiabao Wang,Shenao Lin,Harbin Institute of Technology,Successful Participant,
2203180,Wei Zhao,Yang Han,Weijie Zhang,Harbin Institute of Technology,Successful Participant,
2203181,Hairong Xu,Tianyang Chen,Bo Xu,Harbin Institute of Technology,Honorable Mention,
2203182,Chaowei Liao,Yufei Chen,Yusheng Zhang,Harbin Institute of Technology,Honorable Mention,
2203183,Shutong Fang,Tianyao Pan,Dingwu Li,Harbin Institute of Technology,Successful Participant,
2203184,Tingyu Xie,Runhui Wang,Xiaoyang Dong,Harbin Institute of Technology,Successful Participant,
2203185,Xiaohan Wang,Hatyun Liu,Yao Feng,Harbin Institute of Technology,Successful Participant,
2203186,Lingyun Shen,Jinghui Zhang,Shenyue Zhai,Harbin Institute of Technology,Successful Participant,
2203187,Zexuan Deng,Yuyue Zhang,Hao Zhou,Harbin Institute of Technology,Successful Participant,
2203188,Enze Cui,Junyu Wang,Yafei Wen,Harbin Institute of Technology,Successful Participant,
2203189,Jinlong Huang,Hongxin Cai,Zechao Zhan,Harbin Institute of Technology,Honorable Mention,
2203190,Yitong Liu,Ziyu Huo,Yibing Guo,Harbin Institute of Technology,Successful Participant,
2203191,Zitian Fan,Yilin Zhao,Hongmei Ren,Harbin Institute of Technology,Honorable Mention,
2203192,Ziheng Ma,Jinglun Zhang,Hanze Xu,Harbin Institute of Technology,Successful Participant,
2203193,Xiaodong Yu,Gu Gong,Xingjian Dong,Harbin Institute of Technology,Successful Participant,
2203194,Ruoyan Shen,Yujie Zhao,X1 Wang,Harbin Institute of Technology,Successful Participant,
2203195,Hongjian Yang,Qisong Liu,Han Li,Harbin Institute of Technology,Successful Participant,
2203196,Cheng Peng,Ji Guo,Zhongwei Lin,Harbin Institute of Technology,Successful Participant,
2203198,Chaojie Li,Jingjie Huang,Haoran Wang,Harbin Institute of Technology,Successful Participant,
2203199,Tong Su,Shiduo Wu,Baipeng Li,Harbin Institute of Technology,Successful Participant,
2203200,Sida Chen,Yufan Ma,Lindong Zhou,Harbin Institute of Technology,Meritorious Winner,
2203201,Weiqi Yin,Huanyao Zhang,Xiaojie Li,Harbin Institute of Technology,Finalist,
2203202,Siqi Zhang,Zhiyue Yang,Yuan Yang,Harbin Institute of Technology,Finalist,
2203203,Yadong Liu,Taicai Chen,Tianhan Li,Harbin Institute of Technology,Honorable Mention,
2203204,Xintong Jiang,Zhaoying Yin,Lei Yang,Harbin Institute of Technology,Successful Participant,
2203205,Wei Bao,Yulin Li,Weny1 Fu,Being Jiaotong University,Finalist,
2203206,Cao Chenyu,Tang Tianyi,Wang Haining,Yantai University,Successful Participant,
2203207,Xiao Wu,Zhonglin Wu,Yiming Wu,Dalian University of Technology,Successful Participant,
2203208,Jianyu Wang,Changhao Zhang,Feihao Zhan,Beijing Institute of technology,Successful Participant,
2203209,Dongxu Ge,Zelin Ning,Lingxu Chen,Dalian University of Technology,Honorable Mention,
2203210,Xinhang Cong,Haotong Qin,Haoyang Zhang,Dalian University of Technology,Successful Participant,
2203211,Chong Fu,Wanting Zhang,Weidong Zhao,Dalian University of Technology,Successful Participant,
2203212,Xingli Huo,Zishi Wang,Peng Xue,Yantai University,Honorable Mention,
2203213,Yang Zhao,Yuhang Li,Xinyu He,Dalian University of Technology,Successful Participant,
2203214,Xiao Shang,Li Huiting,Bian Minghao,Yantai University,Successful Participant,
2203215,Zhang Tianyuan,Mei Yaqi,He Jiayi,Beihang University,Meritorious Winner,
2203216,Rongyi Gong,Antong Ren, ,Dalian University of Technology,Successful Participant,
2203217,Jianchun Li,Gaokui Zhang,Minghao Guo,Dalian University of Technology,Honorable Mention,
2203219,Huai Zhang,Songyun Qi,Haotian Wang,Dalian University of Technology,Successful Participant,
2203220,Xiny1 Shan,Yu'ang Meng,Xiejian Peng,Dalian University of Technology,Successful Participant,
2203221,Shuxu Li,Yangyang Dai,Ruilin Bai,Dalian University of Technology,Successful Participant,
2203222,Zhang Yiyun,Fang Xinyl,WangJingchu,Beihang University,Honorable Mention,
2203223,Dehang Zhu,Jiasheng Luo,Pengrui Ye,Dalian University of Technology,Successful Participant,
2203224,Yingfan Hua,Zihan Chen,Zhicheng Wang,Dalian University of Technology,Successful Participant,
2203225,Yujie Fu,Hongli Zhuang,Jiahao Wen,Dalian University of Technology,Successful Participant,
2203226,Riyang Huang,Yingran Zhu,Zicong Cao,Dalian University of Technology,Successful Participant,
2203227,Qi Li,Yuze Li,Yiding Zheng,Dalian University of Technology,Honorable Mention,
2203228,Minghui Liu,Wuyang Shi,Shuo Wang,Dalian University of Technology,Successful Participant,
2203229,Ruitao Chen,Longyue Cheng,Qinhe Zhang,Dalian University of Technology,Successful Participant,
2203230,First Tianxiang Lsat Bai,First Weithang Lsat Lu,First Jingxuan Lsat Li,Dalian University of Technology,Successful Participant,
2203232,Zhitong Chen,Yueyang Liu,Yongshan Ai,Dalian University of Technology,Successful Participant,
2203233,Jiny1 Wang,You Lv,Jingjing Wang,Dalian University of Technology,Successful Participant,
2203234,Huixun Zhang,Yinuo He,Si Shen,Dalian University of Technology,Successful Participant,
2203235,Dezheng Li,Yichen Wang,Zezhou Wang,Dalian University of Technology,Honorable Mention,
2203236,Yiran Wang,Xuehan Q1,Boyu Zhang,Dalian University of Technology,Successful Participant,
2203237,Yufei Liu,Heran Dai,Shihan Fang,Dalian University of Technology,Successful Participant,
2203238,Rui Ma,Shuhan Ye,Wenzheng Chen,Dalian University of Technology,Successful Participant,
2203239,Tianci Wang,Yutong Zhang,Bowei Sha,Dalian University of Technology,Successful Participant,
2203240,Wentian Guan,Zixuan Lin,Ruikun Cao,Dalian University of Technology,Successful Participant,
2203241,Xiny1 Zhang,Jiamei Sun,Moyu Zhang,Dalian University of Technology,Successful Participant,
2203242,Zhongyu Wang,Zewei Zhang,Mengting Song,Dalian University of Technology,Successful Participant,
2203243,Luoming Sun,Sujia Yan,Hao Zeng,Dalian University of Technology,Successful Participant,
2203244,Tuo Huang,Fetyue Wang,Ziao Zhang,Dalian University of Technology,Successful Participant,
2203245,Yipeng Liu,Runze Jiang,Xizheng Deng,Dalian University of Technology,Successful Participant,
2203246,Yipeng Wel,Jiaqi Ren,Zhihao Shi,Dalian University of Technology,Successful Participant,
2203247,Manai Jiang,Xiaoyou Duan,Styuan Li,Dalian University of Technology,Successful Participant,
2203249,Cheng Jinjun,Lu Lan,Wang Ziyi,Being Jiaotong University,Successful Participant,
2203251,Xiangru Wang,Zhaotong Guo,Yifan Wang,Dalian University of Technology,Successful Participant,
2203252,Tiancheng Xiong,Zhifeng Zhou,Wenqu Li,Dalian University of Technology,Successful Participant,
2203253,Zibo Wang,Bingling Kong,Weryie Lai,Dalian University of Technology,Successful Participant,
2203254,Xinxin Pan,Dongsheng Zhao,Xiaoyu Li,Dalian University of Technology,Successful Participant,
2203255,Yangming Li,Jiahui Yu,Tong Zhou,Zhejiang University of Finance and Economics,Successful Participant,
2203256,Jing Zhang,Wenhaotian Zhu,Congzheng Hu,Dalian University of Technology,Successful Participant,
2203257,Shi Qiao,Chao Zhang,Zihuan Chen,Dalian University of Technology,Honorable Mention,
2203258,JiajieLu,Qiaoyu Wang,TianxingHu,Dalian University of Technology,Successful Participant,
2203259,Yuxuan Liang,Wenhao Zhang,Yichen Wang,Dalian University of Technology,Successful Participant,
2203260,Yanzi X1a0,Haolin Mu,Jiacheng Sun,Dalian University of Technology,Successful Participant,
2203261,Zhao Runfei,Li Bingyan,Wu Ziyi,Capital University of Economics and Business,Honorable Mention,
2203262,Zhelong Chen,Zhiyong Wang,Lin Zhang,Donghua University,Honorable Mention,
2203263,Zhehao Zhou,Liwen Lin,Liyi Wang,Zhejiang University of Finance and Economics,Disqualified - P,
2203264,Zhuoran Li,Xi Tian,Xuebing Wang,Dalian University of Technology,Successful Participant,
2203265,Guining Yu,Haobo Ma,Jiaxuan Tang,Dalian University of Technology,Successful Participant,
2203266,Bohan Shen,Yicen Tian,Xueyi Zeng,Being Jiaotong University,Successful Participant,
2203267,Baoyi1 Zhong,Meng Wang, ,Dalian University of Technology,Successful Participant,
2203268,Qingin Guang,Chengxiong Lu,Dan Qu,Zhejiang University of Finance and Economics,Successful Participant,
2203269,Abudouwayiti Tuerqizhati,Bohang Chao,Zuoyuan Zhou,Donghua University,Disqualified - P,
2203270,Yujie Yan,Zhengxia Liu,Ting Hou,Zhejiang University of Finance& Economic,Successful Participant,
2203271,Yikang Chen,Geming Han,Bowen Xue,Being Jiaotong University,Successful Participant,
2203272,Rong Xinyue,ShiTingxuan,Shu Yixuan,Capital University of Economics and Bussiness,Honorable Mention,
2203273,Angran Hu,Haowen Zhong,Zhuocheng Xie,Shanghai University,Honorable Mention,
2203274,Tongxin Liu,Ziyu Peng,Yuhan Gan,Beijing Normal University,Honorable Mention,
2203275,Yao Haichao,Liu Haoyuan,Peng Jingy1,Being Jiaotong University,Honorable Mention,
2203276,ZhiRuo Qiu,RuiXiang Sun,YiXue Yang,Capital University of Economics and Business,Successful Participant,
2203277,Weixing Pan,Li Gong,Xiaoke Li,Donghua University,Honorable Mention,
2203278,Xuanxuan Hu,Lu Li,Minghua Zou,Fuzhou Institute of Technology,Honorable Mention,
2203279,Liangyuke Liu,Xiaohan Mao,Yinchuan Xiang,Northwest A&F University,Successful Participant,
2203280,Runhui Xu,Boyu Xu,Lingbo Duan,Shanghai Jiao Tong University,Successful Participant,
2203281,Jiang Yingxin,Xiao Wenjie,Liu Shirui,Renmin University of China,Successful Participant,
2203283,Jianhua Liao,Chikelai Wang,Zeren Yang,Being Jiaotong University,Honorable Mention,
2203284,Xiaotian Li,Jungiu Yu,Xin Huang,Fudan University,Successful Participant,
2203285,Hongyjian Zhao,Yanpeng Gao,Jiaxing Guo,Tongji University,Successful Participant,
2203286,Wu Difei,Ou Jiakai,Mai Wenxuan,BNU-HKBU United International College,Successful Participant,
2203287,Wang Yuan,Wang Jin,Gao Shujian,Being Jiaotong University,Meritorious Winner,
2203288,You He,Qiling Li,Tiancheng Xu,Beihang University,Successful Participant,
2203289,Jianan Song,Bingqi Song,Qingkang Hu,Beihang University,Successful Participant,
2203290,Yuqing Lin,Qifan Wu,Kefang Tong,Zhejiang University of Finance and Economics,Successful Participant,
2203291,Yitong Huang,Chenfei Song,Donghang Jiang,Sun Yat-Sen University,Finalist,
2203292,Zhao Liuchang,Zhang Haotian,Zhang Yijie,Being Jiaotong University,Honorable Mention,
2203293,Yadong Ding,Fuhao Ruan,Min Huang,Dalian University of Technology,Disqualified - P,
2203294,Chongxuan Chen,Yichuan Peng,Ziqi Gao,Dalian University of Technology,Successful Participant,
2203295,Qi Yuan,Bo Cao,Hao Fan,Dalian University of Technology,Successful Participant,
2203296,Jiang Xuelin,Wang Rui,Fan Jiawen,Tianjin Normal University,Honorable Mention,
2203297,Jinhong Wang,Yikang Wang,Jingyi Zhang,SUN YAT-SEN UNIVERSITY,Successful Participant,
2203298,Wenxuan Pan,Z1x1 Ouyang,Ao Lin,Sun Yat-Sen University,Honorable Mention,
2203299,X1a0x1ao Qian,Xijangrong Qin,Hui Yuan Duan,University of Shanghai for Science and Technology,Successful Participant,
2203300,Xiaoyang Feng,Qiongyao Li,Ning Sun,Nankai University,Successful Participant,
2203301,Li fan,Y1Xuan Feng,Zihan Qu,shanghai university of electric power,Honorable Mention,
2203302,Xili Du,Lei Ma,Jiaxin Wen,Qinghai University,Successful Participant,
2203303,Zhiyuan Shi,ZhangShihao,Zhihao Zheng,China University of Petroleum,Successful Participant,
2203304,Yufan Lei,Minghua Liu,Wenjing He,Hebei University Of Technology,Honorable Mention,
2203305,Junhao Xian,Yishao Chen,Ziqi Zhuang,Guangdong University of Finance,Successful Participant,
2203306,Yun Du,Qiyang Shen,Haithui Huang,Anhui Normal University,Successful Participant,
2203307,Huahong Xu,Shiji Ruan,Zhipeng Zhang,Shanghai University of Electric Power,Successful Participant,
2203308,Ning Ma, , ,Northeast Agricultural University,Successful Participant,
2203309,Xinyu Wan,Zhou Xiaohang,Ruilin Liu,Nanchang University,Successful Participant,
2203310,Meiran Deng,Mingyue Chang,Diya He,Donghua University,Successful Participant,
2203311,Peipei Ning,Yi Cai,Yating Wang,Capital University of Economics and Business,Honorable Mention,
2203312,Hao Chunlhiang,Wang Junjie,Zhang Jingting,Being Jiaotong University,Successful Participant,
2203313,LI Tingzhicheng,LIN Yangye,MENG Canfang,Donghua University,Honorable Mention,
2203314,Haoxu Huang,Fei Wu,Ningyue Zhang,Shanghai Jiao Tong University,Meritorious Winner,
2203315,Zhang Xindan,Yu Xiaohang,Wen Boyuan,Being Jiaotong University,Disqualified - P,
2203316,Yuanzhe Li,Qiyue Mei,Yife1 Wu,Northwest A&F University,Successful Participant,
2203317,Zhen Li,Guojing Zhang,Chenghui Liu,Zhejiang University of Finance and Economics,Successful Participant,
2203318,Wei Hu,Chenglei Jin,Dongda Jin,Zhejiang University of Finance and Economics,Successful Participant,
2203319,Yiting Song,Ran Cul,Shihan Xu,Being Jiaotong University,Successful Participant,
2203320,Yishuo Liu,Ziquan Liu,Hao Fu,Beihang University,Successful Participant,
2203322,Changge Wu,Yishu Jin,Mingqian Wang,Being Jiaotong University,Successful Participant,
2203323,Ying Zhong,Xiaojuan Zhao,Ting Zhang,Chengdu University of Information Technology,Successful Participant,
2203325,Bing Yue,Jianing Deng,Jingyang Wang,University of Science and Technology of China,Successful Participant,
2203327,Zhang Tongfei,Qiao Shining,Liu Yutong,Being Jiaotong University,Successful Participant,
2203328,Bingzhen Liao,Yu Fu,Tianyi Guo,Northwest A&F University,Successful Participant,
2203329,Siying Yang,Zequan Cai,Jinjin Yang,Northwest A&F University,Successful Participant,
2203330,Runze X1ao,Bingjun Liu,Ruizhe Yang,Capital University of Economic and Business,Successful Participant,
2203331,Cao Yuhan,Guo Yunhao,Yao Yancheng,Being Jiaotong University,Successful Participant,
2203332,ZHU Ni,GUO Meiru,LAN Zihang,Donghua University,Successful Participant,
2203333,Yiy1 Ma,Haixing Wang,Ziyi Zhou,Southeast University,Honorable Mention,
2203334,Kai Huang,Ai Du,Zhiwei Zhang,Southeast University,Successful Participant,
2203335,Junhao Gao,Luyao Mo,Sihan Xu,Southeast University,Honorable Mention,
2203336,Xue Guo,Chengyu Zhang,ZeSheng Lai,Southeast University,Finalist,
2203338,Zhuoming Li,Haoyang Chen,Xingyu Lu,Southeast University,Meritorious Winner,
2203339,Shangzhi Shen,Yichen Liu,Yifan Wan,Southeast University,Successful Participant,
2203340,Yaojia Sun,Juncheng Fan,Ling Liu,Southeast University,Successful Participant,
2203341,Yuxin Chang,Zhiyong Li,Ying Song,Southeast University,Honorable Mention,
2203343,Zhangyuanwang,Huangyuqian,Huangxinyjie,Hubei University of Economics,Honorable Mention,
2203344,Shengyuan Liu,Yizhi Zhang,Yali Li,Zhejiang University of Finance and Economics,Successful Participant,
2203345,Huimin Shen,Xiaoyu Ma,Yiyu Zhang,Zhejiang University of Finance and Economics,Successful Participant,
2203346,Ruxi Di,Shanpeng Zheng,Lingyan Yang,Zhejiang University of Finance and Economics,Honorable Mention,
2203347,Jiale Zeng,Yangfei Sun,Huanjia Zhang,Hubei University of Economics,Successful Participant,
2203348,Yue Chen,Ruoxuan Lan,Zuohang Chen,Zhejiang University of Finance and Economics,Successful Participant,
2203349,Jiexiao Peng,Yitao Xu,Peirou Pei,Zhejiang University of Finance and Economics,Successful Participant,
2203350,Wu Qiong,Yiyun Zhang,Lu Ding,Hubei University of Economics,Successful Participant,
2203351,Jiaqi Jin,Lin Zhang,Yachun He,Zhejiang University of Finance and Economics,Meritorious Winner,
2203352,Minyang Zhu,Haoge Li,Yu Chen,Zhejiang University of Finance and Economics,Successful Participant,
2203353,Ke Zou,Yibo Weng,Binwei Ye,Zhejiang University of Finance and Economics,Meritorious Winner,
2203354,Yuhan Chen,Zenan Ji,Chenfei Zhang,Zhejiang University of Finance and Economics,Honorable Mention,
2203356,Liu Tongle,Yan Zijie,Yang Lihong,Shanghai Normal University,Successful Participant,
2203357,Hexin Pan,Shiqi Zhang,Jiayuan Huang,Being Jiaotong University,Successful Participant,
2203358,Jiangyue Zhao,Xuanyu Liu,Qinfang Ke,Zhejiang University of Finance and Economics,Successful Participant,
2203359,Wenzhe Wang,Linlin Wang,Junfei Xu,Being Jiaotong University,Successful Participant,
2203360,Yayuan Li,Tingen Yu,Chao Yuan,Being Jiaotong University,Finalist,
2203361,Zongzheng Zhang,Weiqi Gai,Linbo Xie,Beihang University,Meritorious Winner,
2203362,Xiao Weny!1,Wang Xinyl,Zhao Yuchen,Beihang University,Successful Participant,
2203363,Canyu Chen,Fengqiu Peng,Shibo Cui,Beihang University,Finalist,
2203364,Shao Congyu,Chen Mao,Gao Shizhan,Beihang University,Honorable Mention,
2203365,Tang Huixuan,Meng Xiaolong,Tang Yi,Capital University of Economics and Business,Honorable Mention,
2203366,Hong Yifan,Wu Pengyang,Shen Tingyu,Being Jiaotong University,Successful Participant,
2203367,Zhang Ning,Zhao Yuqing,Amelia Huang,Capital University of Economics and Business,Honorable Mention,
2203368,Jingwen Hu,Zhilin Yao,Jingdan Su,Being Jiaotong University,Successful Participant,
2203369,Jiaxin Xie,Yan Zhu,Zehua Xue,Capital University of Economics and Business,Successful Participant,
2203370,Mingchong Li,Keyang Li,Huanni L1,Being Jiaotong University,Successful Participant,
2203371,Siwen Yu,WenXin Wang,Yujing Zhang,Beijing Institute of Technology,Successful Participant,
2203372,Wang Yiwen,ChenZiyjin,Feng Yitao,Being Jiaotong University,Honorable Mention,
2203373,Qiu Shenglan,Wang Junlin,Liu Sinong,Being Jiaotong University,Successful Participant,
2203374,Yishuai Ren,Xiaowen Chen,Ying Guo,Bohai University,Successful Participant,
2203375,Jiaxi Mo,Jinhang Zhang,Kaifeng Zhang,Shenzhen University,Successful Participant,
2203376,Weijian Fan,Zhikai Xu,Xiaoyong Chen,Shenzhen University,Meritorious Winner,
2203377,Fuyu Yang,Zixin Xia,Yang Lu,Changsha University of Science and Technology,Successful Participant,
2203378,Yujie Zhang,Yizhou Lu,Lu Weitong,Nanjing Tech University,Successful Participant,
2203379,Xiangwei Wang,Jiyang Liu,XinMiao Liu,Dalian University of Technology-Panjin,Successful Participant,
2203380,Jiaxin Chen,Yigiao Yan,Jiaxing Wang,Wuhan University of Science and Technology,Successful Participant,
2203381,Ziyi Zhang,Zhongshu Sun,Zhengheng Liu,Shanghai Normal University,Successful Participant,
2203382,Cai Mengze,Mei Tao,Xie Zhuoqi,Capital University of Economics and Business,Honorable Mention,
2203383,Chi WANG,Sixu HAN,YuZhou CHEN,Donghua University,Successful Participant,
2203384,Songling Zhang,Cheng Zeng,Zhiyu Lin,Being Jiaotong University,Successful Participant,
2203385,Li Siie,Liu Muhan,Huang Yuting,Capital University of Economics and Business,Successful Participant,
2203386,Jiaqing Huang,Chuwen Gu,Zihui Wang,Yangzhou Polytechnic Institute,Honorable Mention,
2203387,Jun Li,Xusheng Wel,Mengyang Su,Donghua University,Successful Participant,
2203388,Yizhang,Qiniu, ,Capital University of Economics and Business,Successful Participant,
2203389,Yushan Li,Tianrui Cai,Sizhe Nie,Capital University of Economics and Business,Successful Participant,
2203390,Hui Zhang,ZhiChong Wang,YuWen Sun,Donghua University,Successful Participant,
2203391,Shan Yuhao,Zhang Dixin,Zhao Fangzhou,Being Jiaotong University,Successful Participant,
2203392,Zhou Qianyu,Dong Qidian,Zhang Cheng,Being Jiaotong University,Meritorious Winner,
2203393,Xinyue Huang,Jingli Nie,Lei Wu,Capital University of Economics and Business,Successful Participant,
2203394,Han Wen,Jiancheng Ruan,Petyao Guo,Shanghai University,Honorable Mention,
2203395,Lin Zixin,Wu Jiayi,Xu Yinghao,BmAlT HAKS,Successful Participant,
2203396,Gao Yuan,Xu Jinzhao,Zhong Konghao,Being Jiaotong University,Successful Participant,
2203397,Chen Runnan,Zeng Lan,Zhang Shixin,Being Jiaotong University,Honorable Mention,
2203398,Yu Yang,Yuzhen Wei,Shiyun Xie,Donghua University,Successful Participant,
2203399,HE Xinyi,Luo Kening,Shi Ruhao,BNU-HKBU United International College,Successful Participant,
2203401,Jingru Chen,Rou Zhao,Panpan Pei,Anhui Science And Technology University,Successful Participant,
2203402,Qian Jingyjie,Hao yuanyu,Bian zheqi,Capital University of Economics and Business,Successful Participant,
2203403,Yang Ruirui,Zhang Jingxuan,Qiao Kaibo,Capital University of Economics and Business,Successful Participant,
2203404,Yuqing Liu,Yunyang Liang,Xianglong Zhang,Shijiazhuang Tiedao University,Honorable Mention,
2203405,Junliang Li,Yuxuan Ma,Fengrui Su,Being Jiaotong University,Disqualified - P,
2203406,Xianglong Chen,Yitong Zhang,Jiali Qi,Capital University of Economics and Business,Successful Participant,
2203407,Junyi Lin,Haobin Zhang,Jianxuan Qin,Guangdong Ocean University,Honorable Mention,
2203408,Jie Wan,Zihan Wu,Xun Zhang,China University of Petroleum - Beijing at Karamay,Successful Participant,
2203409,Chen Zhaoyang,Zhang Tianyi,Zhuo Xinran,Capital University of Economics and Business,Successful Participant,
2203410,Jingcheng Liu,Mengdi Zhang,Shixiao Chang,Tianjin University of Science & Technology,Honorable Mention,
2203411,Jinyi Cheng,Jingi Wang,Lurong Yang,Southwestern University of Finance and Economics,Honorable Mention,
2203412,Pingju He,Congyue Zhang,Zhaohao Wu,ZhuHai College Of Science And Technology,Honorable Mention,
2203413,Feng Zhang,Yu Wei,Yuxin Zhou,Jiangsu University of Science and Technology,Successful Participant,
2203414,Zengwan Wu,Puze Wang,Mengran Shi,KARAMAY,Disqualified - P,
2203415,Mingyi Guo,Zixu Wang,Xiaohan Ning,Dalian University of Technology,Successful Participant,
2203416,Juny1 Duan,Zhan Yang,Jiyao Wang,Dalian University of Technology,Successful Participant,
2203417,Chen Shen,Yiran Zhang,Minghao Wei,Dalian University of Technology,Honorable Mention,
2203418,Yiftan Zhang,Xinyang Zhang,Hongyu Ma,Dalian University of Technology,Successful Participant,
2203419,Qingfu Wu,Shuting Lai,Shanghong Xie,South China Normal University,Honorable Mention,
2203420,Xiguang Xian,Xuan Zhang,Xuelian Jin,Harbin Medical University,Successful Participant,
2203421,Shihong Xia,Chenkai Yao,Zhongheng Nie,Donghua University,Finalist,
2203422,Yue Angxiao,Wang Zeyu,Zhou Wenrui,Beijing Institute of Technology,Meritorious Winner,
2203423,Luo Jiaan,Qiu Pengcheng,Jiang Zihao,Beijing Institute of Technology,Successful Participant,
2203424,Chen Yang,Yuting Zhu,Yilin Ping,Zhejiang University of Finance & Economics,Successful Participant,
2203425,YU Shuanghe,Chen Kui, ,Beijing Institute of Technology,Successful Participant,
2203427,Feryu Mao,Yuqiu Shi, ,Jiangsu Normal University Kewen College,Disqualified - P,
2203428,Can Zhang,Ta1Yan Zhou,Likun Wang,Beijing Institute of Technology,Honorable Mention,
2203429,Kechun Ma,Qianyu Li,Yihong Gao,Capital University of Economics and Business,Successful Participant,
2203430,Huang Jiahang,Liu Shen,Yu Mengyao,Beijing Institute of Technology,Honorable Mention,
2203431,Hao Ji,Panwen Chai,Zitian Chen,Dalian University of Technology,Successful Participant,
2203432,Yi Jin,Yahui Wang,Guoqi Cul,Dalian University of Technology,Successful Participant,
2203433,Shuyang Fei,Yixin Fang,Yuetong Zhang,Dalian University of Technology,Successful Participant,
2203434,Shuai Zhang,Shuai Liu,Chengwei Yin,Being Jiaotong University,Honorable Mention,
2203435,Tanchu Zhang,Xin Li,Ming Yuan,Dalian University of Technology,Successful Participant,
2203436,PeityaoNiu,DiTang,ZejiGuo,Dalian University of Technology,Successful Participant,
2203437,Xinjian Ji,Huiyie Ma,Haojie Guo,Dalian University of Technology,Meritorious Winner,
2203438,Xiaoye Wang,Zihang Xu,Zikang Wang,Harbin Institute of Technology  Weiha1,Successful Participant,
2203439,Sizhe Chen,Taosong Fang,Kaiqi Zhang,Dalian University of Technology,Successful Participant,
2203440,Yanyan Wang,Zhihao Bu,Wenguang Zheng,Dalian University of Technology,Successful Participant,
2203441,Xiaojing He,Yin Zhu,Tong An,Harbin Institute of Technology  Weiha1,Successful Participant,
2203442,Yuting Yang,Qinyi Yang,Huanglan He,Dalian University of Technology,Honorable Mention,
2203443,Ruigqing Zhu, , ,Dalian University of Technology,Successful Participant,
2203444,First Yaowen Last Hu,First Tan Last Fang,First Wertyi Last Zhang,Dalian University of Technology,Successful Participant,
2203445,Xiaofeng Li,Zhiyu Guo,Yilin Jin,Dalian University of Technology,Successful Participant,
2203446,Xiangyu Wen,Yu Zhang,Ruobin Muo,Dalian University of Technology,Disqualified - P,
2203447,Ruihe Wang,Ziao Zhang,Haolei Xu,Harbin Institute of Technology  Weiha1,Finalist,
2203450,Zhipeng Cao,Xinrui Yu,Qingsheng Li,Dalian University of Technology,Successful Participant,
2203451,Wentao Tu,Yujie Jiang,Haoming Peng,Harbin Institute of Technology  Weiha1,Successful Participant,
2203452,Yuchen Gao,Wanting Yu,Fengjian Zhang,Harbin Institute of Technology  Weiha1,Successful Participant,
2203453,Shufan Li,Ruiyie Gao,Shuo Sun,Harbin Institute of Technology  Weiha1,Honorable Mention,
2203454,Zhiyun Xue,Jingyang Zhu,Yeyu Chen,Harbin Institute of Technology  Weiha1,Honorable Mention,
2203455,Ruty1 Gao,Youzhi Feng,Xinya Xu,Harbin Institute of Technology  Weiha1,Successful Participant,
2203456,Jiankun Sun,Yichen He,Jiayin Zhou,Harbin Institute of Technology  Weiha1,Successful Participant,
2203457,Haodong Wang,Rui Yuan,Zijian Wang,Harbin Institute of Technology  Weiha1,Meritorious Winner,
2203458,ZhongJunbin,FanZhengquan,LiuWenqian,Guangdong University of Technology,Honorable Mention,
2203459,Chunfei Hu,Jun Kuang,Zhenyu Zhang,Harbin Institute of Technology  Weiha1,Successful Participant,
2203460,Shijie Jiang,Jiawen Chi,Xinyu Hu,Harbin Institute of Technology  Weiha1,Honorable Mention,
2203461,Chennuo Dai,Hong Wang,Ruixuan Niu,Harbin Institute of Technology  Weiha1,Finalist,
2203462,Fayang Liang,Jingjing Liu,Fangyu Hu,Harbin Institute of Technology  Weiha1,Successful Participant,
2203464,Huili Zeng,Youzheng Wu,Chenrui Ma,Dalian University of Technology,Meritorious Winner,
2203465,Hanyi Yang,QiuyuanWU,XinyueLiu,Dalian University of Technology,Successful Participant,
2203466,Zigao Zhang,Chen Dong,Lin Zhang,Dalian University of Technology,Honorable Mention,
2203468,Yiheng Dong,Xiangyang Zhang,Chujun Hu,Dalian University of Technology,Honorable Mention,
2203469,Xuyang Cao,Yapeng Yan,Jinlin You,Dalian University of Technology,Successful Participant,
2203470,Kungqing YU,Aoran Zhang,Zihan Wang,Dalian University of Technology,Successful Participant,
2203471,Siyuan X1ao,Yue Niu,Qingyang Qiu,Dalian University of Technology,Honorable Mention,
2203472,Junpu Xiao,Yuxuan Liu,Jiayu Wang,Dalian University of Technology,Successful Participant,
2203473,Haoming Qu,Wenning Liu,Bocheng Tang,Shenyang Institute of Engineering,Disqualified - P,
2203474,Rusen Zhang,Xiao Liu,Yanghe Liu,Dalian University of Technology,Successful Participant,
2203475,QiaowanSu,KeyuPan,YidanGao,Dalian University of Technology,Honorable Mention,
2203476,Ruofan Zhang,Yihong  Wang,Hexin Li,Dalian University of Technology,Successful Participant,
2203477,Meng Wang,Hanwei Xu,Fengze Gong,Dalian University of Technology,Honorable Mention,
2203478,Zhizhen Zhang,Ruochong Han,Yujie Huang,Dalian University of Technology,Successful Participant,
2203479,Perry Song,Anlan Yu,Kris Wang,Dalian University of Technology,Honorable Mention,
2203480,Zitan Wu,Shengbo Liu,Ruiyuan Yang,Dalian University of Technology,Successful Participant,
2203481,Jianhui Zhang,Xuhao Ye,Shiqiang Han,Shijiazhuang Tiedao University,Honorable Mention,
2203482,Ying Lin,Peiyi Ye,Ruinan Li,Dalian University of Technology,Honorable Mention,
2203483,Heshen Xia,Haotian Gao,Yunxiang Kang,Dalian University of Technology,Honorable Mention,
2203484,Zhang Junhong,He Zhitong,Lin Jingsong,Guangdong University of Technology,Honorable Mention,
2203485,Jiahui Zhang,Rongsheng Qu,Jin Li,Dalian University of Technology,Successful Participant,
2203486,Ye Lu,Anyu Zhao,Sheng De Bai,Dalian University of Technology,Successful Participant,
2203487,Zijyun Yang,Hongming Fu,Xinx1 Zhou,Dalian University of Technology,Successful Participant,
2203488,Peng Shuweli,Li Quusi, ,Guangdong University of Technology,Successful Participant,
2203489,Hao You,Shuo Wang,Binggang Liu,Dalian University of Technology,AMS Award,
2203490,Linsi Wu,Yujie Wu,Yuxin Wang,TARBIN INSTITUTE OF TECHNOLOGY  SHENZH,Honorable Mention,
2203491,Jiafeng Cai,Xinan Xie,Zhewei Guo,South China University of Technology,Meritorious Winner,
2203492,Ye Zhong,Hongwei Cui,Liwei Tan,Dalian University of Technology,Honorable Mention,
2203493,Jiarui Chen,Yux1 Tan,Bohan An,Harbin Institute of Technology  Weiha1,Meritorious Winner,
2203494,Maoyang Su,Peitying He,Jipeng Su,South China University of Technology,Meritorious Winner,
2203495,Jiechang Li,Tianyang Zhou,Binhe Huang,South China University of Technology,Successful Participant,
2203497,Xin Zhou,Guoyi Zhang,Yunlong Tang,Dalian University of Technology,Honorable Mention,
2203498,Haiwei Luo,Buyi Deng,Wenli You,South China University of Technology,Successful Participant,
2203499,Zichun Wang,Jiacheng Pan,Xianbo Lin,Harbin Institute of Technology  Weiha1,Successful Participant,
