2204001,Xuanhe Fan,Meng Meng,Yuting Sun,Beijing University of Chemical Technology,Successful Participant,
2204002,Jingxin Shi,Hang Zhou,Jiazheng Wang,Beiing University of Posts and Telecommunication:,Successful Participant,
2204003,Haixia Zhang,Xiangrul Li,Tianyu Wu,Qufu Normal University,Successful Participant,
2204004,Rui Ji,Ju Wang,Zhiru Li,Beijing University of Chemical Technology,Successful Participant,
2204005,Han Wang,Qing Ren,Yifan Wu,Beijing University of Chemical Technology,Honorable Mention,
2204006,Yu Deng,Zhiyuan He,Yichen Yang,Zhejiang University of Finance and Economics,Honorable Mention,
2204007,Yu Li,Xin Liu,Lei Li,Qufu Normal University,Successful Participant,
2204008,Qun Junbo,Deng Jinxiu,Wu Boyang,China University of Petroleum (East China),Successful Participant,
2204009,Gao Yunfel,Li Long,Li Chengrui,China University of Petroleum (East China),Disqualified - P,
2204010,Zhang Jiawei,Lin Chenyan,Huang Linbo,China University of Petroleum (East China),Successful Participant,
2204011,Zhao Haoyu,Ding Bojun,Zhao Xinyu,Northwest A& F University,Successful Participant,
2204012,Zheng He,Ma Xiangyl1,Hou Huilin,China University of Petroleum (East China),Successful Participant,
2204013,Li Songze,Zhang Yixuan,Dong Xueli,China University of Petroleum (East China),Successful Participant,
2204014,Che Xin,Shen Tong,Wang Zhaowel,China University of Petroleum (East China),Successful Participant,
2204015,Xing Zhenhua,Sheng Hua,Kang Zhuang,China University of Petroleum (East China),Successful Participant,
2204016,Rao Linwei,Liu Ziyang,Yan Huichao,China University of Petroleum (East China),Successful Participant,
2204017,Minghui YUAN,Yuchen TAO,Zhengyan ZHANG,The University of Nottingham Ningbo China,Successful Participant,
2204018,Li Peipei,Chen Xuanxiao,Lin Shiyue,China University of Petroleum (East China),Successful Participant,
2204019,Jiaqi Chen,Pu Zhang,Yue Zhang,Capital University of Economics and Business,Successful Participant,
2204020,Tao Cheng,Weijia Yu,Zhiqi Yan,Southwestern University of Finance and Economics,Successful Participant,
2204021,Weilong Zhao,Xiangyun Ye,Guangyong Huang,Neusoft Institute Guangdong,Successful Participant,
2204022,Zeyu Hua,Wuhai Bin,Xuwen Li,Neusoft Institute Guangdong,Successful Participant,
2204023,Sixuan Wang,Wery1 Zhao,Aixuan He,Sichuan University,Successful Participant,
2204024,Yuanpeng Fu,Xingye Lv,Yuantao Wang,Huazhong University of Science and Technology,Successful Participant,
2204025,Chunxiao Huang,Hongxu Zhu,Qian Zheng,Liaoning Technical University,Successful Participant,
2204026,Yue Chen,Yaoyao Cai,Minyi Gu,CHANGZHOU INSTITUTE OF TECHNOLOGY,Successful Participant,
2204027,Yu Zhou,Lingyu Zhao,Yupei Nie,CHANGZHOU INSTITUTE OF TECHNOLOGY,Meritorious Winner,
2204028,Zhuo Zeng,Zheming Liu,Qiuyu Jin,Huazhong University of Science and Technology,Successful Participant,
2204029,Zhihai Wei,Jiyuan Xue,Xuehua Ye,Xiamen University,Successful Participant,
2204031,Jinrui Wang,Yapeng Ma,Yuchen Mu,Harbin Medical University,Successful Participant,
2204033,Meihui Chen,Wenaing Li,Baotong Liao,China University of Mining and Technology,Successful Participant,
2204034,Xinyi Liu,Keying Chen,Zan Li,Dongbei University of Finance and Economics,Successful Participant,
2204035,Xinyu Yao,Gengqi Yang,Yalong Xu,Hebei University of Technology,Successful Participant,
2204037,ShuHe Gan,XiaoYu Fan,MengHan Xue,Dalian University of Technology,Disqualified - P,
2204038,Wenyue Song,Petyuan Cao,Jie Fu,Xiamen University,Successful Participant,
2204039,Chenxu Wang,Ziang Wang,Cangbai Xu,Xiamen University,Honorable Mention,
2204040,Mengmeng Cao,Minnan Hei,Jingyuan Kong,Xiamen University,Successful Participant,
2204041,Yutong Chen,Weimin Su,Chunsong Zhang,Xiamen University,Successful Participant,
2204042,Wentian Wang,Zihan Wang,Xintong Hong,Xiamen University,Successful Participant,
2204043,Lingqin Kong,Zhonglin Cui,Bowen Xue,Dalian University of Technology,Successful Participant,
2204044,Zeyu Zhang,Hongfu Guo,Jinxi Li,Dalian University of Technology,Successful Participant,
2204045,Yichun Wang,Jing Wu, ,Dalian University of Technology,Successful Participant,
2204046,Guiyun Gao,Yao Fu,Huali Yu,Dalian University of Technology,Successful Participant,
2204047,TIANYU CAO,MINGCHEN XU,YINUO ZHU,Beijing Institute of Technology,Honorable Mention,
2204048,Pengle1 Gao,Shaoyu Wang,Tiantian Su,Dalian University of Technology,Successful Participant,
2204049,Xingyu Wu,Zhaocheng Zhang,Wei Shan,Dalian University of Technology,Successful Participant,
2204051,Yuqi Liu,Chu li,Tengfei Li,Dalian University of Technology,Successful Participant,
2204052,Wenxuan Shen,Zekun Wang,Shuai Zhang,Dalian University of Technology,Successful Participant,
2204053,Shengfei Gu,Changde Ding,Zitao Hua,Dalian University of Technology,Successful Participant,
2204054,Ziyu Guo,Hangning Shang,Qi Wu,Dalian University of Technology,Disqualified - P,
2204055,Qianjun Jing,Jinghang Xu,Luhan L1,Dalian University of Technology,Successful Participant,
2204056,Hongyu Qin,Yanru Huang,Yigi Wang,Dalian University of Technology,Successful Participant,
2204058,Yuhan Wu,Yanjie Guo,Wanling Ge,Dalian University of Technology,Successful Participant,
2204060,Tianyi Xu,Xiaoshuo Sun,Shuyang Huang,Dalian University of Technology,Honorable Mention,
2204061,Haoxiang Gao,Jiaming Zheng,Yiyang Zeng,Xiamen University,Meritorious Winner,
2204062,Daokai Chen,Hathong Zhu,Shengyu Yue,Xiamen University,Successful Participant,
2204063,Ma Yuqing,Yao Nian,Zhao Qingyang,Jiangsu Second Normal University,Successful Participant,
2204064,Shiyan Lin,Jinchen Xie,Rutyi Zhang,Xiamen University,Successful Participant,
2204065,Lin Kang,Binhao Wang,Zhihui Jiang,Xiamen University,Successful Participant,
2204066,ZhongJie Yang,Zhong Xuan Liang,BingLi Wu,South China Agricultural University,Successful Participant,
2204067,MouNing Chen,LinTao Wei,JiHong Xu,Xiamen University,Successful Participant,
2204069,Liu Zhiyuan,Qiao Wenhao,Ma Wanqi,Being Jiaotong University,Successful Participant,
2204070,panguanyu,yanghutyu,lianghaoxian,South China Agricultural University,Successful Participant,
2204071,Qianyi Guo,Bowe Wu,Qi Tang,South China Agricultural University,Successful Participant,
2204073,DianDian Shi,ZhengWu Liu,PuHuan Shi,Xiamen University,Successful Participant,
2204074,LiuHengyuan,YangChengrul,Zhou Yixiaoxuan,Being Jiaotong University,Successful Participant,
2204075,Yu Yuexiang,Lyu Jikun,Jin Qunyao,Being Jiaotong University,Successful Participant,
2204076,Zhangzhang Jiang,Chaoqi Yang,Yuxi Peng,Being Jiaotong University,Successful Participant,
2204079,Liuging Zeng,Ziyan Han,Wenkai Yang,Xiamen University,Successful Participant,
2204080,Suiren Chen,Xinlong Li,Dujian Hong,South China Agricultural University,Successful Participant,
2204081,Qi Jingwen,Hou Yihan,Li Weiyao,Being Jiaotong University,Meritorious Winner,
2204082,Jingxin Yang,Dan Hong,Chenkai Guo,South China Agricultural University,Successful Participant,
2204083,Mingyuan Wu,Fetyu Chen,Siyuan Chen,Xiamen University,Honorable Mention,
2204084,Kai Zhuo,Zhangyu Lai,Rongrong Chen,Xiamen University,Honorable Mention,
2204085,Chao Zeng,Zeyu Jin,Xichen Guo,Xiamen University,Successful Participant,
2204086,Zhehao Yi,Sile Tang,Zhihao Lin,South China Agricultural University,Successful Participant,
2204087,, , , ,South China Agricultural University,Successful Participant,
2204088,Auyang Yu,Xunyuan Liu,Jie Zhang,Being Jiaotong University,Successful Participant,
2204090,YuanHang Ren,ZhuoFei Tang, ,South China Agricultural University,Disqualified - P,
2204091,Xiangyao Liu,Ziyuan Zhou,Yu Zhang,Xiamen University,Successful Participant,
2204092,Hongwei Zhou,Yinchong Chen,Shihan Ruan,Xiamen University,Successful Participant,
2204093,Chujie Chen,Xufei Lu,Z1xin Song,Xiamen University,Honorable Mention,
2204094,Shufang Zhao,Xiaoyang Xu,Jinshuo Ma,China University of Petroleum,Successful Participant,
2204095,Qi Cheng,Rui Chen,Xinyi Liu,Xiamen University,Successful Participant,
2204096,Yangchi Gao,Jipeng Lv,Yujun Yan,Xiamen University,Successful Participant,
2204097,Ruixin Lai,Jiayi Liu,Xinyl Gao,China University of Petroleum,Successful Participant,
2204098,Jing Lin,Zerui Huang,Zhenjie Lin,Xiamen University,Meritorious Winner,
2204099,Tingting Ding,Hutyu Su,Yuanzheng Liu,Shanghai Jiao Tong University,Honorable Mention,
2204100,Jiaqi Li,Yunfei Liu,Q1'ao Zhao,Xiamen University,Successful Participant,
2204101,Jiny1 Wang,Peicong Xu,Mincheng Zhu,Xiamen University,Honorable Mention,
2204102,Chen Yin,Xinying Lin,Jinnan Gu,Xiamen University,Successful Participant,
2204103,Yuxuan Zhong,Xi Chen,Hongchuan Yang,Xiamen University,Successful Participant,
2204104,Shiying Yu,Ziwei Li,Ziqi Wang,China University of Petroleum,Honorable Mention,
2204105,Runqiu Feng,Xiaomiao Lin,Zhengzhe Zhang,China University of Petroleum,Successful Participant,
2204106,Zimo Zheng,Zidi Liu,Xueyan Ding,Xiamen University,Successful Participant,
2204107,Shiyao Wang,Yixuan Li,Dedong Chang,Northwest A&F University,Successful Participant,
2204108,Taistyuan,Yusipeng,Luoyifei,Donghua University,Successful Participant,
2204109,Ruyun Feng,Jing Liang,Xuan Zhang,Zhejiang University of Finance and Economics,Meritorious Winner,
2204110,Jiahao Zhang,Qiang Sun,Ruiqi Shu,Ocean University of China,Successful Participant,
2204111,Mingyu Yang,Yi'nan Hu,Hongman Li,University of Nottingham Ningbo,Successful Participant,
2204112,Tiesen Tang,Jie Xu,Xin Zhang,Southeast University Chengxian College,Honorable Mention,
2204113,Hongjian Fan,Tianqi Wang,Jiayi Zhan,Southeast University Chengxian College,Honorable Mention,
2204114,Jing Qiao,Qiuyi Zhu,Zhehan Wang,Southeast University Chengxian College,Meritorious Winner,
2204115,Zuwei Zhang,Yuting Wang,Yi He,Southeast University Chengxian College,Successful Participant,
2204116,Yi Miao,Haofeng Tang,Wery1 Zou,Southeast University Chengxian College,Successful Participant,
2204117,Wenyan Gu,Wenlong Yu,Junting Liu,Southeast University Chengxian College,Successful Participant,
2204118,Ziyang Chen,Zhuxian Fan,Kunhong Yao,Dalian University of Technology,Successful Participant,
2204119,Yang Xuxing,Ye Zhongshuai,Gong Wanxin,Northwest A&F University,Successful Participant,
2204120,Sun Yife1,Sun Haijia,Cai Shulin,Dalian University of Technology,Honorable Mention,
2204121,ZHU Lingyi,MEI Yaping,XU Tian,Donghua University,Successful Participant,
2204122,Leihuan Wu,Shaopeng Qin,Yanwen Liu,Dalian University of Technology,Successful Participant,
2204124,Wanhao Liu,Jiakai Zheng,Liwen Jiang,Dalian University of Technology,Successful Participant,
2204125,Enxin Song,Qingyue Wang,Wenxiang Chen,Dalian University of Technology,Meritorious Winner,
2204126,Yanxin Li,Xue Zhu,Chenlu Wang,College,Successful Participant,
2204127,Yuxin Tian,Zilin Song,Yiru Quan,Being Jiaotong University,Successful Participant,
2204128,Shaozhuo Huang,Jiali Liu,Ziao Wang,Donghua University,Finalist,
2204129,Xinrong Zeng,Yidou Chen,Yichen Shao,Dalian University of Technology,Successful Participant,
2204130,Yue Li,Yuxiang Mao,Zuoxin Xiu,Dalian University of Technology,Successful Participant,
2204132,Jiahui Yan,Xiaowen Qiu,Xinyu Zhao,Shantou University,Successful Participant,
2204133,Zihao Zhang,Yifan Yang,Che Lin,Shantou University,Successful Participant,
2204134,Xiaorui Gai,Qing Chen,Linying Zhuang,Donghua University,Successful Participant,
2204136,Wanjing Chen,Jiahao Chen,ZeWei Lin,South China Agricultural University,Honorable Mention,
2204137,Yaxin Wang,Liyang Feng,Sitao Zhao,Beijing Forestry University,Honorable Mention,
2204139,Wang Zepeng,Zhu Meiqing,Yang Jingda,Hebei University of Engineering,Disqualified - P,
2204140,Xinpeng Chen,Yuhong Lu,Yuxiang Huang,Shantou University,Successful Participant,
2204141,Dunyan Yao,Zequan Lin,Yang Liu,Shantou University,Successful Participant,
2204142,Xiangrong Zhou,Yating Lai,Jiaqi Luo,Shantou University,Successful Participant,
2204143,Qinhui Li,Jingsong Xiao,Nuoyi Rao,Shantou University,Successful Participant,
2204144,Yang Zhao,Wen Yan,Yang Chen,Shantou University,Successful Participant,
2204146,Wan Y1,Wang Xinyan,Wang Zhihao,Xiamen University,Honorable Mention,
2204147,Yi Zhou,YuTong Jiang,YiLin He,Xiamen University,Successful Participant,
2204148,Shulin Liu,Sihan Xie,Ying Zheng,Being Jiaotong University,Successful Participant,
2204149,Haobo Wang,Jialiang Wang,Changhao Li,Dalian University of Technology,Meritorious Winner,
2204150,Huwei Ji,Jianhong Ma,Daying Wang,Dalian University of Technology,Successful Participant,
2204151,Changhong Zhong,Zhiyuan Pang,Yitao Li,South China Agricultural University,Honorable Mention,
2204152,Zhihao Nian,Jian Hu,LingLing Wu,Anhui Jianzhu University,Honorable Mention,
2204153,Chuxin Huang,Lixuan Su,Jialing Zhang,South China Agricultural University,Successful Participant,
2204154,Ziyi Zheng,Longhao Liu, ,South China Agricultural University,Successful Participant,
2204155,Jingjing Chen,Xiao X1ao,Zhongrui Zhang,Shanghai Jiao Tong University,Meritorious Winner,
2204156,Yiyi Du,Sen Ding,Zhenyu Wu,Anhui Jianzhu University,Honorable Mention,
2204157,Huang Runlin,Ren Xuzheng,Xu Yinong,BNU-HKBU United International College,Successful Participant,
2204158,Zhuowen Zhang,Ziyuan Song,Shaokang Li,Zhejiang University,Successful Participant,
2204159,ChengDong Wang,Deyu Guo,Jiakai Zhang,China University of Petroleum-Beiing at Karamay,Successful Participant,
2204160,Siqing Wang,Ruohui Wang,Yuhang Xie,Northwestern Polytechnical University,Successful Participant,
2204161,Jianyang Du,Zifeng Cheng,Xueying Fan,Southwestern University of Finance and Economic:,Meritorious Winner,
2204162,Xuehao Ma,Kexin Huang,Yuren Wang,China University of Petroleum,Honorable Mention,
2204163,wu chen,sun dezhi,liu shilong,China University of Petroleum (East China),Successful Participant,
2204164,Xi Tang,Wenbo Guo,Runfeng Wang,China University of Petroleum,Successful Participant,
2204165,Peiyan Chen,Chenglin Leng,Zihan Guo,China University of Petroleum,Successful Participant,
2204167,Hu Zhaoyi,Wang Hao,Wang Zujingyang,Harbin Institute of Technology  Weiha1,Successful Participant,
2204168,Zhanshuo Kou,Haichuan Chen,Mingyang Li,China University of Petroleum,Successful Participant,
2204169,Heying Du,Xiabei Fan,Shangrui Wu,Xiamen University,Successful Participant,
2204170,Zhao Wenjia,Xiong Jingtao,Liao Chenlu,Harbin Institute of Technology  Weiha1,Honorable Mention,
2204171,Chen Yao,Xiang Youyu,Zhu Zihua,Sun Yat-sen University,Successful Participant,
2204172,Binjie Zhao,Guanhua Rong, ,Heilongjiang University,Successful Participant,
2204173,Xingyu Yuan,Xuhui Li,Shuo Li,North China Electric Power University,Successful Participant,
2204174,Zijyun Tang,Hanfei Qiu,Qiurong Li,Northwest A&F University,Unsuccessful - I,
2204176,Zeqian Wu,Lingxin Xiang,Jiayi Zhang,Capital University of Economics and Business,Successful Participant,
2204177,Yuyu Yuan,Xu Liu,Peng Wang,Xiamen University,Successful Participant,
2204178,Zesheng Lu,Yanbing Weng,Xiaowei Zhuang,Xiamen University,Successful Participant,
2204179,Xiao Li,Dinghang Tan,Jingni Wang,Xiamen University,Finalist,
2204180,Yixuan Fan,Ruotong Liu,S1y1 Mao,Xiamen University,Honorable Mention,
2204181,Panfeng Zuo,Yumin Dong,Renjie Ji,Harbin Institute of Technology  Weiha1,Honorable Mention,
2204182,Jiahan Zhu,Huayang Sun,Minghao Li,Xiamen University,Successful Participant,
2204183,Zhu Daidai,Kong Keya,Ren Pengdi,Northwest A&F University,Successful Participant,
2204184,Duwei Chen,Xuan Cao,Yin He,Xiamen University,Meritorious Winner,
2204185,Linghan Yang,Xiaojie Hong,Qingyun Xu,Xiamen University,Honorable Mention,
2204186,Shuaishuai Zhang,Xin Jiang,Yuruo Wu,Harbin Institute of Technology  Weiha1,Successful Participant,
2204188,han mingliang,lu shuaichen,xu bozhao,China University of Petroleum (East China),Honorable Mention,
2204189,Ye Wang,Changrui Zhang,Zhenming Tian,Beijing Institute of Technology,Successful Participant,
2204190,YuXuan Hu,ZhiGao Song, ,ChongQing University,Successful Participant,
2204191,ltu weihao,Zhang xiaofei,zhao changxing,China University of Petroleum (East China),Honorable Mention,
2204192,Li Bing,Zhong Shizhao,Tang Xilu,Sichuan University,Successful Participant,
2204193,Chenyi Zhao,Lingzhi Wu,Lianghan Chen,China University of Petroleum,Successful Participant,
2204194,Weijie Hong,Qiming Liu,Hanyan Dong,Zhejiang University of Finance and Economics,Successful Participant,
2204195,Fengyuan Wang,Jiaxuan Chen,Ying Gao,China University of Petroleum,Successful Participant,
2204196,Zheng Liu,Shengyu Zhou,Jinyao Dong,China University of Petroleum,Successful Participant,
2204197,Wang Yipel,Wang Chuxuan,Sun Shuaibo,China University of Petroleum (East China),Honorable Mention,
2204198,Wen Yu,Xinmin Pei,Zhoujie Zeng,China University of Petroleum,Successful Participant,
2204199,Qiao Zishen,Bi Qirui,Liu Yuanyuan,China University of Petroleum,Finalist,
2204200,Qinghai Ren,Jiajin Long,Zhen Yang,China University of Petroleum,Successful Participant,
2204201,Liu Jianxin,Yang Heng,Bai Haobin,China University of Petroleum (East China),Successful Participant,
2204202,Diantao Hu,Junyan Chen,Kang Chen,China University of Petroleum,Successful Participant,
2204203,Cheng Haolin,Qian Jiayi,Xu Zihao,China University of Petroleum (East China),Successful Participant,
2204204,Jinpeng Liu,Fangzhen Wang,Ruiyin Wang,China University of Petroleum,Meritorious Winner,
2204205,Xiaoyu Gu,Fangyuan Qiu,Yawen Guan,China University of Petroleum,Successful Participant,
2204206,Hongxin Xv,Jiuzhou Wang,Haoyang Mi,China University of Petroleum,Successful Participant,
2204207,Liu Zikun,Wei Ziyao,Xu Katyang,China University of Petroleum,Successful Participant,
2204208,Yingmo Zhu,Chenjing Xie,Baihan Li,Hebei University of Technology,Successful Participant,
2204209,Jiang Yifan,Cheng Weihan,Pan Zhuowen,Capital University of Economics and Business,Honorable Mention,
2204210,Wang Pengjun,Song Yuhao,Wang Ziyue,China University of Petroleum (East China),Honorable Mention,
2204211,LIU Pengcheng,ZHANG Junjie,YE Zhenhao,Donghua University,Successful Participant,
2204213,Wang He,Sun Hatyi,Liu Wenru,China University of Petroleum,Successful Participant,
2204214,Xudong Wan,Jiaqi Yang,Youwang Zhang,College,Successful Participant,
2204215,Pang Xiaoyu,Gao Xiaoyan,Dai Chengshijie,China University of Petroleum,Finalist,
2204217,Chen Changqing,Zhang Xv,Chen Jingyuan,China University of Petroleum,Successful Participant,
2204218,Peihua Xu,Werjie Zhu,Yanyu Wang,Northwest A&F University,Disqualified - P,
2204219,Aue Junyu,Zhai Siqi,Yan Kai,China University of Petroleum (East China),Successful Participant,
2204220,Jiao Yumeng,Zhang Xin,Liu lixiang,China University of Petroleum (East China),Successful Participant,
2204221,Zhang Runqiao,Zhang Xingyu,Zhang Shuqi,China University of Petroleum,Honorable Mention,
2204222,Xu Kai,Xu Yongkang,Liu Xiaorul,China University of Petroleum,Meritorious Winner,
2204223,Zhou Jiayu,Luo Wen,Shen Y1,China University of Petroleum (East China),Successful Participant,
2204224,Rao Chongzhi,Li Yuzhi,Yang Ziwen,China University of Petroleum,Honorable Mention,
2204225,Minghang Zhu,Juhua Zhang,Hutying Duan,Shandong University,Successful Participant,
2204226,Jingjing Zhu,Zhouyue Sun,Luyu Han,Shanghai Jiao Tong University,Honorable Mention,
2204227,Shiyu Ni,Rongkai Zhang,Zhaoyang Zhang,Shandong University,Honorable Mention,
2204228,Hanlin Gao,Zhiyu Wu,Haoming Zhu,Shanghai Jiao Tong University,Successful Participant,
2204229,HAN Xu,ZHENG Dexian,JIN Kaichun,Shandong University,Successful Participant,
2204231,LinHaoQiang,SunQi,B1YiRan,Shandong University,Meritorious Winner,
2204232,Yao Tiancan,Xu Zihe,Yang Chen,China University of Petroleum,Successful Participant,
2204233,Jiaxiang Liang,Longkun Liu,Baoqing Li,China University of Petroleum,Successful Participant,
2204234,Junhao Xu,Yilin Dong,Tianhui Ma,Shandong University,Meritorious Winner,
2204235,Ma Zhiqiang,Zhang Zhenhao,Gao Juanru,China University of Petroleum,Honorable Mention,
2204236,Zang chuangchao,Liu bo,Wang yaxuan,Shandong University,Successful Participant,
2204237,Wang Hankun,Liu Yaqi,Liu Shiting,Shandong University,Honorable Mention,
2204238,Han Jiang,Yonghan Li,Meicong Wu,China University of Petroleum,Disqualified - P,
2204239,Shuo Chen,Xin Wang,Shengxin Sun,Harbin Institute of Technology,Successful Participant,
2204240,Bingchen Zhao,Linkang Zhang,Yiran He,Shandong University,Successful Participant,
2204241,Yu TengBo,Li Yan,Hui Hao,Shandong University,Successful Participant,
2204242,Ruohan Xu,Duo Chen,Ziqi Qiu,Tianjin University,Successful Participant,
2204244,Zhang Zhitao,Zhang Dianshuo,Fang Chen,China University of Petroleum,Successful Participant,
2204245,Mu Yizeng,Ni Hao,Zhang Lemin,China University of Petroleum,Finalist,
2204246,Yang Wenhu1,Nie Ziqi,Lin Yifan,China University of Petroleum (East China),Successful Participant,
2204247,Long Zhutao,Yang Quanlong,Su Xin,China University of Petroleum,Successful Participant,
2204248,He Honghao,Cao Qing,Yin Yifan,China University of Petroleum,Disqualified - P,
2204249,Chen Lin,Liyuan Zhang,Shuo Yin,Dalian University of Technology,Successful Participant,
2204250,Xinyue Wang,Ziyi Wang,Yinuo Liu,Dalian University of Technology,Honorable Mention,
2204251,HaiPeng Yu,BingZhang Fu,Qian Yao Pan,China University of Petroleum,Successful Participant,
2204252,Hao Zhou,Ling Chen,Zhaoyi Wang,Dalian University of Technology,Successful Participant,
2204253,Shaokang Shi,Songqi Zhang,Huilin Chen,Dalian University of Technology,Successful Participant,
2204255,Guan Jincheng,Wang Yunqi,Zhang Yihang,Shandong University,Successful Participant,
2204256,Chunsheng Shi,Xueer Shan, ,Dalian University of Technology,Successful Participant,
2204257,Huawei Zhu,Yanbo Xu,Jun Xia,Dalian University of Technology,Meritorious Winner,
2204258,Ziguang Zhu,Changwei Zhang,Zhuoyang Zhao,China University of Petroleum,Successful Participant,
2204259,Zhanbei Tong,Wu Chen,Chenhao Lin,Hubei Minzu University,Successful Participant,
2204260,Zeyu Gao,Zhicun Yin,Di Wu,Harbin Institute of Technology(Wetha1),Disqualified - P,
2204261,XiaoPeng Lin,YuDong Gao,YaJing Chen,China University of Petroleum,Successful Participant,
2204262,Yujie Fang,Pincheng Tong,Xu Guo,Dalian University of Technology,Successful Participant,
2204263,Zhuofan Wang,Siyu Liao,Peiqi Huang,Shenyang Pharmaceutical University,Meritorious Winner,
2204264,Xunyi Gao,Shangpeng Hu,Jian Li,Zhengzhou University,Successful Participant,
2204265,Xinyu Shi,Xueyan Cheng,Yutong Shi,Tianjin Foreign Studies University,Successful Participant,
2204267,Hengyu Liu,Meilin Li,Han Chen,Zhejiang University,Successful Participant,
2204268,Bingting Deng,Aue Yang,Qianting Hong,Fuzhou Institute of Technology,Successful Participant,
2204269,Haoxiang Qin,Wenrui Zhou,Xiangyu Zhao,Dalian University of Technology,Successful Participant,
2204270,Runxin Zhai,Rong Li,Ziwen Gao,Beihua University,Honorable Mention,
2204271,Feihong Wu,Jiale Li,Kexin Yuan,Science and Technology,Honorable Mention,
2204273,Litao Tao,Guoling Zhou,Zhiyang Chen,Beihua University,Successful Participant,
2204274,Jiale Xu,Guoxi Lin,Yan Zhang,Lanzhou University,Successful Participant,
2204275,Yuansong Zhu,Muya Liu,Xiao Xu,Southwestern University of Finance and Economic:,Honorable Mention,
2204276,Chen Xiang,XiaoDong Yu,haizhou wang,University of Shanghai for Science and Technology,Meritorious Winner,
2204277,Zhiyuan Luo,Xiao Yu,Jiaying Li,Sichuan University,Successful Participant,
2204278,Chenyu Liu,Xintong Xie,Xiang Li,Dalian University of Technology,Successful Participant,
2204279,Xiangyl Xu,Xuanxi Jiang,Lexiao Mao,Dalian University of Technology,Successful Participant,
2204281,YuXin Zhang,YiPeng Luo,HaoYu Li,Dalian University of Technology,Successful Participant,
2204282,Guohao Qiu,Jingzhi Fan,Bojin Gu,Dalian University of Technology,Successful Participant,
2204284,Zhexuan Zhao,Zhen Sun,Wantong Jiang,Dalian University of Technology,Successful Participant,
2204285,Xuanmin Ma,Ziyang Lu,Haoyu Su,Dalian University of Technology,Successful Participant,
2204286,Dongy1 Dai,Yunpeng Lu,Zikang He,Dalian University of Technology,Successful Participant,
2204287,Shuo Jiao,Shiying Zheng,Jinbo Pu,Dalian University of Technology,Honorable Mention,
2204289,Xipeng Li,Fengyi Zhong,Lingxuan Zhu,Dalian University of Technology,Successful Participant,
2204290,Xiantong Zhang,Shihan Shang,Hengyu Li,Dalian University of Technology,Successful Participant,
2204291,Xuanze Dai,Zhuohan Sun,Jiaxing Li,Dalian University of Technology,Successful Participant,
2204292,Yu Yang,Z1xin Guo,Kaichun Wang,Dalian University of Technology,Successful Participant,
2204293,Donglai Liu,Ensheng Jin,Zhaokai Xu,Dalian University of Technology,Successful Participant,
2204294,Xiaowei Zhang,Wenjin Guo,Xiying Zhang,Xiamen University,Honorable Mention,
2204295,Heng Wang,Yongfang Ding,Ning Jia,Dalian University of Technology,Successful Participant,
2204296,Yichen Zhao,Jiawang Guo,Yinjie Lai,Xiamen University,Honorable Mention,
2204297,Shan Zhang,Yuquan Ding,Heng Zhang,Dalian University of Technology,Honorable Mention,
2204298,Yuan Kang,Shuaihao Han,Chengkang Liu,Dalian University of Technology,Successful Participant,
2204299,Peihui Lin,Jiay1 Mao,Lv Lv,Xiamen University,Honorable Mention,
2204300,Zhihan Lin,Enming Fan,Zipeng Wang,Dalian University of Technology,Successful Participant,
2204301,Zhuoying Wu,Jingwei Zhou,Liangliang Jin,Dalian University of Technology,Successful Participant,
2204302,Ronghao Huang,Jiaqi Chen,Shaozhe Liu,Xiamen University,Honorable Mention,
2204303,Haini Zhuang,Chong Li,Rongzhen Zhuang,Xiamen University,Successful Participant,
2204305,Jiatong Zhao,Yue Xu,Xingqi Gao,Xiamen University,Successful Participant,
2204306,Hao Tang,Yiting Bai,Mingfeng Lv,Xiamen University,Successful Participant,
2204307,Shuhui Zhu,Mingjie Dong,Liang Qiu,Xiamen University,Honorable Mention,
2204308,Zilong Liu,Mengyuan Zhang,Lingx1 Xu,Xiamen University,Meritorious Winner,
2204309,Zhixi Yao,Zihe Ye,Zening Wang,Xiamen University,Honorable Mention,
2204310,Yiqiang Ou,Changyu Su,Pengxi Yang,Xiamen University,Successful Participant,
2204311,Yuxuan Huang, , ,Xiamen University,Successful Participant,
2204312,Jiangwang Chen,Lu Lin,Jiakun Wu,Xiamen University,Honorable Mention,
2204313,Xinyue Wang,Guangping Shi,Yujie Peng,Xiamen University,Successful Participant,
2204314,Shaohan Li,Shiyue Yang,Yujiao Wu,Xiamen University,Honorable Mention,
2204315,Peize Wang,Fangzhong Liu,Yidi Tian,Xiamen University,Meritorious Winner,
2204316,Yunjia Liu,Bolai Li,Chao Sun,Shandong University of Science and Technology,Disqualified - P,
2204318,FanFei Li,Han Huang,Ailin Xue,South China Agricultural University,Successful Participant,
2204320,Yingqian Chen,Zerong Zhang,Bangyan Wang,Xiamen University,Successful Participant,
2204321,Jing Peng,Ziyi Kong,Yanning Chen,Xiamen University,Honorable Mention,
2204322,Tianxin Li,Zichen Wang,Siwen Ding,Capital University of Economics and Business,Honorable Mention,
2204323,Guotai Huang,Anxin Wang, ,South China Agricultural University,Successful Participant,
2204324,Jing Ouyang,Jingzhu Pei,Jingzhuo Zhu,Dalian University of Technology,Successful Participant,
2204325,Fangyu Lin,Henghao Li,Shuting Cao,Dalian University of Technology,Honorable Mention,
2204327,Yongxiang Xie,Fengsheng Xu,Kunkai Fu,Xiamen University,Honorable Mention,
2204328,Yuyjie Li,Dingyu Pan,Yueru Deng,Dalian University of Technology,Successful Participant,
2204329,Jiarong Peng,Qilei Cai,Tingting Zeng,South China Agricultural University,Successful Participant,
2204331,Kangyuan Li,Shanning Liao,Hutyi Zhang,Xiamen University,Successful Participant,
2204332,Yi Yu,Ruimin Song,Xiaokang Jiang,Xiamen University,Honorable Mention,
2204333,Zhenhao Zou,Yuze Wang,Pengtao Zheng,Xiamen University,Finalist,
2204335,Yaxuan Liu,Jiaxin Zhang,Yang X1,Xiamen University,Honorable Mention,
2204336,Siyuan Zheng,Haoran Li,Yaocheng Guo,Xiamen University,Honorable Mention,
2204337,Sirul Yu,Shirui Zhang,Shengrui Ba,Xiamen University,Honorable Mention,
2204338,Yuxin Zhang,Wenhui Xiao,Suling Zheng,Xiamen University,Meritorious Winner,
2204339,Chen Lin,Shuquan Lian,Yunhao Chen,Xiamen University,Successful Participant,
2204341,Yina He,Boshi Zheng,Chenxi Sun,Xiamen University,Successful Participant,
2204342,Zekun Wang,Qianhui Zhu,Zhidan Li,Xiamen University,Successful Participant,
2204343,Zhao Sunan,Zhang Ziyan,Cui Chenting,China University of Petroleum,Honorable Mention,
2204344,Zhen Liu,Hongbin Chen,Jiaye Pan,Xiamen University,Honorable Mention,
2204345,Zimeng Wang,Lei Liu,Yanqi Chen,Xiamen University,Honorable Mention,
2204346,Li Bin,Liu Hao,Wang Lei,China University of Petroleum,Disqualified - P,
2204347,Qiu Qiting,Zhao Wenzhe,Li Yuxing,China University of Petroleum,Successful Participant,
2204348,Xiang Du,Xin Wang,Yvhui Tong,Northwest A&F University,Successful Participant,
2204349,Song Xushan,Qin Yuechang,Guo Yuyang,Capital University of Economics and Business,Successful Participant,
2204350,Ruifeng Chen,Zehao Zhang,Jiajun Feng,South China Agricultural University,Successful Participant,
2204351,Zu Wang,Yi Nong He,Yi Ming Xiang,Shanghai Jiao Tong University,Honorable Mention,
2204354,miaoqi hao,xuejiao huang,longyu li,Capital University of Economics and Business,Successful Participant,
2204355,Xiuye Huang,Kai Li,Jiaxing Li,Hunan University,Successful Participant,
2204356,Jiaqi Xu,Tianai Xia,Yushuang Liu,Jilin Business and Technology College,Successful Participant,
2204357,Yifei Zhang,Shengtao Shui,Yanen Ni,Shanghai Jiao Tong University,Meritorious Winner,
2204358,Zhang Junhao,Li Yingmeng,Ma Dongze,Beihua University,Successful Participant,
2204359,Guanghui Li,Wenbo Zhang,Kai Wang,Northwest A&F University,Successful Participant,
2204360,Li Shuaiqi,Yuan Mingpeng,Lu Yuxin,Beihua University,Successful Participant,
2204361,Li Honghao,Xia Zhaoze,Liu Jiang,Beihua University,Successful Participant,
2204362,Weitian Chen,Yingchi Lin,Yangchen Zeng,South China Agricultural University,Honorable Mention,
2204363,QiCheng Tian,Zishu Xiang,XiRui Guo,University,Disqualified - P,
2204364,Linxiong Wang,Li Yan,Hangzi Min,Hunan University,Successful Participant,
2204365,Zhang Rungeng,Bei Shihao,Xu Haoran,China University of Petroleum,Successful Participant,
2204366,Zhang Yao,Zhang Yanting,Wang Yizhuo,China University of Petroleum,Successful Participant,
2204367,Xueqi Guo,Yiyang Zhao,Xiuyu Yang,Shanghai Jiao Tong University,Successful Participant,
2204368,Jianing Dai,Zhitong Guo,Shihao Yu,Capital University of Economics and Business,Honorable Mention,
2204369,Hu Yuwei,Li Tianyu,Yao Anna,Renmin University of China,Honorable Mention,
2204370,Min Hang,Dong He,Hu Xinyu,Beihua University,Successful Participant,
2204371,Weiqi Meng,Tianning Xu,Hanyu Liu,Nankai University,Honorable Mention,
2204372,Liu Ran,Song Shuyu,Liu Zhenshuo,China University of Petroleum(huadong),Successful Participant,
2204373,Liu Tielou,Zhao Danshi,Li Yixuan,China University of Petroleum(huadong),Successful Participant,
2204374,Ma Xinyu,Chao Yuncheng,Shen Tianhui,China University of Petroleum(huadong),Successful Participant,
2204375,Zhu Zhenmin,Zhang Xu,Tang Jiahao,China University of Petroleum(huadong),Honorable Mention,
2204376,Xie Yanming,Li Hanci,Zhou Xingchen,China University of Petroleum(huadong),Successful Participant,
2204377,Shen Zhixuan,Chen Menglong,Chen Ming,China University of Petroleum(huadong),Honorable Mention,
2204378,Kong Mengkai,Li Yunfei,Chen Hongcheng,China University of Petroleum(huadong),Meritorious Winner,
2204379,Long Jianhao,Liu Zhixin,Liu Yifan,China University of Petroleum(huadong),Successful Participant,
2204381,Zhao Pengyang,Ma Xiaoyue,Han Yaru,China University of Petroleum(huadong),Successful Participant,
2204382,Li Shaobing,Ma Zhe,Liu Yang,China University of Petroleum(huadong),Unsuccessful - I,
2204383,Liu Guanchu,Guan Jiayl,Guo Shenglong,China University of Petroleum(huadong),Meritorious Winner,
2204384,Jiang Xianfu,Chen Zhigin,Liu Kaiwen,China University of Petroleum(huadong),Successful Participant,
2204385,Jin Rui,Wu YongHui,Shen LinYi,China University of Petroleum(huadong),Honorable Mention,
2204386,Liu Minghao,Han Bowen,Chi Xuejian,China University of Petroleum(huadong),Successful Participant,
2204388,Jiang Chao,Yang Quia,Xu Hongzhi,China University of Petroleum,Successful Participant,
2204390,Yang Nan,Hu Ke,Wang Zhuangzhuang,China University of Petroleum(huadong),Meritorious Winner,
2204391,Fu Kerui,He Zhihao,Kong Xiangyin,China University of Petroleum(huadong),Disqualified - P,
2204392,Li Pengshuo,Ji Haoda,Fu Chuancheng,China University of Petroleum,Successful Participant,
2204393,Zhao Wenhao,Wang Zhen,Huang Yuhao,China University of Petroleum,Successful Participant,
2204394,Wu Yannan,Zhou Zelong,Zhao Jinxiao,China University of Petroleum (East China),Meritorious Winner,
2204395,Tan Jinhao,Li Yidi,Lu Lu,China University of Petroleum,Successful Participant,
2204396,Xia Shihao,Chang Yile,Cai Herong,China University of Petroleum,Successful Participant,
2204397,Huang Mingyu,Han Mengxuan,Zhu Caimeng,China University of Petroleum(huadong),Successful Participant,
2204398,Wang Xiangping,Wang Hongquan,Wang Ruinan,China University of Petroleum,Successful Participant,
2204400,Shichao Rao,Zihan Chai,Chenhan Lin,Northwestern Polytechnical University,Honorable Mention,
2204401,lruyan,jiangkebiao,zhangxiaoman,China University of Petroleum,Successful Participant,
2204402,Zhitian Hou,Yingxin Zeng,Peiting Zhu,South China Normal University,Honorable Mention,
2204403,Jiajun Li,Ziteng Zhu,Shuangshuang Han,Qingdao Agricultural University,Honorable Mention,
2204404,An Tingrui,Yongxuan Shao,Yanshu Qu,Shenyang Aerospace University,Successful Participant,
2204405,Chencheng Hao,Yexin Wang,Ziyang Wang,Jiangsu Normal University,Successful Participant,
2204406,Zongwei Chen,Shuren Liu,Xinran Qi,Harbin Institute Of Technology,Successful Participant,
2204408,Zizhao Ni,Zihao Peng,Linglong Chen,Beijing Forestry University,Honorable Mention,
2204409,Meilin Jiang,Jierui Liu,Yihuan Cheng,Zhongshan Institute,Successful Participant,
2204410,Yuyang Huang,Xiny1 Wang,Xingyu Hu,Wuhan University,Meritorious Winner,
2204411,Bin Jiang,Hongqiang Dong,Yuanzhen Zhang,Ocean University of China,Successful Participant,
2204412,Yixin Chen,Xinyao Wang,Zhangqian Zhuang,Ocean University of China,Successful Participant,
2204413,Jiajun Wang,YipengChen,Sirul Fang,Sichuan University,Successful Participant,
2204414,Jie Liu,Weiyu Chen,Shiquan Wu,Tianjin University of Technology,Successful Participant,
2204415,Xiuqi Huang,WeiBin Chen,Dechen Zhao,Tianjin university,Successful Participant,
2204416,Enda Xiang,Xiaoyan Guo,Enyuan Yang,Beihang University,Honorable Mention,
2204417,Zhurui Gao,Miaoling Ma,Wetyi Ge,Zhengzhou University,Successful Participant,
2204418,Yang Xinyl,Zhang Shuyuan,Guo Mengyjie,Shangqiu Normal University,Honorable Mention,
2204419,Zekai Li,Yiming Zhang,Zhenghao Lu,Beihang University,Successful Participant,
2204421,Junkai Huang,Jianwen Tan,Ruihan Wang,Dalian Maritime University,Meritorious Winner,
2204422,Xiuwel Shang,Fuqiang Wang,Shihao Gong,Dalian Maritime University,Meritorious Winner,
2204423,Boyu Zhuang,Danmeng Li,Danyang Li,Dalian Maritime University,Meritorious Winner,
2204424,Xiao Hong,Xiaobin Lin,Yuxing Zhou,Dalian Maritime University,Successful Participant,
2204425,Zimai Dong,Chenghao Zhuang,Jiaxin Guo,Dalian Maritime University,Honorable Mention,
2204426,Xiao Liang,Haiyia Lv,Qilin Yang,Dalian Maritime University,Honorable Mention,
2204427,Wenting Zhu,Shiryuan Xu,Qinghe Liao,Capital University of Economics and Business,Successful Participant,
2204428,Xiao Beihuan,Wang Styu,Yige Yan,Being Jiaotong University,Successful Participant,
2204429,Yanhan Li,Shidie Zhai,Zhiyuan Zhou,Dalian University of Technology,Successful Participant,
2204430,Miao Yu,Yu'ang Chen,Jiacheng Li,Dalian University of Technology,Successful Participant,
2204431,Tao Peng,Shanbin Mo,Yiwei Shi,Dalian Maritime University,Honorable Mention,
2204432,Xinrui Jing,Wei Cul,Yan Liu,Dalian Maritime University,Successful Participant,
2204433,Yanping Shi,Meng Lei,Yexuan Zhang,Dalian University of Technology,Successful Participant,
2204434,Zhiqiang Cheng,Wenjun Zhang,Zihan Li,Dalian Maritime University,Successful Participant,
2204435,Meixi Wang,Jiayao Xu,Yuting Cheng,Dalian Maritime University,Successful Participant,
2204436,Caimin Yu,Fuping Liu,Xiaochun Yan,South China Agricultural University,Successful Participant,
2204438,Runyang Li,Mengru Liu,Yinghe Ma,Dalian Maritime University,Honorable Mention,
2204439,Puyuan Deng,Bingyi Zhang,Jiangyong Lu,Dalian Maritime University,Successful Participant,
2204440,Mengling Yang,Xu Xia,Jiayuan Zhang,Dalian Maritime University,Successful Participant,
2204441,Kaiqi Han,Kangyjie Lu,Yichen Wu,Dalian University of Technology,Successful Participant,
2204442,Lingfeng Li,Weifeng Xu,Tianhang Zhang,Dalian Maritime University,Successful Participant,
2204443,Wang Yang,WuJiaming,Wang Yunyu,Anhui Science And Technology University,Honorable Mention,
2204444,Zhenye Yang,Liyu Cao,Siyang Liu,Shanghai Normal University,Honorable Mention,
2204445,Jin Xiangling,Han Zhuoyan,Ma Shiyu,Yanbian University,Disqualified - P,
2204446,Ziming Zhou,Jiale Yuan,Zheng Luo,Shanghai Jiao Tong University,Successful Participant,
2204447,Yu Zhao,Yu Liu,Huiyjie Tao,Dalian Maritime University,Honorable Mention,
2204448,Hong Zhu,Taolan Liu,Yixin Wang,Dalian Maritime University,Disqualified - P,
2204449,Jiay1 Cheng,Jingqi Zang,Dongxin Lv,Dalian Maritime University,Successful Participant,
2204450,Jiyun Chen,Shuai Wang,Muyan Liu,Dalian Maritime University,Successful Participant,
2204451,Yunze Huo,Yifan Zhao,Ting Li,Dalian Maritime University,Successful Participant,
2204452,Feng Han,Zhongyu Fu,Miao Liu,Dalian Maritime University,Successful Participant,
2204453,Defu Cui,Mengyie He,Tingting Chen,Dalian Maritime University,Honorable Mention,
2204454,Huming Zhang,Xin He,Yinchao Han,Dalian Maritime University,Successful Participant,
2204455,Zhuowei Fei,Yuxi Wang,Ruilang Zeng,Dalian Maritime University,Successful Participant,
2204456,Yalu Chen,Shengao Qu,Guangyu Xie,yhejiang University of Water Resources and Electric P\xab,Successful Participant,
2204457,Yifan Lu,Shiyun Li,Ruiyi Meng,Dalian Maritime University,Successful Participant,
2204458,Tingxi Xue,Jiahui Song,Junyu Xiong,Dalian Maritime University,Meritorious Winner,
2204459,Yingying Zhang,Wenyuan Cai,Jiayao Yin,Guangzhou Huashang College,Finalist,
2204460,Xianmeng Jiang,Zhibiao Wang,Zeyu Hao,Beihang University,Successful Participant,
2204461,Boyang Li,Xiaolong Ba,Mingchuan Yang,Civil Aviation University of China,Meritorious Winner,
2204462,Xinxin Wang,Kenan Wang,Jinghao Zhou,Capital University of Economic and Business,Successful Participant,
2204463,wen yu Jia,yong wenHua,pei peixie,Tianjin Railway Vocation and Technical college,Successful Participant,
2204464,Yibin Feng,Chuanqi Ma,Zheshu Chen,South China University of Technology,Honorable Mention,
2204465,Bowen Zhang, , ,China University of Petroleum(Beiing),Successful Participant,
2204466,Yuxiang Chen,Chang Li,Zhiyu Zhou,Shanghai Jiao Tong University,Successful Participant,
2204467,Zhenzhen Zhao,Shuangkai Wu,Jinrong Liu,Jiamusi University,Successful Participant,
2204468,Ruolhi Yang,Tingjing Liao,Tao Liu,Central South University of Forestry and Technolog,Finalist,
2204469,Wu Jiaji,Zhang Zixuan,Shen Zhiyang,China University of Petroleum(huadong),Successful Participant,
2204470,Boxuan Wang,Yiyang Wu,Yixin Huang,Shanghai Jiao Tong University,Honorable Mention,
2204471,Jing Li,Tianqi Wang,Meng Li,Northwest A&F University,Successful Participant,
2204472,Weixin Yu,Yujun Zhang,Qian Dong,Shanghai Jiao Tong University,Successful Participant,
2204473,Zhang Yunlong,Zhao Yuqing,Luo Rongyjie,China University of Petroleum,Successful Participant,
2204474,Jinzheng Kang,Yifan Li,Yongle Zhou,China University of Petroleum,Successful Participant,
2204475,Zhang Hou,Xingyu Qin,Kefan Tao,Beijing University of Posts and Telecommunication,Successful Participant,
2204476,Rong Guoliang,Duan Zheng,Zhang Chun,China University of Petroleum,Successful Participant,
2204477,Li Ning,Liu Xuanpeng,Bie Tongxuan,China University of Petroleum,Successful Participant,
2204479,Jianshu Wang,Ruohan Zhang,Haoyu Wu,Southeast University Chengxian College,Successful Participant,
2204480,Shichen Pan,Qidi Cheng,Chenkai Kang,Southeast University Chengxian College,Successful Participant,
2204481,Jing Yuan Hu,XiaoHan Tan,Ming Zhao,Beihang University,Honorable Mention,
2204482,Zekun Li,Wenyi Cao,Bowen Dong,Qingdao Huanghai University,Successful Participant,
2204483,Li jingwen,Su yidan,Wang chen,Northwest A&F University,Meritorious Winner,
2204484,Li yixin,Tian yun xin,Bai chenying,Northwest A&F University,Honorable Mention,
2204486,Xinting Dai,Liping Liu,Ziqian Ma,Qingdao Huanghai University,Successful Participant,
2204487,X1ao jinxin,zong yi bin,Zhao cun an,Northwest A&F University,Successful Participant,
2204488,Muyao Liu,Chaolin Xu,Ting Zhang,Harbin Institute of Technology  Weiha1,Successful Participant,
2204489,Ying Li,Darui Chen,Linghan Wang,Qingdao Huanghai University,Successful Participant,
2204490,Wang miaoqing,Wang xiaoyu,Shi xin,Northwest A&F University,Successful Participant,
2204491,Zhifang Wang,Yongbao Li,Ce Ding,Qingdao Huanghai University,Successful Participant,
2204492,Zhang zirul,Zhao mingen,Liu mingxuan,Northwest A&F University,Honorable Mention,
2204493,Wenfen Zhu,Jie Deng,Zhiqin Yan,Qingdao Huanghai University,Successful Participant,
2204494,Haoquan Xie,Encheng Li,WeiJia Wang,Qingdao Huanghai University,Successful Participant,
2204495,Bo Zhang,Wenjing Sun,Wen Chu,Qingdao Huanghai University,Successful Participant,
2204496,Keyi Zhang,Bai Y1,Chengxin Zhang,Qingdao Huanghai University,Successful Participant,
2204497,Haifan Zhou,Qingwei Zeng,Wenjing Zhou,Dalian University of Technology,Successful Participant,
2204498,Li Tian,Lingjie Xu,Jianyang Xu,Dalian University of Technology,Successful Participant,
2204499,Xiaona Zhu,Weny1 Lv, ,Dalian University of Technology,Successful Participant,
